x,c,u,t,t1
2.965857285783585,3.735829797930845,1.0752128444063018,4.004950226171781,3.9433108625798297
3.4576965840293323,3.8802148242195584,1.6923681897415137,1.7594235138460306,1.5232861634524844
4.117914334892427,8.18487310764456,1.535794129375148,4.7743132243404345,4.764536698918258
4.260252397398946,3.5273125205428526,1.4347792048521495,2.077968245238498,1.736864325025382
3.9587534246443448,8.508910273801796,1.0857337277761443,4.268784382481309,4.244111302500228
3.424404298527249,9.852032210718466,1.0832200573800934,3.058770455464252,3.0389786213595134
4.580193306509655,5.821619556581451,1.2664104907937277,4.284552126185809,4.214327834605949
3.460325307789517,3.9683306041906072,1.672090406065747,1.4948990143520096,1.243232864277337
2.657087753886184,4.929910552346959,1.6196063781522407,4.935647123522539,5.038228412827247
4.690538487392004,3.182915448483654,1.867150993361221,3.9588455982940025,3.8208496302169057
4.617537709043296,9.051453908137288,1.091578745655286,2.2650290718182164,2.219707747082936
1.665098969376796,9.917689826838236,1.5475756844995656,3.889559217925299,3.9112724624838457
1.9975938091340324,9.1403378287958,1.6664545871744867,2.794668951721926,2.801783058726278
4.145989314137534,4.9424140217881,1.2171042823165394,3.086229288532516,2.9711522672354334
3.0421035616995016,6.416933018354596,1.5311227512636432,1.359904221550651,1.2838698368419317
3.3471632659451678,3.4851584569425618,1.091889608723288,2.98322795189225,2.824536728201628
2.2058659366295723,8.228653685635695,1.719527521105178,1.1790068401206533,1.1483410326616723
3.94621417896669,9.326006828544614,1.067723097244246,4.850936007351261,4.834278730545618
2.912396353024728,8.934687403757053,1.949949203084313,3.4244963424281094,3.436188734666973
3.911291722302906,9.94145638764902,1.3157584411096968,1.247453561202713,1.205991671515463
4.454147487742361,3.633685127472213,1.7103764036257272,3.234328829127367,3.011864486460039
1.8585681184118357,7.909386330156354,1.9234635246292369,2.22997000603645,2.2400737462957947
1.1143800934333117,8.852643388494972,1.834842677429373,3.262565716562438,3.3083155661291097
2.644356353583093,4.617455751357081,1.839196495293088,1.8902999151003348,1.812147463115966
4.878217320792095,7.67677193248085,1.0355579203146463,2.616025734248728,2.5536470866609022
2.2429331448480143,9.023934383380787,1.3132836763991114,3.4976581826717417,3.498735145344153
4.831412713666266,4.4254740549951626,1.121737831676211,2.5412060252173347,2.340931626438231
4.610992932013845,4.305276206912972,1.4087173006234444,1.4241068347767318,1.1362101283632564
1.6169307604225025,6.063940706471401,1.6548681864972168,4.0680942139604905,4.152965693891996
4.537074246934405,5.216139469008578,1.3707381601618482,1.3621301627498903,1.1748449709709388
4.779541861068857,4.826354264459021,1.6117709621268932,2.6477945082404317,2.4582070796066704
3.867244454325944,7.0103426062227285,1.1115723608758266,4.11534082824906,4.079479733860055
2.280438513147502,8.921827732540494,1.2692229984755363,1.7041985306643204,1.6849738824475586
3.413126030745401,6.399981530072109,1.4971431248682625,1.9389690020782733,1.8659883674565496
1.6765896797017097,5.89799603171161,1.816117266650508,4.280879531074509,4.407500623995558
4.610770476740647,5.270079643955459,1.1433758163830996,4.631499278601768,4.550061569305427
3.264520368376407,5.691754443729005,1.047399171437132,3.4436935913682367,3.39614616420602
3.0332383811459582,8.578060027222474,1.611936831187859,4.784801849175681,4.803934370366914
4.4469412769331065,4.223039057243661,1.0713759978393549,3.042762529706146,2.8694935527850225
2.010836419481868,3.015011868164725,1.4581589969286752,4.7786175248476095,5.091066702624414
1.129013943383789,3.109040327376917,1.0420241503788816,3.307022046666615,3.380856471731044
4.270209715930249,7.319881974746033,1.0181303831862525,1.2346832716226808,1.1648644669015875
4.591656406689964,5.101970410796347,1.661587992035837,2.055588438553265,1.86411653073252
1.9744692247465536,5.378020273017832,1.6334014202035925,3.580247220555687,3.640721650067668
2.152045202721193,4.613171511615727,1.3281419911194372,1.182551339073823,1.094590071589618
1.6131334222415,8.45603670459364,1.2379176746978302,4.428364722597316,4.448362871154365
1.765493120575807,9.813835184148145,1.7419308065665873,1.5224856751404183,1.514604176256764
4.710951072590389,8.491699610315528,1.4528385211758503,2.9981013080034256,2.94663242528854
3.9813771075920408,6.007731307786134,1.992967460125307,2.5625564088783497,2.483337310242453
4.563579609019171,6.102264057749645,1.1986579245177928,1.7428745064073898,1.6276857801655145
4.301528769528498,3.395973510425029,1.6050462949798847,4.7285752762509645,4.686374098155511
2.6355670389729733,8.095822242813666,1.359563962712437,3.345485909037345,3.33822423502993
2.0539307811435643,5.423237510669611,1.7901251925125294,1.0799445719468426,1.011633031238371
2.834826574142149,8.828914878534821,1.1529266837113616,1.6207130083742167,1.592419874558486
2.9192661627112453,4.94907865786015,1.333728456956973,3.3563624793100137,3.3202393208883945
3.845270295004428,3.006914624360137,1.1263265822059054,4.695439740838768,4.547505692571897
3.547457969204007,6.211318520345634,1.6939564786588237,2.3040804196072,2.2329665084518253
3.5110492474536006,7.620953231121368,1.301396517909806,2.6037551661649254,2.562723853453719
2.843730703386189,7.205222723011101,1.976618825276664,2.923868867965951,2.927926021116298
3.2431069581123557,8.36799287438943,1.5470416810957288,2.091747110750627,2.0555299211452502
1.0657157741758825,3.0396714096234825,1.4709816879661624,4.765804431276733,5.252081771879607
2.5720307497447177,6.972020504792889,1.244656051366597,4.264241809990878,4.266927796480527
3.670268564836378,7.204859504540381,1.1292759635167329,4.869532499104366,4.849628073703972
4.059633826369638,3.818073126674385,1.0700638541853105,2.308018884206242,2.093942797495813
4.705771463315435,5.440225503106897,1.5843278388506912,3.335059247632996,3.222846456459996
3.976805911483381,4.288300398270641,1.976315923606468,1.6022477118942977,1.3238300311606646
3.2857980247857945,5.743111137144858,1.5292050530777292,1.5291981987074887,1.4284262825225873
3.935880710626246,9.888003935568086,1.5283323887508136,3.508576142266044,3.488980451911831
2.8042822022393983,7.0127358558897575,1.6388364018169006,3.769426640804723,3.780662054624616
4.100344855378679,5.941904351882867,1.2760783536080509,4.394719799262954,4.347971457597097
4.1716127912630725,3.2944554484716155,1.1224308525084252,1.9245683109681089,1.5881709679271274
3.0971645985384595,7.692588136879923,1.5907625566636554,4.762925332913754,4.783053204812859
4.064260541919285,7.800028009372336,1.839830637541541,1.2795008032682669,1.1901792793345978
4.685595725687985,6.869302662304846,1.0906452892139238,4.294627571223868,4.240112830259309
4.575248898898439,8.406074714669536,1.818349138106433,1.9864306023993592,1.914011937718167
4.7874758023493165,7.553244215014449,1.5870484890318317,3.674550336060333,3.62223331490004
2.003383967113929,4.492574288011799,1.0184824391961422,4.1291472862064165,4.135731538085634
2.9161943735990614,5.416777594735635,1.0138730993378815,1.953350409275905,1.8859131860713136
1.3996733805551598,7.156159510500151,1.6695050612337037,2.3053056868031723,2.3237988481406893
1.573333836466951,9.230555641543445,1.8207569776006096,2.9350173093305805,2.959543221942611
2.4240319171732416,3.087652183212453,1.1568936713047433,3.230252408776209,3.1667906807413537
3.801855364093332,7.0016800164704085,1.122661233146896,4.6949144478737015,4.668250041325641
2.2435319268842675,6.904673106182443,1.9352788118280024,2.315777931594489,2.317602035213268
4.334645744011173,7.357624864743252,1.231991239078133,3.0782064781679668,3.0222281461201934
3.010933863720255,4.659183785128363,1.4246097270279243,4.620978088156866,4.645885972498519
1.736752838614961,4.002365523696327,1.182546073567892,1.2425022834631547,1.1663649586906548
4.223736370093242,7.7402143481296655,1.526740126368483,1.3096051511841802,1.226057074167735
3.4315020459910475,6.557090771915238,1.4945729351618606,4.966031041749661,4.977778089644775
3.7982887745872262,9.976073394500728,1.2048427847438834,1.9656104020095877,1.9337822649027725
1.267323622568378,3.185243998978994,1.5258773213091723,2.7360945335266265,2.89989074097517
4.715282905666985,5.98533537898764,1.55722240926295,4.158728605900636,4.094778666785582
1.698048404617757,4.204973832100409,1.8130981586906256,1.2134482796049126,1.1519104019757191
4.637106630973914,4.101348385927608,1.9972113805379184,3.938372505644893,3.878763001590962
4.337123489360804,6.8334215985396245,1.475792755939398,4.052243584447427,4.009799463113235
4.120421500748421,7.528077080138363,1.5167183622607414,4.6408551027724405,4.625430282110869
4.968243804561361,7.382406644207536,1.654983266171218,3.494817996087193,3.431282133308659
3.3791107805730043,3.1790851672629445,1.4943016164270704,3.4860417750868864,3.383498300420116
2.797809816611127,9.084194430344793,1.5130704520488054,1.998577848697412,1.9748658939745285
1.7665331255671108,7.900710826755248,1.083480067899368,1.033013059716346,1.0119108079987238
3.733913353988538,8.5999872049069,1.0855293699358233,2.426300884648023,2.390618030727198
1.0991256315048972,8.38232035067536,1.8403994959882788,3.9854020470958944,4.055570255100335
3.718223462079508,6.722862773474537,1.328300459832106,4.941446350124645,4.929343615914521
1.9963259237834905,4.902834127605019,1.9200077981688977,1.3818488335403831,1.3284997126036089
2.08628901247494,9.078004961764924,1.0784608739783197,2.6026918776712917,2.593757908301896
1.6931012632973852,7.49478702925763,1.191133478240033,2.782386356724294,2.7818406739492008
4.616242535339173,7.958057202383413,1.5885797416525786,2.508758630403141,2.442116357374266
4.801533326597483,9.359719331903577,1.2660890364154405,3.820630230107564,3.7860350619223495
1.0203175077208049,5.2555709293547,1.0474250027249927,1.0792143861694283,1.0618239611568836
4.860831664039512,3.4798123587975027,1.203853999458086,4.202489889736286,3.964010269759783
4.331749772699945,6.036717230890487,1.2525809533234482,2.554289255260555,2.4589135173384014
4.349122450025139,5.622604854364832,1.743179361596627,2.339599411376041,2.2086146728332468
4.199654273448306,7.546576830113077,1.575650861710303,4.754456349426914,4.7427940332590826
3.069011189697082,7.016534627179396,1.0320066049467291,3.2912142056814178,3.2623614417812634
1.4003550068564534,6.177015599673899,1.3781713065498196,3.129598481143633,3.158638857726415
4.960610534647381,7.9378580737250815,1.5615358051675838,4.4491772205348585,4.4124616653064725
1.6955598046399731,3.955059276102983,1.2182284069277296,3.499405330674719,3.5394415848951506
2.473438589808885,9.153446320659905,1.0189643299618816,3.801525998258668,3.795032818886673
4.264349000319546,9.552372901961718,1.8370932590602067,3.533350560681336,3.5130761807083037
3.936483389134404,3.353538812653245,1.0597431244384086,1.7083238158370824,1.409618405353296
2.2007652025788653,6.591904556006099,1.4027103716561848,3.558462679605332,3.5691632823562376
1.9594512528557917,6.336957559679368,1.5145138174048371,3.221028727006386,3.2410531698144665
1.6062230224508802,3.088987761226604,1.9348579802853296,2.719538893153673,3.0708950953164798
3.709298070130737,8.471328732948372,1.2891199372650382,1.3138022720769529,1.2618665473539523
4.7097058567552015,3.9688028192929417,1.578807489012905,3.440296566557538,3.2352322724043834
3.6939568273236,3.4988915514867616,1.0805758526588578,2.8085785469962663,2.610120147400957
1.2827646778287085,4.801977685726513,1.7293090848438493,3.5993448595250825,3.7550945710229535
2.5662571090609805,7.428309621439387,1.2788655505573714,3.317479064356916,3.307385793731257
1.2033950922505046,8.529794207198819,1.4717626000064552,3.163459527586484,3.186914621904062
1.6243625422732793,4.271396292214906,1.838850080869426,2.547488887371176,2.641039759246594
1.2891252019649435,6.456848312951872,1.96496140626716,1.2829233732717036,1.2830193809473107
2.360316149771397,5.98407067051036,1.5993302328109666,4.3137144341386,4.367159783634852
1.0947901635654196,7.197901037718431,1.9121191646563849,4.748233918083442,4.883287160635279
4.8098301616636245,5.026387788231212,1.6804944983284782,4.546736627070473,4.484892056309644
1.422866670324189,9.466851982226782,1.4725366486828717,4.780456953854474,4.815692250505438
2.165901016467155,5.199752461059802,1.4590950635089992,4.4682219910117045,4.533482437288832
4.963141773575282,8.430336035482208,1.826210317652662,1.470693925746004,1.3758312148628853
3.806547851416913,8.621519152671695,1.634086337155329,4.749416487759564,4.751866415838236
1.993580601078237,8.39309757444568,1.6350708691616522,3.3675866391748737,3.38619079238134
1.9859023129961764,4.197084847365399,1.445294604043986,3.6998606295589305,3.7673387036858057
4.3271982034811565,6.3498032752057085,1.685689426785116,2.2264502348964093,2.1216676795737763
1.3506276914850113,9.987507250958735,1.0359926774823318,4.621781739252498,4.632745130151595
2.613917328719002,9.678626396300649,1.3776832702430457,1.7584703788477207,1.737722193689862
3.433251678660584,5.916845291648636,1.8634038200366856,2.260078466368366,2.188713404885818
1.7135051207044394,5.105610704228363,1.1861253456473702,1.2338704494399808,1.1884169220888896
3.911491796652253,4.178702727763127,1.3319869124819557,1.418032629129263,1.1812790108828215
1.031958403264321,5.440022921189821,1.1745116799319617,2.168453144046304,2.17888602422165
4.523234440558002,8.019525514696188,1.6025801712626522,1.377336304720942,1.290657011463103
2.94160011650456,8.374778221845578,1.1091920565979514,2.274930019283615,2.248215367133473
2.3935541743987327,8.28971573471311,1.7275107216435135,1.8338173430548848,1.8134605299705109
3.759112563720658,6.915428784805034,1.5843302160238206,1.4408132551776176,1.3522438874401517
3.9968361109727866,5.854611138915549,1.1383659515182898,1.4102694375744314,1.3023859362363828
4.421055472607884,3.301344220796632,1.846550089983432,1.2253640499052834,0.5746151396868614
2.8450748437276565,5.739457321390326,1.6298773590995788,4.556661913749835,4.605497046494161
3.428342950103563,9.622577020933662,1.8652121280605252,1.4857430897165456,1.4440712294951354
3.9907169798839353,3.4925945726230503,1.7447854491009211,2.709285881377754,2.468579636182572
1.238403955836516,4.656378835599831,1.0310412866268268,3.3384363887180744,3.363025816836813
3.458708925879673,9.509799291152191,1.236695438839309,4.100584709335584,4.088002231816089
4.8291095738290135,3.2353810156127394,1.6904385912982585,3.505895470376597,3.1971413341406087
3.349045660616176,5.68285764302235,1.3354368322039458,4.401914659066454,4.3862560655553295
1.866190385089564,7.281241988429384,1.827384343363743,4.725996868242534,4.815804971207445
3.8477661554306,3.3362149922683404,1.0808975383904058,2.505587082806332,2.2534701473331875
1.9617972934734924,7.587984952000457,1.458529657267354,1.541325586254953,1.5199735472500588
1.1898168234529929,9.94215500939909,1.8915971631234847,4.096669946113329,4.149700488636133
4.006314090629963,8.511992359933574,1.419521040453047,3.212470617471405,3.1784894118328197
1.1529076875576043,6.533059613807997,1.2451269468819364,3.8681165569545457,3.906081343386597
2.44938756275838,7.481411417496077,1.2536968865576177,3.259489476440534,3.250591537666663
2.525549121488761,9.185613185753002,1.0551791902573773,2.0711166594195403,2.0531240670747635
3.617858626511488,4.972703914563311,1.685871064636345,3.7595665309780646,3.7340514653030064
3.3923922704604204,6.02878116009483,1.2745722913976605,4.1677298629425845,4.142399807937196
3.4953699987094127,8.985131972993942,1.677366571635958,1.7138690578885845,1.6706152924754538
2.7857760211724534,9.768730400841184,1.8673590655477577,1.3866252694057324,1.3571388546381968
4.553806236325904,3.531284730205126,1.9457902640069773,2.4259284882604923,2.055567087529759
4.378337108379292,7.322957509090711,1.241708263478292,2.766322120958974,2.704098780202235
1.3153134182001822,7.009756130022188,1.59229087964423,4.578030552904539,4.657150126530323
3.2745743777502514,8.736180571200315,1.3236227900759463,2.3449573995859336,2.314890775080567
4.070245065629468,3.3576839850504565,1.779037101576272,4.907401168173821,5.029044425916213
1.0037069433220278,8.087802008274833,1.0742351933292222,3.2871109481018745,3.299864555116815
2.1796956825569103,6.408531628070877,1.2098774229644182,4.086896095597707,4.096347467304038
3.02975074897604,8.47691841034936,1.4920674334365978,3.340180439522011,3.329248619366783
4.628733803416436,8.330495332961409,1.2069726315761564,3.914790647121628,3.8751760668175943
4.915307812458906,3.0210252740039065,1.6443424424471431,3.075202559591122,2.61012383704887
2.663191056511223,8.177564834698913,1.2439172492945878,3.068001423593154,3.0540018630372217
4.188079619613162,9.1458299845238,1.7457256463537398,4.387537397957064,4.380673665272969
1.174093897685001,6.478115405953462,1.7358853146700537,1.956247755505016,1.980095223525118
2.556819262692981,6.684168492368092,1.001414675478349,3.913738006349627,3.9004521025299534
2.241699421383087,8.536886226543091,1.2463075355966238,1.6877380646239009,1.6672655354820878
2.07062098256766,5.223558441291589,1.7088294165457227,2.85785075256991,2.8870278266630485
3.198533171899468,6.893309483537885,1.876871171029714,4.408538815792548,4.4503372565535
2.665523190050267,3.0527098720972585,1.8318285834608847,1.981381491416189,1.8218931287455224
3.9874702151822663,4.846293497855974,1.0255444754278549,1.704782618977294,1.566136950862198
3.5947445505263413,5.185461834566548,1.4201950301159352,1.135497120813139,0.9832286686185564
1.1061478643483835,6.716940443599802,1.9649703432431056,3.206781109832264,3.3031050920608847
2.5055052251267798,7.199113038341466,1.125103266683494,4.395011430983557,4.394620204277544
1.7627913377657216,7.973017701589099,1.1497621589953613,1.1374420728671444,1.117236567613909
2.522193706028721,9.11292069024605,1.119735195880634,4.546163839054118,4.546608606638825
1.914286473761281,4.708692953783668,1.0342474448795766,1.3770544856548574,1.3199936022242087
2.8896819733133023,9.578272124758392,1.5699881351890523,4.648268442185012,4.6618692765977885
4.091914693620538,8.762393755461662,1.8202301346370973,3.6828832241967486,3.6658428299319854
4.722856110449758,9.682243863729354,1.869585112552199,4.09212300672737,4.074617896463337
3.8218071709907258,3.0224983968952275,1.9066804594923663,4.868617227294694,5.246616304984308
2.827683035749042,7.47122801328858,1.8112240048182329,3.1635997945729097,3.166298516771459
2.939665790212077,6.897114845535056,1.5181548079062703,2.8875504851295,2.863975743710641
4.727597905497362,8.277133698078243,1.9166207838759528,3.0270066802950715,2.9756230685385643
3.510701446837849,4.048268138943663,1.0242894516240255,1.7058977740477763,1.536471686449688
1.4468064988777862,6.02128074527721,1.697210033816075,4.688718747916677,4.816276225253607
1.851895366048177,7.091204979146693,1.0902302867188456,4.775291501696894,4.792115504733172
3.6514429716180032,9.249212475098972,1.4043642846495747,1.917267673259178,1.8791121985317256
3.051270660900459,8.891220049814372,1.3738676321275745,1.902101452266316,1.8715515861456344
1.267235534774822,4.7647382436689885,1.2652233991633377,4.634986277002279,4.734324807657083
2.6685668784779035,7.960413957810912,1.497058047610547,1.2398559796070758,1.198191063333848
1.454228863958341,8.266279072906812,1.0415624810304078,3.192923326610332,3.196230525228825
1.492306078000468,5.602882518830551,1.596927794060704,3.818091423510615,3.9041130054989344
4.600824429373533,9.96501279469858,1.2526397172731003,4.642229854161883,4.620846077789295
1.1951819925668414,7.86081847782855,1.9647114198959548,4.830963875567096,4.9500677601128205
4.116548125464593,8.575009752733031,1.4166090317056947,2.493499095005932,2.4478253900137146
1.964067146740928,3.871087259671925,1.2548805501388027,2.7429926337635075,2.725709417601216
4.864829347528374,8.960461457054489,1.977024906836344,3.440907555156697,3.4050329803536825
4.097533981350523,3.873802796548855,1.5036455837664262,1.638750402068862,1.3326651005313872
2.320869263327308,6.170455390863851,1.8425072011666888,3.7136266744124886,3.773468474068544
3.1449553200893585,8.322999429788712,1.266572088323819,1.8834202409056864,1.847434714051687
4.2046377649596245,9.861345502459953,1.0351323101390473,2.6606988523534496,2.630474746597952
4.5294496996639655,5.50270017653707,1.625544313011707,3.587474094250509,3.500539279937388
1.9694492890613773,9.972255021084592,1.2323113361553053,4.4554963794365126,4.465316434778573
3.843972114003862,3.0608486307192377,1.4374942923343468,4.632089077557239,4.578640934995798
3.511950894161569,7.426742228202024,1.772349612615821,1.041374363553084,0.9561504841058476
3.160166933087785,5.484529312845197,1.9711339437219688,4.934422072906619,5.065815053143972
3.2960119460334645,5.653877102461209,1.0562742556914295,1.6715903017866065,1.5906853069287876
4.92153832067544,5.950231664444962,1.3085479201656178,1.2786879116160934,1.1243165444015724
3.860325371280646,9.080934139455549,1.3544586618526155,4.211203154717668,4.194719703883155
4.658864642083092,5.930096664160191,1.5082954621037596,4.197856965048109,4.133988230370179
1.9048629146245328,9.74928518722281,1.9575800133146732,4.222068452124426,4.269795941513545
4.057943062677838,5.263480693980142,1.951734835556861,4.991229542836713,5.06654561703829
1.7831542857236813,5.586918903992368,1.0725485841283344,4.843395669408748,4.872757959695918
3.0795924158164776,8.748295628161067,1.3802734869280593,4.848337890001635,4.853588934744536
4.213565937647333,7.998851346859533,1.9942163033998712,2.1708945939946043,2.106067002690171
4.554135996575814,5.65832172524219,1.359615073546937,1.3554821846304006,1.1971607694758766
1.8221171872462063,9.434830642653484,1.8797577432269696,3.0937872599906515,3.1178169062071848
2.766489026749549,5.929682230726609,1.7937452166091452,2.9984795289723376,2.997798404498237
4.748118608962049,4.445026236627438,1.177332681210382,3.827899381408767,3.6762701987596142
1.2836022531028286,7.594828262432581,1.588308640763969,3.5182142295779766,3.561624514331416
4.037201649460067,5.28930407774144,1.7875356706412215,4.065826089814474,4.045924542229646
4.479791141123826,6.006741673590293,1.0476780929313163,2.159279117021951,2.060787978984732
1.5653294252024563,7.102107480470644,1.7621916301721647,1.4255119164625696,1.4150761468671067
3.56378927872621,6.481970526338001,1.352644146250079,1.741052897196011,1.662932130981168
3.553352373430612,9.959378300677727,1.7444331377419495,4.505500202480738,4.512771035394007
4.233825587009396,8.021578320526082,1.4072813768937358,4.866371513028557,4.848979527832938
3.410094854140091,5.614092872637492,1.532645583743233,3.684605188655557,3.657722361180293
1.143935546543681,6.0586634235319705,1.076708664440256,1.851940948741503,1.84779971924044
3.4280056307726783,6.756110189250497,1.335324694905217,1.99718886446124,1.9350768461682848
2.828559284528561,6.134104494980527,1.6811652614516237,4.433503020696748,4.478609759192241
4.352236482047081,8.406438276557868,1.4716161650981248,1.9629774061980183,1.9017111782945333
3.199303951723861,5.721424618472291,1.649154914872958,2.1293572468243647,2.0554149518747584
2.801950708376184,6.367239711126056,1.032158559301493,3.9652244566578583,3.9460816570833592
4.550481287821082,9.982179761610858,1.887472949273232,2.1446405800032964,2.096259239594746
4.65820657893749,5.333840282908831,1.937155285527485,1.1041186091367343,0.844612186379276
1.1952976163594302,6.263816621688674,1.4832260220996347,3.177852161827236,3.2243663528635205
2.7929142186955414,8.497623082851906,1.2504525408074674,2.925458721416528,2.9087594655039424
1.2212595502110943,7.731319353784183,1.404951270619506,4.111251296556798,4.151671606874124
1.5302761400650835,3.7924667696239487,1.0077423521353253,3.4292592025636,3.445921252623116
1.068873460072184,9.562773121444126,1.3437258095456586,4.386153243001843,4.414243644220758
1.64496370576077,8.846444380876617,1.705484111550619,1.3234157568134548,1.3121834995352009
3.65848153406317,6.162298696916711,1.0508247307895835,1.85918212688942,1.7840742850264932
1.0810420821770066,5.765035545862821,1.9766812702482524,1.7635463900301804,1.8089050144190624
1.6217492317357691,8.821017715771745,1.5380164212089218,3.4595769322556,3.4808395390044464
1.8112072696602608,5.235006048434818,1.23384500065803,1.8608114508329237,1.8308456031530955
4.786274981774073,5.495137414718369,1.857116744009336,2.195707420781621,2.020212500093339
3.7262832678040256,6.310114992363074,1.724998889937706,4.302811515948781,4.305376123474413
3.689537341859838,7.182919572672719,1.2074242116201086,4.245205886932756,4.218894995547104
1.859908008429308,6.661214675648199,1.7956929929068863,3.2965001897796347,3.345066933837741
1.1563199715087893,7.154364031363528,1.6838811264004991,1.4461204120052056,1.4487800295554782
1.628066150362354,3.77424795018148,1.8155819127111248,3.2182295886604164,3.434172224905185
2.8863799505087275,8.082472523198366,1.5532284570247012,4.099522369797256,4.107452619302131
2.6324667946866103,4.863492238046925,1.8225936994000835,3.829769272022816,3.912012375271929
1.5947242236391306,8.830230465795523,1.416367691735742,1.8860016378341085,1.8813937655477624
1.8601496284864765,9.486852388806565,1.114704114243276,3.290425857946041,3.290178289413045
1.217166871138637,3.290934443627377,1.6105568663341323,3.69103985863736,4.024975582627576
4.817744508558048,8.383718875147393,1.5613063714264532,1.8505987616690212,1.774625598213468
3.232199925933186,4.33634493887549,1.571141783200968,4.22303229862635,4.241137029685417
1.0657102800575062,9.747261775373763,1.49588076868215,3.1963441724261763,3.217682264583635
4.705755460046403,8.52405924765406,1.9019603884070968,4.918321376648062,4.919158719924621
1.8627110149270587,3.872829830255352,1.906964882126484,4.1408470268286965,4.485464224765641
4.205056353721966,3.871247491589128,1.379792178071459,2.753039150549059,2.532184903528262
4.060883208846459,4.965382567680496,1.6179688225438544,3.591239708334211,3.516682103462325
3.809387945676247,5.041596992543854,1.3822682829077662,4.874638944474582,4.853458622328678
4.331050246432902,9.691282260914406,1.9763781079887464,3.974245696361279,3.9664637675992815
2.662167196361731,6.277145763027013,1.40859979082804,4.809663289347176,4.837874832205052
1.3050450383957777,5.131886379731421,1.7128990064534904,4.583326920217586,4.772116173405454
2.268385528888844,7.278013971327518,1.839269821320584,3.127220506811782,3.1507258063267662
3.289954929714188,3.738804041838952,1.355913986007661,2.4890272573351133,2.3284204564221964
4.54302326089862,9.411036760118616,1.9194820373332664,3.815882320482664,3.797245259792424
2.067864139270516,7.641567647157164,1.457321370313676,3.1618530755678664,3.1683968860354588
4.971191263147611,4.395684731319442,1.3668554089773572,4.6149936911911205,4.485706997247752
4.108735298166272,8.042831504646639,1.6346532014134445,4.94428531487015,4.943639520982906
4.446519237450725,9.004978351226235,1.3819871608223302,2.107852994426917,2.0564339523018864
4.706971843570768,9.606767118299642,1.0633561289736415,4.458497696902366,4.431495175313352
3.963958600058896,7.142489473739172,1.6365752651327337,4.055083311504276,4.035276201332968
3.8402981555828433,4.507103557137909,1.9606466062565409,4.365812014955186,4.436971755926237
3.987556334689789,4.863091407313675,1.5101388475165796,4.88655489558965,4.872827328704734
3.941985018201705,7.75897974655778,1.5264406458108633,3.71200211415741,3.684047791128119
1.5160148350876033,7.133475053022861,1.099396560559827,1.419113768424221,1.4031243217508986
1.741645795486496,4.047147144188632,1.372885631520577,2.15685692034538,2.137624330513979
4.288724375457042,5.8887533788612165,1.6047512280872067,3.493915995761498,3.425078915533439
1.3270566132029136,3.913458434536448,1.4366229912920527,2.420132677607428,2.467956640986664
2.196731160247368,9.066614133484052,1.6638206432320095,2.7514684793247466,2.7537713875645538
2.13230276393616,8.139186166682855,1.5876399202795812,1.2372813786237042,1.209410756886722
2.503915363298356,8.666504154163624,1.0730169580069884,1.2592996250078028,1.233015220782984
4.237658268282747,6.282292581712795,1.5908892411166438,4.507679618681573,4.482985735956295
3.248360030744034,3.463090359770617,1.7590669741022469,4.972390916719851,5.219411072627038
2.932315553518697,4.450452506455981,1.33366545026438,1.6632946213633435,1.5364592027201929
2.640643784486032,7.273740050722087,1.267757990542273,1.0932744807560637,1.0460100031179214
2.2104502767019563,4.349392083808551,1.1339610968163565,4.93093378705538,4.970329686572187
1.0734306424438578,5.14171305511892,1.8632322035501496,2.4958467811143814,2.5966852141049523
2.3114052916694305,8.00371903310085,1.033148869522436,2.798671264330928,2.7846905451808137
2.63155603602625,5.587004144433905,1.6896712879838414,2.2369329368141204,2.1973839554428016
4.213085964351196,5.549515381842014,1.4661139844256346,3.1251178589303863,3.0322847952317447
4.44856159195636,4.778893580405764,1.1431468458422067,1.192936490067542,0.9992742649120536
3.6575912776679806,6.908788045334644,1.1307875521677049,3.3518797375696363,3.309864083171889
3.061645348616977,8.230152330032983,1.5602607291581791,3.303664230136733,3.2928544400481043
2.0564822281823774,8.091134468663473,1.3548732711176243,3.507903400959214,3.514973457340664
1.5072249342198645,5.8313906457847375,1.2582142305348452,4.101732201044273,4.143564776865346
2.809737061624168,9.119485483769113,1.7339017746722944,2.1203829498941387,2.100111858473037
1.5770124755772952,7.054606994408856,1.137831631731645,3.085578358573399,3.089979702654986
1.1223305730290591,7.842804552400656,1.3124270286958777,1.394014727101632,1.389663277042968
3.0165152732193565,8.808722675817773,1.4457187743086206,3.6976522835146266,3.691506364093186
1.966184487537172,5.522306907476659,1.6188614346991552,4.876944961919199,4.991881048821713
2.171636188520209,9.107554245896662,1.8421919459482023,4.951891954454725,5.007161674278271
3.78901041961047,3.6405552070782106,1.3416630059660974,3.6516378806509104,3.515517479318275
1.2983409645937032,4.170959063935171,1.5683979522458475,4.213559706930104,4.420972130573095
2.2164673487447635,7.389933252256397,1.618076870206246,3.477914605658855,3.4971015310098736
2.3259717474485035,5.717134132288425,1.86671670905418,4.881554753585784,5.024070720906092
3.632816989497833,9.77962941000429,1.0445460718327313,2.016701322600581,1.9883998538054373
1.2788636850620885,5.45874449414759,1.195784894616386,1.8948364051961333,1.889406253622864
2.077849842912677,6.496088294873701,1.206405525771208,4.793146089119466,4.817549323131695
1.8369501825754533,3.4466289323010626,1.492625334405219,1.0655639250853357,0.9261010602994884
4.151224294034258,9.149915079143724,1.4138710063629625,3.924571562502396,3.901324067861141
2.1428279193884165,5.292438106366641,1.6304740003612264,1.4089925688266636,1.3499147668081826
2.1026985035672707,9.502529556026696,1.5695912068996638,1.1417053871426313,1.1205473240982464
4.789722605162529,9.232145808250603,1.8360768708186104,1.0117696278258062,0.9271093612208816
1.2921577371551307,4.009490137903777,1.0453559091224447,1.4580709176597528,1.4232720824362073
4.547757143940878,3.286240326985073,1.7450699167743036,3.9234410429310778,3.762957580635324
3.687203990958367,5.50571174256801,1.501251610372893,1.681833365063179,1.5582710573885097
4.214275232143934,9.823282073498063,1.2696341319305275,1.0459598180794645,0.9988898313658996
4.166245406845772,5.995534931231366,1.0998279812128908,3.655388895805812,3.5888169601523403
2.940396322790837,3.2657675646140945,1.9412117308300525,1.5680240026693193,1.2843624832220917
4.601102642417368,6.331799735261615,1.0699509464175851,3.1087468622076666,3.0295208391776183
4.4854342945650405,3.594748117014331,1.1722435914110083,2.0710445177897627,1.7603764810484015
1.78317163263675,3.878503980123903,1.6292362094999695,3.9907990209103024,4.184794173955224
1.4691773725678607,7.229392802727017,1.058087454247849,3.7267737134825776,3.737274955107946
1.204274707218278,3.6267419179631393,1.1912954084091592,2.889535141782164,2.94380797254733
4.796061744703684,9.062246411520128,1.111353915912919,3.099642848852771,3.057820892867903
4.454723575566783,7.625275522278894,1.5683064233590445,1.3969497276121134,1.3046880478140146
3.051497738250432,6.854967129958492,1.4966221658185317,4.725913585692693,4.743150154605033
1.9942469423178943,4.664104731532058,1.0286815331987111,4.753983930664601,4.777322852344178
1.260818228252671,4.487755089491874,1.1371097613160814,3.3770248728887635,3.4173582702034664
4.116075122063142,9.141778661697746,1.0295484607993457,1.6764175189786847,1.636119233046226
1.201330375300008,5.934354670131516,1.818597422789444,2.588312490400789,2.653968419236264
3.042477045664264,9.303466306540624,1.9571731034885964,2.5798027692423786,2.568484293131501
4.605233552685887,7.1256567179589325,1.8573048037982884,2.400868319142443,2.312343006406353
1.9269993287313207,4.710639790001165,1.26869520685338,3.921397291002263,3.957454329500816
4.065002193813674,5.565614797892961,1.6859225802154567,3.211913726626335,3.138107898401063
4.191184147221419,7.514557788713136,1.11334122658936,1.0420046854407188,0.970076842907934
3.188458935339822,4.559689330095869,1.5916140410829025,3.199708547754143,3.154007809493653
3.987408597513847,9.106561554017102,1.2807371871018702,3.841747426942412,3.818115547291775
2.3349980773340686,4.962960613321426,1.8359736247662048,2.2511747997420515,2.2357343023634377
3.6459867503736536,7.595580713650063,1.7182021233534814,2.2695917794564866,2.2185148963509675
1.5218283461372302,6.213113866282696,1.5010884587356708,2.06910293747924,2.0712858194155963
2.0670889536524717,3.141054721560474,1.7692107326905262,1.309969808232328,1.1367756816444174
2.0787328308822004,5.263886226359988,1.6114941307222943,2.2154210322786456,2.200162934555275
3.0058255783982224,8.008535889395379,1.086882879406115,4.417167287471096,4.407003767574439
2.479212173226165,5.743040231990358,1.892290269063274,1.005443980063252,0.9142592714993828
2.0064110280075576,8.257076570997718,1.8615217969872515,4.520691768196142,4.583919646086198
4.248772481681456,5.071405086771865,1.5857382274737186,1.3356976791734194,1.1304172532867012
3.4815676527353645,4.07727357910513,1.675865050114766,4.562425076719327,4.619726161212565
3.7145235506631047,6.837887005632523,1.5974734474996404,4.607815298503737,4.608431798374388
1.062231485213108,4.788988958784095,1.700300310364707,4.577174325631427,4.811921201008039
4.640557289049289,3.624797059111824,1.2394446393386689,1.8219711338693056,1.473004744124646
1.3376228647969004,5.479485343614375,1.6651828835474771,4.806976653414319,4.9677365828773725
3.3683022472611523,9.410317388793167,1.5006010762226545,4.483312159781011,4.483607228925181
1.941672110122852,7.163809052926788,1.0600915795991452,3.376213031127963,3.3732425884052613
2.52015218096474,4.636263865656838,1.7160244069976167,1.902500309175052,1.8313715140541829
1.8842022816120363,9.701020164158098,1.53559837960837,3.718250323696349,3.734590321107658
1.8857776280946383,8.318771835323183,1.84049568364762,4.504469528094562,4.567507291376146
2.116426964987778,8.2316705678104,1.4033909744685196,4.660389115623733,4.685146340084631
3.3635209296882884,4.685886583008761,1.757860666210375,3.503864386844686,3.4894285182716214
1.965861073702724,8.424959692091885,1.0438262183581082,2.0797517767048337,2.0667661876951486
4.73255166203864,8.73825584767198,1.960954252282139,3.123120279749,3.080141691369849
3.915641497355285,6.928774667084026,1.8197714643833605,3.637443670800008,3.615960747898789
2.8959073400371085,4.333804125489949,1.7631591713842267,1.156060418083631,0.9679312667145104
3.074588169737927,9.440284974900504,1.6211004278080394,1.1375532807286757,1.0979348639716888
2.2670303670919894,9.857199600738266,1.5816781096025427,3.693013000575572,3.704105462123137
4.808904769115013,5.813138223995338,1.6327455575809404,1.5937849789437295,1.4185373251601747
2.572750608476463,4.065386607782964,1.1854166389432663,2.1558225184427964,2.0608494127675776
3.711574062199953,4.791677105894644,1.9287914414351977,4.441100062331008,4.510895830016143
4.776406179496551,3.112907257617554,1.243847399833438,3.8415671238533062,3.5218309479963987
1.4821428886709511,6.144363459708646,1.156378219264834,3.237306375438218,3.249984208785105
1.4630337671040268,7.413996503937677,1.949994036334096,2.3349556263325177,2.366369671949184
4.381487274475443,3.885242644392534,1.4829079155942426,2.813424904869801,2.5781769114261026
1.0836110847051588,6.903659343035993,1.1008002892203117,3.4964537581978004,3.516415900786788
1.1968929303805478,6.789432442779795,1.3953191546623955,4.278085756207799,4.334376560059549
4.670643505500372,4.899418882425968,1.090347277764791,3.984384688669452,3.869262959929682
3.754913776068202,4.1002027986779135,1.974662438276684,1.917173746523208,1.6843284953082804
4.275877904199296,7.205262860557304,1.7603212544110731,2.3375353016071028,2.261069183228547
4.2167156235397805,7.364069764366744,1.5328074060360342,4.591118542453209,4.572071638440733
1.3238820651058902,5.902036275733945,1.3864815944823246,4.61541449250719,4.694081143825805
2.5425218194508203,7.620252232561257,1.3569579982986202,2.788120639693052,2.7730264429383418
1.8108611332701487,8.285643359006013,1.33596894452378,4.539269569097717,4.563744962301976
1.700547815122213,4.525290460518232,1.2357779876976291,1.6972645744470038,1.6576498244728155
3.3998821082338644,8.331033556790072,1.4548866395207596,3.753653719406332,3.739854789517833
3.492578779262127,6.468874152968754,1.5011820289026951,4.709966084079394,4.713344405298537
1.1751817038165506,4.479508953769743,1.614154862604245,2.184825689092542,2.240829671229052
4.853259381860685,8.745240164588779,1.925875845254044,2.627252861901773,2.5680854520273098
3.6027344379492403,8.689329478544755,1.0251279709842376,4.456601910160051,4.43868491707366
2.1998276286181477,9.860781618049096,1.1495756972505802,3.0664125184417466,3.061278861664494
3.3052153801240176,8.63114663357786,1.3154902305052296,4.934689616286304,4.933968215453585
3.0549855062414117,5.425400610800623,1.640076595795484,1.082494067908418,0.95705089672062
1.819710076177936,8.17553938566185,1.381803123761318,1.134862391049651,1.1132589305168232
3.4906937512503813,7.647821398867447,1.4863082546800364,2.671377032291823,2.632872461827147
4.635913441323201,9.92114712234631,1.2014804637615135,1.8482635450436156,1.8049596305633204
3.6948417689757274,6.472834330109144,1.269833327215059,4.449833209663494,4.423812797310303
2.6973917810318304,5.117771278658749,1.368872590407844,1.9179529662955448,1.844169272090826
2.062053573653347,5.090445516251673,1.7044163446065423,4.500894622832017,4.632660219154829
2.066028326390291,9.826312649933092,1.3667692263417428,1.5555911738312649,1.54132897813653
4.133856377132449,8.498685018556314,1.552114665391657,2.337609181183212,2.2872434011186624
3.188025289614153,8.329120161126426,1.2493991469010353,3.029511033621642,3.006108951961993
1.8302275600912297,8.179835639538396,1.914245948216316,2.35289284248935,2.366237400865042
2.910494649221775,6.315999520377483,1.517373838589025,3.162343459748956,3.1437067535274315
4.252509195624056,8.827601946523561,1.1608802967060123,1.1785164327091988,1.1249359533945131
2.1471240340112026,6.2796295252719005,1.4932762144573573,4.49660153720165,4.545687764734124
2.082282369689752,4.43309407481839,1.483998984989852,4.616128480899291,4.73189501956355
1.2330186015257416,5.208882180135008,1.0721621262768175,2.928059429166684,2.942339847669761
3.616467688250529,7.266560992340332,1.7414405611183168,1.8291441571000904,1.7611959558243997
2.063355043218897,4.679469715386962,1.0033449567720862,3.226260304171672,3.206286141868842
3.782814744724288,7.748257034966651,1.0394192315328643,2.429207493108832,2.3852740654742948
1.165085823270244,4.034941020277135,1.254897800869296,4.176013258564275,4.299430015522516
4.476533677549438,6.187078387723676,1.1153606566769232,3.084208358567329,3.002974484155869
1.9962104229142896,3.139570492808802,1.365639266935161,2.052698019358662,1.972509530405768
3.355775209058588,8.63949224488898,1.403653186804486,2.1140119192389046,2.078521210547147
1.069768766857833,8.017951827838715,1.679965349105922,3.7596407019034848,3.816397324686485
1.1208294862128247,3.5726351454607443,1.929485434972901,4.771926361416785,5.46862328371575
4.129849229567437,5.482625571003377,1.6529674825496767,3.7889337945184103,3.735656470123064
3.6706898529851215,9.788027284620608,1.2799925090565392,2.784191511504537,2.7588412544307945
3.111643900763972,6.611690464238972,1.0216359138387512,4.728902714962015,4.712783367681666
4.098232696668898,3.15756963634657,1.4996141334238502,1.126086374865741,0.5791600611344115
3.9499523398768286,4.296731947055405,1.487785620438986,3.553341409297218,3.448346812548294
2.3944012143112885,4.01617587449609,1.2097252725818144,4.274402184864548,4.294261254666077
4.044633661209204,8.231655925491708,1.496610223899134,1.133045150392607,1.0614017988233913
2.16885071577665,8.91610868800245,1.3158735885833042,1.7193145306030235,1.7020528880275403
4.496731652070787,4.339763462755133,1.9676019332862893,4.858959198368988,4.92438995038199
2.5721419157815952,5.831223460487354,1.2189943506319103,4.984552402157464,5.002877168607249
3.1123437974857926,3.1506387656786337,1.2973855445756084,4.586396815341244,4.586528973966844
3.778223413990624,5.6869343721237335,1.315520379540883,2.888569323713888,2.811131783108181
4.871322458175229,3.383084217537208,1.3581275184784962,1.0802176256323803,0.548293520182544
4.688744344972939,9.714184752613846,1.5672523800238398,1.0292632996868811,0.9640202282536228
3.153548236054815,6.196564309897166,1.84677061336456,1.7127732009309535,1.63541929586992
4.997086763738025,6.291893742542362,1.4433568977249132,4.087163646273387,4.011961773684268
1.159852814380832,3.188861376477604,1.0728551424831765,3.1929823157712023,3.2606934272176407
1.8171775708275213,7.689153791262593,1.7373342349149083,1.1418664429412535,1.117363852133948
2.303551259598688,7.36150353336002,1.4574664273892406,3.710078366725076,3.721797934825004
3.5183401511338555,4.1858997384585,1.8868320172687625,2.53803579790094,2.418835431177244
2.0029093094406045,8.579895992971256,1.1713823384471258,4.75891186505396,4.771721182603459
4.936384749406558,9.73075561370036,1.9894241185373296,1.4616655136210346,1.3872521693170583
1.998529146919068,3.5861635917734804,1.156417197077091,4.657229310776623,4.730205623119534
2.860580674648153,9.277014407589936,1.8394318726488483,1.3732796227233393,1.3387194744661592
3.860540590954667,5.416568279787717,1.7979878766583373,1.7392536957850342,1.5929922376905636
4.570516076815948,3.4295102618271573,1.0948698745813243,2.0103076400225937,1.6723562420588485
2.6782340366658044,6.458418369221332,1.005773403199588,2.998881150781815,2.970543330253605
1.0087341158927456,4.496793956206096,1.3072628845268346,4.459845721866028,4.592998823913573
1.8302831672520383,7.920066772173925,1.740074316449122,3.727947624098078,3.76927176640643
3.6113862985631098,9.45096426699024,1.4336689046227613,1.3945394688814696,1.3522227448609216
2.210354282899494,4.6864514428639765,1.0419750283444218,3.1898158076338943,3.164150322927142
4.252392037521407,3.560123071303198,1.6610608791669752,4.532879230071664,4.494810268827522
4.191430106571168,9.258216895075527,1.8804756613570213,1.0898190002265222,1.019107265218251
3.04310294762495,8.044316617659227,1.5075661906814906,2.9177057999315354,2.898159864601165
1.4221355572924268,3.3064002229784943,1.8404311723375355,3.888221175297954,4.392117507839672
2.896888729402197,4.640357083332587,1.0774526989957454,2.130816422783599,2.0416619809126773
2.6076662083456044,4.321305763804076,1.8003130073532572,2.687196927148836,2.6793944028606806
1.487238182110822,7.934554629576104,1.8465840287583533,3.157725928580794,3.2020247990488557
2.33637105480973,5.954148735305168,1.232633581989079,4.061571100355859,4.068474729891888
1.689707447689201,5.517720170989953,1.910056950372587,3.604496150966954,3.7290452829298784
4.3011754373219695,8.592885216787586,1.6262686150618555,4.055112289236464,4.033270637382512
1.4014649688913448,5.086714037215449,1.39643944302632,4.742716990780201,4.853557163578876
4.354503768036244,6.193792675998039,1.6822988545448851,4.403434948860342,4.377025385207536
2.776352989624652,9.89107153689416,1.5734512283336213,2.5978423367816346,2.5861219020264308
4.844022369370284,3.3653741628789247,1.062162058803732,3.6598771060563697,3.378262018159228
4.634198600271603,8.857005357367532,1.4708719056213595,3.0690044594782515,3.0241054812787254
2.5741650001931946,6.739125940613368,1.5885230708547131,2.826944550749824,2.816264260323246
3.6676578611526343,5.069520142464856,1.282038802530317,1.8761975802434203,1.7501260152686364
2.494962987606997,6.998280749868545,1.9812017690103807,2.0775029977826445,2.060884322250806
1.3466610055834276,5.051883591508118,1.7190938074003326,2.1873840302185354,2.229742849889629
3.814479449141898,4.03597436783036,1.7173247587786975,3.523682650155973,3.4493707510636136
3.7968953243372,8.712572842098428,1.9314753892329115,2.892278187173318,2.867005574467996
1.3991197705595653,6.978354863931081,1.7717494478590403,3.385973602583714,3.4480536672834625
4.6984233992944,3.1284165163295152,1.8446260537339203,3.898840942185534,3.7308516983921294
3.3994366094955644,4.508495302054278,1.757042676456746,2.612027478199927,2.517201953034592
4.271737952826879,4.922446194180914,1.8573863213551,3.160738521865176,3.059446252021329
4.619538600554184,3.844509866493124,1.7993035423973247,1.8123961839921927,1.4145088987363548
1.1798692003364906,8.269490003210308,1.5332149018004586,1.1705296975204305,1.1642624486353317
3.367852076634215,6.371723781015257,1.0121527817877107,1.2072874165138652,1.137771671739617
3.3722466572627035,3.890027760789968,1.375936130755853,4.593108159802388,4.582727150420499
2.92986841815113,4.700105403469453,1.6241517870577908,3.4207881790769155,3.415801664603125
3.436339022818667,5.387372432811936,1.2967106102494044,4.693869052107523,4.677866831587177
4.917574742985124,5.400452124523787,1.869281531206065,2.600071658027641,2.435433053956583
3.799022613332964,7.253542640881019,1.312431020207044,2.594184028943962,2.5413648261219404
1.7227406041809283,9.839619493165952,1.694887121385114,1.0743273688333863,1.0600132370812376
4.613046472397493,7.658099461616162,1.9021330722728669,3.956317158468353,3.929851078074716
4.626738409509974,4.285504237098119,1.0960252742295655,3.606290551836546,3.444737917617823
3.161505835032142,7.3483117199057375,1.2712858981742154,1.595090635208174,1.543939042617154
1.8943403025933836,7.837115138735821,1.2236611711735317,1.5086000076523258,1.4891229989962436
2.7816456438519754,4.144165568877513,1.758703773449363,2.261399726239182,2.182862786920834
1.568673097344599,9.03427183288786,1.5170944394401409,4.864594374075796,4.90509103299566
1.6085358858031071,7.98584708911231,1.1811481294915387,2.2463791798210404,2.241237776981399
3.5700601785959485,6.825755762327757,1.47023533640944,1.5154562968048326,1.4365180473660322
2.982199771533846,6.409439399543506,1.0230299203762394,1.3966951887202912,1.3396042312541687
2.6558511002841767,3.691317002845824,1.590912199380668,4.138212094324828,4.242355347898143
1.3347466235859375,4.699006492388007,1.6789110401919327,3.365845254062771,3.495054491652929
4.399794831368366,3.15101074633454,1.6256034979787355,1.6433310428236712,1.0774243180957552
1.3491794951240172,4.684227511359637,1.900668984953408,2.791607742540434,2.926473885745223
4.986495837162407,5.6618977323635615,1.6666533153261245,3.7283318457832815,3.6299110817359312
1.2986878637421717,7.613091579597097,1.555488391312739,4.495247382701507,4.556514877265365
3.70423930537709,4.735081073643885,1.1113744759264297,3.679270829576744,3.596113851605066
1.4428315469315107,5.451237572120346,1.0554839904989954,3.660487324143209,3.678857852748736
3.497197674771173,5.459375050841514,1.475486161504242,3.6971569665321526,3.6602419908991246
3.447669487622428,4.063087737881231,1.8920931558782832,2.39127629429419,2.255633852610196
2.1741160358595346,3.973524984193971,1.268894185399898,2.762924342174369,2.731201389280805
2.361701957845049,5.435936874445948,1.1979600420915235,3.803889187530213,3.8016077507677455
4.951101477159709,5.568252818994244,1.7173471411166017,1.3322930156654151,1.1122810735594322
2.1766626733890893,9.365541319651676,1.794007609662034,2.3035414635709293,2.301643726814839
4.344244879803789,9.70470115696914,1.7151089919326703,1.429567973452512,1.372053003113782
4.37426455491191,4.882514624853326,1.371658177223963,1.40634900286806,1.2031126341452338
4.602382008203616,9.414649809977696,1.3510487196892411,3.6239512594459233,3.590966340729173
3.560860465509675,9.761704924862766,1.760490519813809,3.4222297521508773,3.4123958229258826
2.529876256739591,5.906589177344363,1.2898486615432114,2.7154332995562767,2.6867448755168244
3.639732943271898,7.941072893421945,1.184041537943315,4.212199766055788,4.190704652317733
3.401677385523975,4.576409959154535,1.2773216682720294,4.858135753913455,4.8431419785123
4.572157036125592,5.529093758211193,1.6833629024062255,2.8682334075513505,2.7468745072911966
1.6163076601462372,8.593661775727867,1.2391209335685935,4.133747690318796,4.149995646433142
1.046206816964863,6.905759426668546,1.2440414444068577,2.904854060827977,2.9254224119860357
3.204798711052913,3.74361689551035,1.7752562948517645,4.663108619622626,4.835407434551119
2.182153703862167,6.750870970124395,1.5906941310669152,4.72463955647248,4.7831527587526335
2.165518639158449,7.695120008860787,1.592107389766689,4.944233461273882,4.994068671453592
1.8102256522929063,9.070355869796844,1.54871456098336,4.6715304887838265,4.706568424473281
1.2983804394459244,7.558170332818558,1.2781732588697,1.246034062427677,1.2347676890550054
4.578406490133226,5.997409779667287,1.615518771258896,2.9150424520958924,2.81339842331241
1.6852465252568265,9.398620085974969,1.3216740752530556,3.117104839964378,3.122922167662185
2.149924442858492,7.970625397866362,1.75497865559264,1.3773453542630971,1.3511133409545149
1.0286652503016276,8.929023635291312,1.632016772881825,4.6850356181478805,4.74389228969466
2.436610857698537,6.072193909808608,1.4231728313087189,4.228202407193672,4.25260509998023
3.291442899996156,5.0662175627981405,1.540089042270108,4.7116618286494045,4.738410074689808
4.738499081213649,6.508175340662461,1.24715376085597,1.8169375598356288,1.7090894226040512
2.5290161692624515,6.547568444949232,1.824270547013259,1.9269180184403143,1.8943120180343285
4.668982123987293,4.8683001881658665,1.4217324618940863,3.316816459567662,3.175150324218126
3.886548597978468,3.6204318632079855,1.9199769718537527,2.3616426038463363,2.114114571583594
1.824831753494964,5.05382755118818,1.9652533856170424,2.7391448648201147,2.8207403683913235
1.014554439302105,4.375771251511073,1.6650311314600676,3.4814841047821568,3.669276675465612
3.805549078344872,7.852369587064759,1.1621810834408164,2.111632829165308,2.062620765885113
2.7850624212248456,4.186610700694045,1.1503179830711074,4.684327172755614,4.681735845649866
1.3696541382266667,3.861002369055583,1.0207289803474018,3.514596560517961,3.5470110580724934
1.2272098213925156,3.8567985299321847,1.6087771973389626,1.4365969032732695,1.4346398328933778
1.4806071522692283,9.29540346286846,1.770869317871569,3.907835844126959,3.949830965909783
2.3587765793966056,3.934612896893391,1.9225898302544195,1.706852001314997,1.62055846278154
4.895123843958305,3.700427511079581,1.684142621285884,1.9993726026804728,1.5692583655020516
2.9374104803994805,3.934997208340053,1.653464970275235,1.2465459918488633,1.0280390760515536
1.1558152109545854,7.981513966708087,1.5326262267246062,3.936244584418058,3.982550370043741
4.29537635188623,5.274104052695319,1.1949602478114258,4.31431483542327,4.240053240634745
4.711897127686337,3.8246169857786296,1.7331146098995776,1.8716934066011608,1.4733757082302208
2.9575380217143485,9.944234785225262,1.6708398938368916,1.7502342379249505,1.7247832468742386
3.792519633333117,4.142590114214976,1.326242353884461,4.451942296341878,4.389899747293507
2.017639267732814,5.246239065355786,1.522641740629355,2.789746234586259,2.798589525505826
2.2350691184276656,9.622051337726129,1.6892017839100584,2.134155269142392,2.1264001074602428
4.716834010424833,5.953653458960828,1.511744537265202,2.2210781656214738,2.088353434810049
1.7763240463940495,5.557631987664879,1.4447627528468547,3.3514617988392765,3.384743310374377
2.3964421641337137,4.493411726644714,1.332336532155571,4.31249219687904,4.349975005527965
1.8282859502881936,9.256032376096169,1.7477967483045005,1.2638945777134047,1.2490670586464965
1.931521853061937,7.227329297165363,1.8213503345580784,3.0112814424695227,3.04211590673036
3.9031027545230734,3.09693790514129,1.5447374821839863,2.4725367340708995,2.127446308543932
1.7961077982854738,7.972697177699304,1.529830111616142,1.600362215520625,1.5866172459729788
3.539790198558334,9.376089708375144,1.544562602790183,2.1904746426459747,2.157761266312316
1.1700546064239583,4.338384929924501,1.0875468131868824,2.46109514106518,2.4724319739097487
3.720973279848384,8.579221399802211,1.883959725266096,2.0409435597804726,1.9943816147952824
1.7290425518713,9.830249110448008,1.1624681861718615,1.2672939355238606,1.255302213457299
2.9216382086863084,4.766345610151332,1.5759154726647508,2.2881553080516057,2.209765053467148
3.2109575491992857,7.08980420459073,1.6303035793741087,4.211054804546036,4.219996765483304
3.177878354085782,4.562391703729428,1.6189908667136943,3.8002621748441134,3.800418934360878
1.2460803562217242,7.797546686992722,1.8846445972249104,4.777158210568318,4.883315819203723
2.5946539337491497,5.351517441896752,1.987084643393272,3.062383083458227,3.104285893687194
2.4400461769478565,5.392727974976957,1.206828328171459,2.764078807999304,2.732113819834237
1.8899655177809032,5.438828250122068,1.242561775685031,4.17238102591229,4.204179835678543
3.713301156045737,6.097057809064087,1.090803874530276,1.51467051877062,1.428762300060304
1.026889406652148,8.55271776049123,1.121313805691197,1.8105508593104849,1.8104365657814816
4.869024271770041,8.88869380018,1.2924861026655503,3.7563154582769473,3.71616044482149
2.059195620196294,6.628277320286656,1.0683334677348704,4.913781758334807,4.928142663106198
1.6652254567293392,6.91144509289159,1.722744802556085,1.0376673646861554,1.0094737293861489
4.837158497358379,8.380137469501964,1.816930525160168,3.8795825628554015,3.845916883445984
3.1571719554676974,7.359872177476181,1.0138335625377977,4.820631146762434,4.807369257881684
2.5590761203886854,7.273994985394889,1.4994292636208757,3.755549321549748,3.763863265207896
3.957402696994944,8.282286556267524,1.1535813627184306,2.841110598043512,2.801869961278806
4.137361059333379,5.464021709374635,1.1106517359534398,4.994761839121157,4.944063246632347
2.438744434775008,6.112459274925902,1.6098688429906582,4.578775991557013,4.63742594799131
1.5897453707242375,3.055079101122403,1.2514973443026034,3.8953805662429737,4.036434073914945
1.6933687362078933,3.5494839020435096,1.8511347984066164,4.57611439539736,5.071634110186681
1.6639153101945436,3.073273798310418,1.5793170869343385,1.1198029369094762,0.9810215077091275
4.795226385435233,6.288868501514091,1.3500104411070737,1.165858899866624,1.026097827054977
4.615388796444796,9.01283288036354,1.909537841346369,4.156928466532913,4.142474356543816
2.298848621695934,3.138237967258157,1.0190322066923971,1.6425462550945134,1.4851613879159646
1.1713123068449174,9.954352006925454,1.5507090346188157,2.8997862762358566,2.917068820482274
4.760850996496775,5.08976951098956,1.2675956064609744,3.1761968323767635,3.0389985878958834
1.907059095344434,6.013816352844644,1.859804363685558,1.1907231067960216,1.1489782431064022
1.5224276331676987,9.135205759212184,1.8589916071180488,3.201331358963865,3.235110673308168
3.905756685804381,5.088318798947279,1.860875356678195,1.1527159810240204,0.936897535776828
3.3895515209121907,9.514524922447803,1.6129883466477768,4.539227080978088,4.544614752440027
4.266110648545019,4.716873593175935,1.3892751005288173,3.0080414674550706,2.8689165790097086
1.2868948008680197,4.602608440562936,1.4822139170516992,1.3841169048195834,1.3668935301445908
3.96459053405088,7.086164980620571,1.888689318631187,3.839175924570637,3.8285493873712815
4.667284591823768,5.977394704783329,1.4759824604184817,3.412905151048222,3.3229987036472
2.3475315758954856,7.7700156180402065,1.3863469041703405,1.992805255649261,1.97051800321328
1.2977309347271686,6.116481379146396,1.7505604758686404,1.6004981375936715,1.606997096420478
3.4705433209237992,3.7956377693986063,1.941429779219352,4.92657133651849,5.189044013410866
2.710317519625004,3.402893079345458,1.3489501582886438,3.113528005959948,3.047467016077668
4.89002580890772,9.183207034505983,1.2702138251494293,4.067851227447159,4.032962777212589
2.4861183200968657,8.17295683917958,1.0825597832318268,1.5054923970809448,1.4782256039263006
4.284112158187499,5.430090257642624,1.603356508922957,2.258821945306737,2.120406805222456
3.932514998008445,4.807780841843972,1.17654419791787,4.322630172847362,4.251740381053324
4.613391840394659,8.410403459945396,1.766342124061929,3.0985714744273256,3.051423868770782
4.099944141034701,3.0721668515690324,1.1966234533305768,1.4392271489944917,0.9982532618398668
3.516722177475148,9.602297148678751,1.2964994261717495,4.9909758974797445,4.987194783101485
1.493940859584601,3.4528572310546486,1.4247993948032318,1.3662537628701217,1.303903584418322
2.2881618508222483,3.04802181617118,1.0401991213759547,3.5067162335281346,3.4581314793914024
3.321784851968957,5.638910120490943,1.1640056354126682,1.979539227035807,1.898834311800505
4.220953752835184,4.589112517999712,1.384805198998416,2.592862104542533,2.428518818004784
1.1758965061358675,7.431050645903193,1.210994749034223,1.544133919703406,1.5389185941259735
3.625926212958646,3.308734850189115,1.9109185115677776,4.038619564768179,4.171810491030743
1.228311635491509,5.539423787214755,1.2249354667706849,2.128705898025187,2.132463199993041
2.404047541269504,6.770102368468956,1.222142177974698,4.723524627335154,4.737249431194258
4.479135708924511,6.704878760837007,1.5697598641732844,1.1759458628795991,1.0486886578300585
4.452561033748109,8.800336550506739,1.6316853533061566,1.0084370019191409,0.9307659209112076
1.315136510192359,4.932497658012167,1.881302996725263,1.2855882161157584,1.2807078629462487
3.605150163278475,6.829568355070816,1.6355366705512102,4.870107821379723,4.8858640811749545
2.15720082927776,6.080475535826876,1.1428606317405057,1.3752434570276617,1.332306483289783
1.5718186351352386,6.377017584443854,1.222169331639404,2.5556356607631394,2.555773496661638
2.332310907336043,8.915741511257995,1.6248203597962738,4.340197639090706,4.365632110662718
4.668251571244431,7.840490822204461,1.3084979118028024,3.888202877167669,3.842728326140413
3.924628845465824,8.601798606817715,1.2567005755480984,4.672220084272069,4.655514854523556
3.2068295472928225,7.935789638922586,1.4310481968103226,3.19211698334906,3.171234560047816
3.6758195452513625,4.618232352526754,1.9638818543788072,1.3363944997722443,1.1025857342003966
3.567420691433385,8.752046070682855,1.1361332648544158,1.5795900908292566,1.5397051583479462
2.238529049099536,7.404333944875146,1.2690120125248554,1.3270608795600105,1.2943981230939587
1.000852896639016,6.98318629402551,1.3575021539476584,4.81546659355006,4.880713692053435
1.5172356196858536,7.9885750627484065,1.9050077885414471,3.873494569230291,3.941925373460633
3.646214042722072,7.323741307148367,1.5222902536491234,1.0917619850479,1.010344573737437
3.9612281045078728,8.533240364851356,1.2130083455653802,3.5002419415525785,3.4694865042891427
3.905934552829137,5.127399683286723,1.885926843155579,4.7159947294696245,4.770195628102392
1.8781454471690784,4.655566392366923,1.6925785254933752,3.997717769240079,4.1339326158696
1.2377843182568355,6.889951905247549,1.6125535618720956,4.967636093873376,5.066301620688087
4.241868484716661,3.812168538889499,1.1237987911425005,2.802213013396328,2.589255248654696
2.023085493207465,3.0565023132102773,1.637860084275582,2.858631841538483,2.9656866440131013
3.7340247029079,8.244771672126118,1.2096469376780408,1.8528436151458667,1.805939043535304
1.849819459670774,4.552833424893308,1.287817385950334,1.4305043646546172,1.3715923195037958
4.84199605784246,9.738014839016934,1.2319455399118353,4.734175238492717,4.709107151434514
3.81159583464396,4.010001806382029,1.2191833166242063,1.6600436112153356,1.4391808720723538
1.6155584927979565,9.905227996400107,1.6820382503103883,3.072627267133692,3.0898059654518923
2.957768686997606,8.52088341884026,1.906070268352671,4.1067254320233495,4.133830404499576
1.705353507031908,3.718885869527848,1.5855559062853088,1.688492996401883,1.6505119817759148
1.582593657920416,6.425168974004793,1.1069703449663666,4.41140683218404,4.435292149240809
2.1539340009380123,3.544135241412831,1.06611781418599,1.2349755511448186,1.1032573712663936
4.668454391843643,3.5970282494713586,1.9633529147168771,2.488662575057428,2.124665994136175
1.3037551595559012,4.517531099291151,1.803825630524748,4.296504080743688,4.560607071063139
2.07021822001333,5.951500465546923,1.8419379830298444,1.2476457074645235,1.198850581720557
4.138962322103346,9.278133679369589,1.31743856610443,3.538337367355796,3.510564772998733
2.039921666895201,8.786560962330656,1.53885343979728,1.7409629911243578,1.726994833390047
3.887964740280649,6.339826733483074,1.9494627266561064,3.5450633789718657,3.5273918859795064
2.401584843539418,4.6056935689421765,1.186015439929145,3.568777946623759,3.554371615218173
1.9138072522533007,9.22994459228388,1.7218621462461647,1.5217940150031488,1.5096140172504693
1.0661167157897555,5.35115563402038,1.0346528108004958,1.739838781887217,1.7340392127941249
1.8512857595527328,9.764238582798226,1.2049142208723267,2.581822108425586,2.5781303585467485
4.384955645185571,5.783242933146268,1.908074815897732,2.854583225517142,2.7589088829745165
2.5005947533773387,3.995861561097529,1.6064847440963683,1.6619454750418927,1.5403191359609714
4.632861116965346,9.697932546759244,1.2175884673879451,2.452923537805397,2.4120317154691744
1.7580061583704434,3.3941289284671723,1.2342227704110758,4.77545716283621,4.924214317352017
2.831035212142421,4.106217730914109,1.4614867145152268,3.864503450531152,3.87271355537711
2.879815372108387,9.5472282658952,1.144455641980982,3.382558662917401,3.3707056807552207
1.7283474143191708,7.308715807537258,1.3397583691529298,4.433715840226057,4.46604334392759
4.600441450624759,4.517241168926263,1.5659363476113135,2.523840117603989,2.314303563777267
4.142157664705103,4.085400641098436,1.4783313762289296,4.921266700808563,4.885452101551403
4.855533853502682,6.999533789416949,1.775838232766318,2.0794526305966072,1.967843071527688
1.9825165601753276,6.811646451592053,1.6254054115192242,4.7353665441090325,4.804711616475886
2.602646829232015,6.358590998760587,1.1639114672666178,4.625762313855261,4.62904999644462
1.1776638603187322,9.316462448001593,1.081624856123105,3.119166549876577,3.1256272653864587
3.329490709760627,6.080611999560123,1.3895956370123073,4.389476604052082,4.380257868577886
1.755533126105412,5.359174933106202,1.2011622000411082,2.229057002448187,2.211910558799804
1.747297026008933,5.595323513814699,1.5529251863915905,2.897768746051957,2.926051617084689
4.391914290582742,7.1702338858838255,1.4981581910239727,1.5188556839873173,1.4222668865263373
3.932259168855089,9.294377981362244,1.4404530300828124,1.3060150860587898,1.2556168562958825
2.5848402039063747,7.967343826364318,1.0820574210580634,4.128488124884749,4.122624273106994
1.021515557681703,7.702321185490235,1.3062504126808432,4.208995832920197,4.248039239449383
4.671036316007282,6.7769481110879095,1.839237444872101,2.856679222690891,2.773722534713156
1.878554110394942,3.69519233787621,1.706033210499561,1.2782095770108275,1.1763787450887335
3.428721300819208,6.052393084692857,1.7704335597042695,1.8482843537266451,1.7595328841291562
2.1221332652344955,3.384356653505789,1.5827009672358172,2.6161982963293853,2.628043423019525
2.152995353558984,6.57977271528047,1.8737887171728191,3.387967676751839,3.437104226249053
1.8756435112919303,4.868231462521022,1.557882064249847,4.658159624939465,4.786571094367617
1.493853539194919,8.564094030830425,1.6873745148280668,1.6633622409685191,1.6615645901464235
4.94253262919531,5.754498646708512,1.1373328992449436,4.126276085261324,4.036137333271233
3.524180744840085,4.050966308548051,1.9039110121732892,2.4789116335032646,2.345196464338762
2.124434993844029,3.1489087105736857,1.592401544168422,4.411150371684736,4.717666222312991
1.2178925549142772,7.00888709256005,1.069666523724344,1.8435778052203684,1.838596727183331
1.31319037257374,9.94347354524269,1.3715719601136067,2.90908436896549,2.9187681062545225
3.1620050348127453,5.4235974264141,1.286633389171999,2.974224592631926,2.919251636066836
4.8398473413671095,7.292544086554466,1.8020390471631265,1.890144507971468,1.7813909808620458
3.5474775155090708,9.98120605760466,1.3540021472782071,1.1176486278289364,1.0794126179919252
1.23152117856058,4.814785464117621,1.7999576276519362,4.474894391270433,4.7216230852394
1.8918969730232336,8.33040284092355,1.8090646717692247,4.829821755620129,4.897377558960561
1.4680236690048187,6.015262885426058,1.7911588389471969,2.2032477022717765,2.2318170283598526
4.7695212427127975,7.0627761303597145,1.0706451746988406,4.545861209612472,4.495443646545652
2.8563433828809184,5.027826778018008,1.3113171031406576,3.897411865754132,3.883657611407773
2.187511782549742,4.739071269790848,1.9009637190633928,4.206769669319606,4.390297817578926
1.7766518764388448,3.77934935019954,1.304203209007656,3.20059676782204,3.237234018553841
1.0311436450150877,7.281914260463271,1.2308971681991,1.0327145810214602,1.0235068622318846
1.4220513182441024,6.4061875559487005,1.573823400124079,3.928652256130051,3.996601866450825
1.8585462521156169,9.893915851086028,1.7762173532857684,1.5554527243315015,1.5468607477944112
3.549213411762101,9.32546643458841,1.6166363643871635,4.326614886636088,4.326138209290996
4.678063774687136,8.301045996440012,1.449150311475961,3.569563087402939,3.5253162969657623
2.4412483129812528,7.144812588070912,1.9721248847348776,1.8271402360806095,1.8028677223628475
1.2817118978424813,3.192117747233828,1.406205846942513,4.738830891716336,5.081589980670035
3.047189706747736,5.346720050071436,1.6706705699884332,1.378217196154636,1.263396880431433
3.1987328573204805,7.6850478843255345,1.6078122368348344,2.124028571669266,2.0830458530209905
2.073267204424362,8.458929554196686,1.968446461754186,4.402501265257829,4.468128711907211
1.130899628809923,5.305993138227789,1.5437108642861097,4.071471852428118,4.190745214945815
2.201960670402545,4.512851588271846,1.1271009465229944,1.2932347870630378,1.209708599075961
2.782543349546326,7.853107398550002,1.9491048064518897,4.234846187326595,4.280852524851429
1.391476009625781,7.427726826202691,1.1013666670753508,2.149144950425101,2.145079514730967
3.649800233105059,3.284431334935065,1.5631456393154513,2.483886074576238,2.222910055764458
4.234776801287268,6.304412242691959,1.8138477455966475,4.951081924679083,4.967876982108115
3.9000364057386143,8.151903439456804,1.340705826590348,1.7684128609148484,1.713056212730188
1.9463605720555752,9.816392515730826,1.741523386126658,4.8837875473378025,4.926764222616376
1.129654764981547,4.160051970987398,1.4185177914270408,4.293606149969982,4.468836067603478
2.6344397245123803,3.623892740906016,1.2188109849418618,3.178360711576703,3.1153465428129725
4.088394010384842,4.070894536681172,1.9284386499017248,2.909038822912819,2.762969325956196
3.930980645283137,5.74626886419532,1.1155160626765186,1.0912221800554605,0.9770066275274124
3.3805485876719543,4.699564220693471,1.9054367068505784,3.688269650180483,3.7157335455455263
2.192897138550438,5.055326812210155,1.8231628287551236,2.7937022408086105,2.8275446290675874
2.1196847448802254,4.042749567918224,1.38419410266173,1.924158961706358,1.8568708847689128
1.6586894877849434,3.7222793836059167,1.2220320346833025,4.462574847637741,4.569557601792846
1.528447523956855,5.550974515921675,1.8901037986154003,3.586174155454423,3.7143717983519577
2.462479733865392,9.314576651312242,1.944462791402136,3.4222914146285195,3.4429584703386427
3.107719883776996,7.823996973731259,1.5655377697546615,2.5233095920972075,2.494274013583913
2.171643965606421,5.354248068560866,1.733998534203116,4.274017999335023,4.378643924553344
4.673928229290114,5.876719216222071,1.4711002750276636,2.969273349572368,2.861280219342159
4.108921337305979,9.186225599365285,1.200715676331781,3.415265558584089,3.3858484731355207
4.492130859605241,4.450299546620949,1.6198742018330048,3.3540477665281667,3.206600553411462
2.1325813167185363,8.754626347138215,1.9084634097071391,1.439899339694621,1.420971407566351
2.717040488266256,6.917657790356603,1.27555508510862,1.1018313800903936,1.0473675474208846
2.302326846026373,9.793504113757228,1.6046226050148238,3.210221809442034,3.215153415483892
1.7939992895281436,4.8887964010816845,1.164132705959466,2.3622288220414616,2.342220760911513
1.9580383476268133,4.635040866336491,1.9190900782096965,1.86830303291522,1.8603444818907136
4.7387471698523616,6.867436687580487,1.2298706694070671,4.571818316512775,4.521338079228584
2.8105385426562863,6.844522392882904,1.4270037229457015,1.6246749525347504,1.573645309966083
3.148689748185296,5.298610444047871,1.016875072920138,2.818184362709081,2.755357114156625
3.3491556267372133,8.349341321386127,1.0809784935058566,4.833091320637791,4.821739916911241
3.26240449245293,9.94257347920878,1.093420006239883,4.004041186431852,3.9921705956265856
3.7504957675023465,3.554588194698038,1.429018980167525,2.057990828079437,1.7843583699835863
2.547762139317463,7.092060434249434,1.23000689742624,3.116347698514292,3.101037775472996
2.304416540810609,7.417238677250951,1.479771149772533,4.824879571516419,4.860609892529075
4.138527946123068,7.625737356734827,1.2297322477827182,1.3836081025240348,1.3132794542741903
4.527636097670987,4.445790807589505,1.4555940231127746,4.880698028550178,4.812514596637107
4.649996215487191,3.1958418064942387,1.3066168879362947,3.287777209642164,2.9507888833011173
3.148218501178852,8.975390995343467,1.0823417611955817,1.5155557454720745,1.484087751137708
1.6514178087201214,5.031028076030001,1.7636179710628874,3.2450169481368687,3.342019606283533
3.8008309740762343,7.16126790796208,1.9446519549719925,4.517238456117373,4.543853068354762
3.1942956346208344,6.622758497900531,1.403246270571596,1.9512959594076231,1.8920595110310208
2.0949133796774144,5.018239921592819,1.2396881039984036,2.4602061877907864,2.432469915850615
4.872487324729415,8.287334233932533,1.2482299929417122,4.900639030771695,4.867613807425883
3.177449784826268,4.497850334308213,1.8897186749111272,2.0101501238574646,1.888070575355086
3.950590053899252,7.034302400835056,1.404033314425397,2.8070299060305364,2.7502734613498085
3.948880402934,7.426572283784108,1.6977292811244855,2.6823221047570973,2.6304228130748752
1.2546771557241012,7.643419573352813,1.141777255341664,3.665401382681584,3.682195369710621
1.925076284162912,9.105468925693511,1.4098759257600744,3.285934571262501,3.2929117986002368
1.6809098353467404,8.972105302848995,1.118601781774175,2.398861389361564,2.3941840826797387
2.913552405221059,9.68523684418175,1.80765051439732,1.573386508204588,1.5443779358424945
4.148058742497522,6.945307048582382,1.0516342669440368,4.183338523782597,4.140647029917326
1.5005983706710948,4.342210133229054,1.4628532535546928,3.18630989391431,3.2604819389857966
3.573120835686861,5.688043329440164,1.5004759604509994,3.8372239678840576,3.806338039228983
3.436666014691715,5.025119977271034,1.3867435150768883,4.502688552708133,4.488244089717713
4.1908590485761446,8.340767975011971,1.1970843234339634,2.264987575993011,2.215814286623263
4.440575657841837,6.891569990338319,1.6467215984524364,1.1413349369412478,1.0168243501833267
4.047465328254759,4.238879575569737,1.1194325247779544,1.9848869022603248,1.7965031835071958
4.205035201652112,7.053267726544355,1.8445129161292269,4.524077079586504,4.525660027898066
1.7460432637454564,3.573852236232047,1.7572206106112902,2.5081863740825483,2.6045492368246403
1.0638967424431431,6.732658953638005,1.0114157742125367,2.875729235771078,2.884727085024501
4.4044532402597465,7.9966865880408,1.5513839159093707,4.079886882659337,4.049978877673523
2.657203470461869,9.595668588167468,1.4304256607657255,3.922068872814426,3.9246402347248335
2.2711574601260662,9.460309614804464,1.3651772610812292,4.879863081291732,4.896469917093837
2.1415060969876976,8.820213558728879,1.4959644213093326,4.650469808092829,4.677051841431575
3.0827621311531805,8.842698669230277,1.9053652566182848,4.134087863325928,4.15660890466566
2.1742036918054786,7.56349708695561,1.2659484131157763,1.0069383766681987,0.9725439914003642
2.1679903755122507,6.353119873272731,1.6176682712059192,1.2363821311294716,1.1886705351141271
1.38161632785156,6.852161654957932,1.981586647606648,1.6051547485242257,1.6158893292242829
3.518849511181159,5.708489784089732,1.220475165051783,4.313075068287242,4.280254012745719
4.061909783401406,9.68956072275715,1.840543215858378,1.7406002205733384,1.691772990603969
1.3106519493406066,8.167460325668964,1.6624949318268158,4.987411179347964,5.060695871673992
3.703371576375632,9.189761308703252,1.8712672433296824,1.483821018656703,1.4317592347656627
1.464155206010178,8.555246675848444,1.9876783862044085,1.194858160131584,1.1875935221364844
2.266612090282353,3.743364293746476,1.2867540315951471,2.4064272879169724,2.3409383322938404
3.3922641514874425,7.9859254283554915,1.768049448350718,4.207835368447985,4.218476289327765
2.8935138805379235,9.285333187275237,1.7224403180010557,2.281252043584251,2.2627174298070063
3.2414590952704256,7.685301577146444,1.9013452789708911,4.282330576806567,4.312030092099758
4.673179624251892,9.591839445387144,1.6046540321758789,2.4497303944652824,2.402076501960541
2.0204762563366594,4.882727473266312,1.7396833115975874,1.2206269276511312,1.148568244021407
4.56937264598859,5.032697613264466,1.4262051860306078,1.834683543095,1.6448137351502956
4.841543673868611,5.870527181432641,1.723940619862461,3.764315783132089,3.684581922535755
2.433190019366108,3.2773532109096597,1.656440737207871,3.0014560934740846,3.0435745899144795
4.229004375865165,3.748673456363544,1.2244185614884882,1.9489759806123912,1.6722122976466385
4.793077069238196,4.459240762376885,1.1265062976605005,4.430998855646738,4.298899203934416
4.522102943079704,9.279490020248256,1.8320792300704851,2.123406750345356,2.0678969138755647
1.2015501587592785,3.4750311442729456,1.8961742420374603,4.473118793091798,5.112653940167073
2.7394227700786358,3.9438873458148977,1.018440754083738,4.878162579417855,4.86375961707598
1.9625579726440927,5.437129229801591,1.3942412685533516,2.182382965105765,2.162118428945066
4.306272857971221,8.840861620173381,1.4997990443797962,4.407832720089897,4.388815330467379
3.7381603120478393,6.148628950219507,1.3058022411082009,1.906349249350431,1.8187210366620608
3.853152295596687,8.92386683568224,1.3238126793002165,1.4867668896695,1.438631857689311
4.050159321885317,6.6259911724704885,1.7052489170546932,3.838743629583446,3.809759977664321
3.3745462874394394,6.027042245932223,1.3312007576000178,3.2805254070810084,3.236798712550848
3.864402951208868,3.8811079008252087,1.079206539832533,2.530565529675947,2.3462267368709298
1.1874755051996655,6.747170347056313,1.6282399992261136,4.715144808869859,4.81497921514724
1.171308765475604,7.230013538181838,1.500701028542025,1.7233621236133594,1.727355020303653
2.4039399567967403,3.643115959754537,1.04588725842609,4.218743207563108,4.206375258429732
3.268786970900895,4.780031798897397,1.3885194162404524,3.0726684011736585,3.0035359784592357
2.0517040502153017,5.857240895380143,1.758285688609697,3.0142794428416075,3.0497852632735545
1.3265002066664429,9.759952677152825,1.3363455476786403,3.034726734905157,3.0447934958495866
3.587766275130293,9.198858034198992,1.4312140486636085,2.058296606104885,2.0222406194139
4.436792314423882,6.922814452927993,1.8430232538647544,2.222137340640444,2.128324568340705
4.856296797843299,9.222961590292163,1.3935049673458555,4.497518120703408,4.469269859835089
1.2017509501708652,9.266452026371804,1.3443699865366343,3.5149526688784185,3.533522112681432
2.101885571513568,6.155108571936191,1.3639146320432949,3.1816591454257463,3.185173084959208
1.462283804885696,3.591343619756409,1.2661617054281369,3.606084775638952,3.700120254738149
4.300628492664517,7.908165169041591,1.0640740579424666,2.3697576331309635,2.3176605360427645
3.780992865329374,4.393411572989141,1.270658323254239,3.7216381138192127,3.627775128439232
1.385580970837891,6.308037665265429,1.994994263691205,2.8877048235961182,2.970718423701808
2.2262809468046942,8.82932160690984,1.5480146627789102,1.302134725277431,1.277718206766558
3.560776177431226,4.569595120204625,1.636346212459086,4.27771089640745,4.282676142669102
1.507646479389916,3.458845671487116,1.5199996463883163,1.540497477397285,1.5017251839788277
4.688734316923924,4.8639118470065,1.504956472094618,1.2016400072280198,0.9499889931501652
4.798971419794811,6.8171308119578455,1.8967408581936496,4.91091124458932,4.908879890678934
4.729448887097988,7.896662263937208,1.93776988967372,2.091160039282653,2.005511218066673
1.9133344280015523,9.082473675036391,1.6202813258148607,3.1922560679277296,3.2061047954895203
4.663706298796363,9.800248617466668,1.5488758925536985,1.0728316354002394,1.0103196908776846
3.329781931914613,6.048342860640164,1.4767279582364927,4.817522746898168,4.829259671805279
1.0297107115498014,7.029465108453049,1.9403571542378415,1.8352106517893905,1.8673245763952957
1.6274431343239335,6.51004879367588,1.0786368869171232,4.136926391024304,4.1529066955099445
4.668882174782052,6.096734198010784,1.5096443588717072,4.971290352586338,4.935361287997503
3.125855701639189,3.818178944674919,1.972438997266625,4.8907067163215645,5.217961084933773
3.624320349345825,3.6914555464355816,1.2456502276798629,1.0277219058834843,0.739809781171838
4.305610982330644,4.5292961481305385,1.5225253593542778,3.344299606663014,3.211641264103966
4.444273093250069,4.474387936216926,1.299654860590538,3.836144133541041,3.7074798662295305
1.0255488041295675,6.787652932809188,1.8011663798683424,3.1917636694419773,3.2688603594210544
3.934800414892417,3.0217123014374643,1.9163007014853848,1.2469306863244514,0.5446550768364672
1.6918669924273382,9.28701549969767,1.0059796857181618,1.284086829878707,1.271836917030026
1.9348295519035927,5.636425424607888,1.898133997786179,1.190470805363204,1.1415477186621887
4.172334460934392,4.924261446555301,1.2957136935424822,2.842581815514249,2.71531827652936
2.4305436370067315,5.780324215119169,1.1131995807652486,3.863164584173101,3.854337158946056
4.002283231218126,5.034593312148649,1.3016490891748096,1.979494815900419,1.8364031024237413
2.3041175496683923,7.707568668908707,1.1471690933389629,4.178481966293348,4.180552271220368
4.291651862491118,9.10232708287844,1.9008470912766595,3.793569874987752,3.778415686913546
4.821526919163012,6.600307080690074,1.9201648351165908,4.237055425328503,4.206479804410218
3.607752257796432,8.902825988928214,1.5313016146073997,3.5600198777583643,3.543122868474325
4.417786861118674,9.390070457370026,1.2882509792060564,2.269815890449789,2.2263214745645885
4.24874890711788,4.798501279992487,1.6130608925895469,2.779950806583913,2.6356879287288897
3.9598169467600255,6.731537810745284,1.5240209156477715,1.638329343174389,1.5452737989789396
4.764320434514354,6.195628303918934,1.363163003711593,1.0620113941058422,0.9152479366755026
4.683599275094414,7.475865798647598,1.9235360279577227,4.498136773072744,4.488044449855521
1.79070849827499,3.4465733069525197,1.9434460250554852,3.37438516518681,3.7311677329613455
3.1568833608277607,6.5257167074055005,1.400642658373068,4.994018881704888,5.006875110046676
3.941984905825525,9.268305293614231,1.2495609790585065,4.422346954748255,4.405224853930973
2.9042260162837943,3.891121029098804,1.2350031305286662,1.8282696527839997,1.678146875032192
2.8841403842934263,8.28209293238567,1.0906421888646376,1.0334083492161423,0.9962257484487204
4.472861043387342,9.15271989592624,1.0126959546172003,3.461098183428469,3.428075344835417
4.29281860436436,4.574450065638706,1.538744398029542,1.399605074743873,1.1510092865645956
1.9375988072829704,9.008472631913056,1.8672306778204768,3.999049994262621,4.042254742490016
1.0454745669499943,8.467576408347302,1.3347575341094091,1.6663292663081148,1.6677166206353613
2.7343288558919445,9.228093028890086,1.7430694105327778,2.9894617764262352,2.9872680391062456
3.868096456724986,4.594822328074949,1.0621776832287828,3.7914018010220554,3.696931433988404
3.305816769162397,4.809748729297866,1.8272177965030252,3.1860759488503687,3.162028927261637
2.2525174037384086,4.884525852669543,1.413562231941648,3.362920928873779,3.3738330050755416
3.9293257349722106,7.508908496097728,1.5651640240962967,3.2596022201791683,3.2212830934415893
1.157796659508596,7.064897508255918,1.081185047156454,4.840232160668551,4.872548335930159
4.041702714583828,6.362690728349527,1.8276579401842792,2.93474207685741,2.873370860245465
1.159908843919605,9.822537418670631,1.5398358622944142,3.0617487123664584,3.0813349379542387
1.3468081114037722,8.489145881452984,1.767787810330971,1.4378241545212296,1.4362732207769486
1.8712757004672285,4.343379083284981,1.2956024193544615,2.7681174270811555,2.7655043016070966
2.711851824780487,4.144425096189603,1.655613596188018,2.5292907953653234,2.473865303576202
1.727704817983934,9.02328549814435,1.425085429610638,3.188132099633848,3.19802856897589
4.461699145209243,6.735762651756005,1.0318437718842304,2.411619919918485,2.3377417417549298
2.3097387405291245,3.1142009849554704,1.9147213369046667,3.4419184412519432,3.786073995205135
3.417136322442145,6.833791123138267,1.159683433351101,2.07456862763174,2.01899689044789
3.7150331234048166,5.873048696546503,1.241621680388378,3.7772860264526,3.727815406674834
1.1206630403852804,8.057352021460272,1.3466777118076512,1.799854626369053,1.8019550407000973
2.5523298260095024,6.986085089424275,1.3847643957445983,1.8579621437729243,1.821690281021322
4.269582206320226,4.91038812599278,1.5527119487953338,2.2948741323041224,2.129179475783382
4.872550488825,4.6493198304932175,1.3496615569663084,2.726323337031388,2.531086659998063
1.7231445061597568,5.338370437350365,1.6545596761102077,1.1569673184969504,1.11166605829404
3.0620776341544538,3.04907547387638,1.4610917936520342,2.9384907003516965,2.7996204414643056
1.502548827504885,9.9220418083688,1.0237868636215492,1.4227235608329765,1.4146488417290357
4.306755883939067,4.713132816573662,1.2807155011057287,2.8062313468190125,2.6579388295249107
2.6249795111547125,8.069311261620566,1.5552015577358933,4.7789393506998685,4.806354109844939
4.370505080450911,3.6471990740330016,1.962724797385424,2.613038176697329,2.335129780772515
2.3056832673621983,8.108401929695143,1.2931689447831862,1.3109591410867183,1.2820177895090383
2.997350674952356,8.434850605714463,1.7121593887702686,2.2556880681520246,2.229980936862085
1.6115178709029698,9.673531431524797,1.955979215831672,1.7188498029665609,1.7207075482566785
4.435074268499621,3.0371973251528117,1.9321035109184777,1.2236771240440572,0.3820042367548887
4.8445568427479815,6.2241331646132,1.234142492345628,3.3037214436186098,3.213186141847939
4.143184865910991,8.106862978815851,1.3559044088423575,3.810675948249168,3.7784206569104497
1.4923660664183878,5.880957652023763,1.841737608658954,1.5333835886097478,1.530922600538127
2.060642758539436,6.280883236186975,1.2483932058698934,1.3667722089335226,1.3280598401251251
3.9917043645596695,8.045756724551511,1.1621377993842676,1.1222859209396496,1.061759272104563
4.060263695536536,4.61583067103021,1.8635959906367356,2.4303051830593527,2.2682471656671064
2.4078467229878906,3.301206958449682,1.6615346884146458,2.526885985566373,2.4994398506545195
3.2983070656643894,9.379229194767472,1.7097305448660478,3.445203749369577,3.438715560268186
2.531728765020432,3.894914220078328,1.796440776016449,4.987849404795664,5.283604857710653
2.708262245212671,6.223757440157281,1.708273146069873,1.1098003497966853,1.0299174085616578
2.807244403855583,3.255652964974346,1.0610018127441418,1.3198457214538508,1.0988262223533756
3.460437806685508,5.444358398522823,1.3778839497298423,2.745311178647804,2.67142081998056
3.501198926220225,6.055331080800753,1.7374360646377969,4.628267760770964,4.658233300108841
4.775128926405792,3.371476764753781,1.834966322427496,2.949720098855809,2.597240309594349
1.1665741361689208,5.231756040719732,1.5688092984419693,3.067790820025273,3.1456846702713777
1.429912556109151,3.5888633100376888,1.0519736606384784,3.721252177505977,3.770063044448739
2.33739324080246,8.511582328412992,1.6028168856673632,2.623369700347874,2.618503269677575
3.2269175026316272,4.113718390590138,1.8513746723237945,2.51990477391573,2.4264996310771862
1.1907871088478843,7.887414778280727,1.2605044227578452,2.801232890028582,2.813263171935957
1.9561586643997249,3.4554366629734434,1.3350039636713935,1.8039950206479816,1.718733902518482
2.2425265064462865,8.473859196473622,1.3166012133591596,4.617512267918407,4.632653373175668
1.3764807628731783,6.443548616924087,1.5912484770790731,4.27066666225204,4.352726461980145
3.456794552474754,4.414556698716359,1.044995197935915,2.65894240665188,2.545941767074523
4.739794340635209,8.28479515910125,1.5805744693257529,3.6867882331520887,3.644582265906124
3.435262846457143,7.984005482412573,1.453464347480177,4.888497220008029,4.891912906028942
1.103692862496335,3.057784829585165,1.4778130129571123,4.434227903143958,4.865781895347711
3.9027516856898217,6.78165281550674,1.6782152996013024,1.027323609623684,0.9133181795436424
1.1829899828181398,6.356876096467342,1.3573523133560037,1.901906769463629,1.9061305529311448
3.6979692017884993,4.400427336220445,1.274837774549605,2.474359860512718,2.3308578189719107
1.7835947855018306,9.633499795630865,1.255159579952172,1.8058585426907217,1.7970542719230866
1.6499403209409182,8.963305911109108,1.7939534772268275,3.1707420425777277,3.198619468585343
3.965482992992513,9.694086126070795,1.52755592709127,4.4165910723526105,4.407192384064462
4.503863965943184,4.34365989457234,1.125887198914945,4.610022413112816,4.494881495202507
4.876281589801351,4.238101044180583,1.6784260506143514,2.4937555732784547,2.2195674184421468
4.62863378141411,8.35611766847788,1.8052016098772825,2.376591412412019,2.311509902778867
3.560534792489664,3.3295002147816017,1.865224705134887,3.259795385832841,3.212062656969977
4.961784831594548,6.892153619643381,1.646086810392752,3.8866068839864063,3.8253708718059736
3.054582042146645,6.161710797406892,1.1686881093613777,1.778247351549045,1.7153585611839366
2.5683102885223823,3.5375678598278464,1.4664923530222649,3.1778959953803847,3.161366251973507
2.6840675240632588,7.659422477349361,1.1175253617607726,2.6325804875671595,2.6093753061038325
3.0241201606599404,6.337615089120103,1.76284266653029,1.7977025395104569,1.7333811167390982
3.7919269264473865,6.585827685397133,1.100944353771705,2.1412707384467726,2.0742074997193143
1.4105189044032105,3.183933832377801,1.5976868623086031,3.21382174721289,3.458461997149246
4.548214772054125,8.327844144777632,1.986954363932294,1.0618960884543571,0.9592947644509736
3.318549673289177,5.9377200302238204,1.8700347001798523,4.797683064610542,4.869466396512343
4.589822663569564,5.606664020688038,1.5118511995351027,3.968608531941657,3.8920308052687735
1.848312127306164,6.471823999533385,1.1566748395083226,2.0987065258373554,2.0811725855573124
1.0744878626330934,8.003257888990882,1.2880313580401863,4.593141889295275,4.631914419544929
4.209202185912224,4.158233365625025,1.1598898820047343,3.510206759436292,3.361261157925117
4.709642516320413,9.778439804152798,1.1892020119909557,3.5095548882706598,3.476787804900003
4.840078335468707,6.578341228706099,1.00805682464726,2.1969398111294742,2.109103118082259
3.925630574515648,6.4216116826688285,1.4459414029355768,2.884100351318211,2.818839600890745
1.16634485500624,5.415249829435947,1.4959588831414914,1.1608346446217053,1.145928280975102
2.252509728092879,5.59417027672573,1.933322402907676,1.3225945404302275,1.2611468318361707
4.135487356068524,3.825028853145953,1.317406084323849,2.8023363414854314,2.588326889837365
2.4075070104558,8.263258761391597,1.1672646426548594,2.142181056090083,2.122306197518633
1.912719636876166,7.35696318695604,1.832825181626408,4.844266591483716,4.935097152683298
4.7612457439154205,5.6557760588924495,1.2198252187960916,3.2657675669351875,3.158539391964352
1.9141214424700328,3.227822408344968,1.513299325962682,3.084751553629054,3.177593837812624
1.4335187879095854,5.98812227311859,1.1732732906598118,1.6904304940463382,1.6760110518837266
2.3352062227532158,8.534598987985694,1.1608938884759206,2.218235906058032,2.2014790078990063
1.936685901980556,3.87809975503422,1.17123567403485,2.9679753452238185,2.9551469594848783
2.5508424504716944,6.7626785831472365,1.417185471475216,3.892401372496399,3.899951829235762
1.6417715037055411,3.0406158872660827,1.4293593510464473,4.800488184448308,5.15133302311604
3.8674493696637096,4.457961558473498,1.8206246448446577,2.9074805159168973,2.797073817609685
3.1106445783378884,9.72171790086006,1.2937752085245011,1.65194784931716,1.623809633490722
4.048740012504619,7.827626456435049,1.2218786087666795,1.0455031693870789,0.9767366414189268
3.0876657836154697,6.79136166805362,1.5405159057140678,2.223628800706047,2.1772531602376506
1.3143839128401074,5.625942194451199,1.9279212928481544,2.002118390290696,2.0459375352560847
3.136932960330049,7.819045831335099,1.3164977494193777,3.493187995927414,3.475252712136379
4.988578199911961,8.403273968290037,1.9788681305105715,2.691277227545537,2.625311437493477
4.515829554905611,3.412714411746397,1.6095314150294031,4.025494382694379,3.857368989334629
1.0747789061664976,3.949197554267852,1.964175315219998,4.075838228926548,4.542111273119422
1.1215043057615963,4.214851011569785,1.765958297499922,3.0883918148752056,3.2785558929091376
3.738830986531988,3.3328230960852165,1.1511328350666563,2.272457064092233,2.0086010984321243
3.9332013426426,5.34280393506567,1.1896942548005058,1.449412395435674,1.3185936538874778
4.726451240934344,5.702145944807583,1.5616407041256797,4.769240596874656,4.7228001143241904
1.8967213211107772,4.446345204474625,1.3417284559312908,4.311896927735879,4.387709869392739
2.869887129455223,4.627556592062786,1.1013997167867258,2.0029746138014928,1.9102631245362045
2.363478961562456,7.521116008598593,1.4573447847156835,3.3561003535849525,3.3588686206648704
4.63848474753611,5.846593702930504,1.9156650638334631,1.1326384889263703,0.9236777996194356
3.340104246102928,5.984908400172648,1.175070373109541,4.346823974094544,4.321360173087575
1.0128020280050678,6.438079703704965,1.846021215144628,2.9116051746947464,2.9921375202227827
2.057091588660521,5.02395954557449,1.9343687911027072,3.8756613720206734,4.028595170369282
2.455792208544925,3.737560504213817,1.7183420131659208,4.424997236563711,4.642668618362238
2.593384688333028,7.447975174395933,1.2439054241963676,3.683974069698171,3.6774712394145648
1.27486502085767,5.06399016350349,1.3007123269442775,3.056652272642567,3.095854959055054
2.833228623997916,9.736365832566374,1.484954462482858,2.9417655991052887,2.931682078287745
2.150808980749308,4.395138752751343,1.4445828297043248,3.1340195028063604,3.1480777591657225
2.4322800251991783,7.195819506499581,1.442410080625389,4.63712497664455,4.664032488528971
3.361542326288567,6.765893990966974,1.4111570591987743,3.276811088109257,3.244541536094127
3.952757897804008,5.232638772620767,1.7153777014812954,3.499603475825525,3.4421823159716824
