x,u,c,t,x1
9.35368692837567,1.930155149291917,8.696241783549763,1.5331809394281593,6.557982905206679
8.532484493406875,1.4834422062676018,17.216672912562114,1.4945434035485432,6.338990159433112
8.273910611532811,1.6924036201924828,7.026680967186639,1.5740797065078898,5.780090301824462
5.665497070579098,1.1409600257739685,16.797126295625233,1.889753145879089,3.51748837474052
7.550044378756182,1.8392980725266672,12.70874428450248,1.931913645151793,4.0392055917737215
6.234845487399053,1.648408296165916,5.288280847521261,1.410840351912371,4.114183912103352
7.671966035476428,1.2000541001662717,3.0004685314516477,1.6211910636113118,6.2479359725150205
9.160288836873566,1.2094454104736765,6.5724011567753,1.878207133069195,7.008383954643934
8.933295660847707,1.3729928405672198,19.73942926977649,1.300475678562648,7.165105328955182
6.42852079143665,1.0656099732006856,3.327410292073459,1.1681739486828957,5.47189469470896
8.135071726262183,1.322913338400388,15.425549870591086,1.6784866222002526,5.936450913985062
8.677091698597039,1.364639706309724,13.332233093418123,1.638146843066433,6.475622813384693
7.383251272073536,1.3387430733604972,4.0450833318703845,1.056263577559639,6.325659945383877
5.978255810278337,1.4804314945871528,11.339861618813718,1.340008511946288,4.028946418234397
6.812195750363717,1.0816049277555195,10.04862647632453,1.136123369240447,5.615986584300904
6.453102475818752,1.7442395861693458,8.966753121532271,1.7715084569590294,3.428661731079493
6.8742002970779374,1.058548884644537,15.852800655458084,1.1282605666718093,5.692586324190379
8.391083764203433,1.9218508675478008,5.040404855200988,1.5447840838303797,5.8653302379572505
6.723184081852118,1.0931963476437474,4.290023113218118,1.4212174034894272,5.345997951811505
7.958246336013834,1.3478371028839398,3.529373744979665,1.1692631345561453,6.905669807820474
6.08702055393688,1.4449141539499502,15.99209715846222,1.8584706525830068,3.415660343881849
8.856238610864715,1.9006294157625896,16.426143834482176,1.7441747138658998,5.578679041928514
5.7320600952248455,1.02886303761766,5.418664187649247,1.2992948221722005,4.476701683188273
5.229036062127376,1.2166355677723928,6.342540998014673,1.8608031026172207,3.021221401552245
8.086431791961912,1.0772879877340262,15.651924839048585,1.8480171608573115,6.1100748209518105
7.345274010138775,1.6727871711171538,7.19365524171913,1.437141053584862,5.080511509111949
6.686744403719887,1.679312695548547,18.980571794841055,1.6034532642345534,4.009769826885283
5.7231335890616,1.3635000525612453,7.52111155586628,1.7066335076490626,3.453361830175956
6.406945546930812,1.9082172797966448,5.203625721182412,1.7805216816119702,3.2346641494213477
6.532143127955593,1.645502795317771,3.446718127231662,1.3612386382022723,4.884852131795713
7.058016392838823,1.2859186464116503,4.772993211001628,1.7935842595044305,4.934054469307787
9.84641532536182,1.669009619711859,15.960148099006492,1.3262259022866814,7.675012449993624
5.490283277355822,1.2082496919212753,9.910857897439914,1.5827158812602462,3.6048561104605863
9.579835259762708,1.1416823704553312,11.768784476830628,1.312973218720165,8.119131022663034
6.3782412207344645,1.1160934009099104,17.544403980572433,1.9351777931141083,4.226963804081264
9.4292309703216,1.5961456214612173,18.96764218434702,1.478464172800697,7.094551113805572
8.069545237362254,1.8946776670459549,13.916572800831762,1.83478601757467,4.63638717996504
6.985365604299497,1.9900791172809944,13.286540560418151,1.900676798227022,3.239411851446694
7.416713812489473,1.398673326848112,13.408891860906731,1.6255331505085082,5.171334115639053
7.713121331287432,1.0227506417447692,9.084364471080356,1.6056681485225917,6.109767553813645
8.514234261473103,1.7641775034268656,7.141259761474952,1.741886448826295,5.61528157724084
8.726849173974681,1.8391492193733363,11.933383313199004,1.3501305574225784,6.319257265499733
9.236824992953286,1.9328859755838943,12.477557774504598,1.6562615790489668,6.109206007564021
7.604363910392117,1.0238646579126915,15.120191117225058,1.764029836615057,5.811575407907548
7.235008528992035,1.7558905193580892,9.413281270679866,1.42370549452041,4.819730387177056
8.555953366726555,1.7098847454013808,15.289822521950278,1.0522142340826304,6.799439984945433
9.79265803026524,1.920621925518614,19.50872119278661,1.715412772983669,6.529719647323499
9.295939564635075,1.8692527774566143,6.149166416657211,1.87516183888844,6.078438649912094
7.823230140085928,1.2310970086949258,4.625855642019072,1.6994025451205708,5.945519552561607
5.804992465844587,1.421091473355519,14.667207147542507,1.0122614527408729,4.387116896609794
9.839716167148032,1.5745639257120283,15.113298144199147,1.1766316590915735,8.03073736155145
6.446421713594432,1.9384488474420207,19.862340014997628,1.7605318457526118,3.0482723435671844
7.101088175626316,1.190757679168726,17.911279170963986,1.0747896928535403,5.834181060724497
7.788303450369106,1.067712017396714,8.545603940554543,1.7287685792789258,5.989409828265705
9.12588358128806,1.7836446103888364,10.710845486567203,1.7627806399423005,6.066415354166004
6.545115382571415,1.5054233670714443,12.472201121606329,1.977943122363092,3.5937483797457728
5.888995182456352,1.6089357366078425,3.2817259692214167,1.6635302240821113,3.685856790403048
6.731177046007211,1.5864006829411472,4.677824297526986,1.9061729104931544,3.940757286337852
9.576677448210262,1.8133609279056275,8.822247799787133,1.9590624293781684,6.155625997686461
9.002245975855633,1.703272576126659,15.133948547306815,1.4746605370840116,6.531998426439278
5.097999154201723,1.311975213852524,8.028887550527063,1.5083198332274312,3.1616169468391746
9.0596973310935,1.8004032441894986,13.953254235669418,1.3486041392468358,6.687570460910466
5.795693448926638,1.030801112792156,14.75606386255851,1.0421795281635853,4.732975920085317
9.317892356301304,1.8094412507671505,5.139023299060535,1.036721843371443,7.95117414698592
6.917246129971648,1.9045008178764504,6.7288752113245565,1.2839192975795597,4.662678343660882
5.173338399914687,1.9152016817953932,18.180018599778137,1.7512515916807585,1.8295186272820685
7.752133368816093,1.5039783546308958,18.488568568145432,1.8964758871757383,4.916167401233264
5.322233246318438,1.0498080829705576,4.2851510333965095,1.1457289602254408,4.248918157422097
5.173453231997137,1.282042939076724,5.766969311409239,1.547826932300461,3.2709225491610048
5.467791384198492,1.4577016625736283,4.359640440262657,1.2101360346182874,3.9299654724870616
9.262374769032874,1.275432559072308,19.74641461332935,1.4422385785789364,7.438429301304209
7.761651434204768,1.465713111973935,18.775037886826382,1.4415178937064337,5.66609207173363
8.378844395075859,1.3526287620564217,18.4631681131443,1.2360136952139156,6.725048216518072
7.8345027957429405,1.4660837495671248,6.369906935108849,1.621672736592335,5.607538530240522
7.407874495598376,1.558450119739415,5.96515826360457,1.9868378325199871,4.4666178815908415
7.418050199264053,1.0084239746931414,9.942635198633806,1.402693663197479,6.034659399462915
7.661756293141066,1.7111475075997298,3.597339360326707,1.7757466085301434,5.255874965845425
5.085305722095182,1.9764033708941748,10.074949047284091,1.2293433862891907,2.7082488860749634
9.444075493708484,1.966554136193494,3.877008213640667,1.907766033187471,6.605127381527948
6.6441510147417375,1.1321511787493492,17.852370086399866,1.1542326714180433,5.348150482030303
9.350859083689988,1.5908563768072552,14.223803914182344,1.6837244509822598,6.714423587221931
9.600555940644998,1.2259767087262357,3.534383122058759,1.1779204347673096,8.696388468283185
6.409961245057988,1.739753032716283,15.846406235931909,1.715899217157453,3.4455488158170824
7.254831705853682,1.0910766850796405,18.05882338120687,1.682454005541958,5.429063351446494
6.7338661036274985,1.6194123979944424,10.455541275122068,1.8631904873294047,3.7619904573182894
7.84231372657948,1.1086268074915633,3.870389222376215,1.0382965681956713,6.983862830084888
8.524254371386192,1.808407458296764,16.680450898928036,1.2452806170290858,6.309469227961196
5.224579073904792,1.0641609641676713,12.52896388720666,1.4436987910596053,3.701627366382344
9.40189051306023,1.309269549795058,3.336087828855857,1.9674584728627087,7.421369499102139
5.306248463970139,1.3062263711340416,9.929908657555048,1.1308049577782997,3.862727356237909
5.4444552613509485,1.926458894097597,11.47658877552275,1.522938578646502,2.546712340680518
8.560961456441792,1.9500670912370792,15.930073092800455,1.498897581185238,5.680734847060147
6.898039724371162,1.6765022413609854,12.06468092573196,1.216158794197927,4.906751779439648
5.715403202348025,1.906097439700124,5.675329336155224,1.200856098163904,3.637760747080904
6.668849209604126,1.2541890345812183,6.49235264020964,1.904036241874131,4.363011950585607
6.49533820687849,1.200661891806912,14.63103461173792,1.19115976729647,5.082299798449657
7.695143695457839,1.7371921902375669,17.859052891535434,1.3454666173987908,5.383338463509888
5.323897587602461,1.4278613638295188,6.17206298667982,1.0937237614400366,3.867117552760096
6.807573112272943,1.0809579617960754,19.242315450164394,1.9174487709184576,4.742380399531994
5.383398509856948,1.3167184874030482,9.883123376583487,1.6139809499739313,3.287547511040192
5.043175227836294,1.0804987822368548,18.81788930116707,1.9640491766236632,2.925849593696041
7.303949031572385,1.7658823450471606,14.748480327317816,1.7296458846771976,4.280390569784699
6.053603079182778,1.1993062768274223,8.84664917988418,1.2913953325224328,4.546799257446263
9.618710333378594,1.13828094147155,4.512898403896005,1.45947670635103,8.223293468813887
9.613534435945958,1.917743969610605,17.137491591629512,1.1950590620669432,7.367994860793493
7.025729162247883,1.1493509922615752,11.633659586614105,1.1919913828472573,5.683517722304488
6.2723869931871485,1.7005971497117498,15.560788030609883,1.1236323826104213,4.387823150503858
7.146307682544185,1.8430672534572443,11.27046425282883,1.6912339230202336,4.084230752852599
7.919330662550871,1.9395443556308332,17.25689461333889,1.9547090104437796,4.1544085930795545
9.32265732996222,1.963416999888252,16.951823869212063,1.6332347272814722,6.157376703477387
9.046422190316097,1.4262267400120523,7.503305858875821,1.8619350563944896,6.509558685869484
9.278555856469286,1.027295085040567,3.374086364490451,1.881657490625924,7.711663821577116
7.218254608997004,1.876213348309848,11.02980107841274,1.1742573007775103,5.089267792969999
8.794564068850441,1.1011276518350197,3.703969428327269,1.927865230047316,6.987654640927837
5.699960554008648,1.040808465337443,3.2765719363766665,1.092715631673129,4.811871823376556
8.32820165705277,1.3106361076869706,8.233936925088294,1.365031973265122,6.623589588952169
5.817910885324268,1.3778026573633613,7.0424101771281205,1.7513356944471283,3.472012344284456
7.315084251671049,1.469363384949454,12.769548030649258,1.2131909169065604,5.569460277389968
6.37623053365061,1.5960354778789192,15.712870922798407,1.0605765614193774,4.707862342145728
7.323704709147419,1.183955374529272,16.29891776894541,1.7269850863824177,5.293014430825629
5.892380316719,1.6202918084451812,4.390418611305517,1.6131658194502148,3.527598221402497
7.365306380889651,1.5700523607253785,11.63451836161937,1.2301662444116142,5.484045101199301
7.00447353340251,1.2035059716918053,5.407674501548078,1.1630439099349736,5.748925753462552
7.83995337503059,1.5708429188000317,12.938157102064087,1.9835972062425,4.759241461710503
8.095587621949779,1.059622245268911,11.05188935677926,1.4226542980156842,6.61860214344743
8.098501010190466,1.1964058799385449,6.467242501771114,1.655547703295858,6.225244779775212
7.110864466159882,1.2610689022654162,15.808439579721364,1.739106241433571,4.933453865637654
6.855504293606886,1.7494720768395735,18.08409471293561,1.9097268180043168,3.531052612183855
9.70541823442078,1.7308551964961738,17.920242810066018,1.900658038720304,6.445791138062416
6.806939557897085,1.317100842792386,7.143826704550394,1.6349310693956838,4.734737702440197
7.937521104207014,1.2783228880148387,13.149902828311593,1.941079248964535,5.482160019838533
5.868729318352351,1.940670275338148,9.38308882121862,1.5300305225067306,2.9635228560346656
5.135892488777725,1.3246821315081552,14.632464217066834,1.669554066172687,2.9363214758588434
9.422831538148229,1.726186144321587,19.8528907242442,1.3835635321164397,7.061286006417211
9.013914692115335,1.8350636226141697,10.598530021956986,1.9219432980703608,5.571169748271116
8.502012880893284,1.891148593205948,10.745044399573048,1.535763038221021,5.686422851380171
7.292324790522123,1.2757110863493435,6.051852180434937,1.6848594088478714,5.26114951172886
7.64864600150414,1.6063969512072602,7.544927274000653,1.357437001586104,5.596379206020378
6.64588956079224,1.0012684731503445,4.925399147245059,1.7947322823513023,4.95228824116198
7.1986463595661325,1.5530317460890672,6.899693405414391,1.0441131672458737,5.723990772131008
5.281671746474778,1.4020624965567987,19.68740897072493,1.4397340512815484,3.27138098254772
5.811446713673596,1.4168173370595565,4.53231849101051,1.0683656080958697,4.524519533838719
7.676283716358493,1.364732538529598,16.612928089919095,1.3507623254413392,5.852635899683103
7.393429583100642,1.7107502629085571,4.144844533532468,1.5865283898925888,5.137273373775979
9.85274926575702,1.1481246532092717,6.746286705726436,1.7789156075894803,7.925956821998497
9.557532106342917,1.128744463553773,4.495562960898224,1.7942107945969974,7.781599044052498
6.706957698237485,1.9167564943021205,12.333331127718262,1.6213185452640353,3.643555400784824
9.163688730735991,1.475014778982737,15.0658188523103,1.429281972607543,7.089536299997823
8.019606896954581,1.034859407847631,15.263639510721486,1.7190596231825557,6.2550146564168365
6.394298620609919,1.4591107288489278,6.417216390118897,1.0292692749733736,5.024074269580416
5.363317790014762,1.5483412532845204,11.651441441758108,1.769965686222466,2.6462767057737344
7.625980709091531,1.85007525954454,8.861622987440562,1.9862551134529505,4.040291354073816
6.572045229789024,1.692532333093503,4.114704844786157,1.2362614135671617,4.914663502052456
7.6606085287692,1.643375565849336,7.532203059438594,1.3754304918384128,5.533571371621516
8.824833606938483,1.547264948059872,12.520563596727545,1.1934277856264046,7.032187225088546
5.745587512858735,1.0583827104573884,12.29307190242853,1.26157782536125,4.426792669083896
5.610957182743367,1.7159499454932048,14.207790333862198,1.4067912313194184,3.2205486713962728
9.828899415239372,1.9497763925858915,9.810407953428005,1.0721563920884698,7.895949752094647
8.911043913271854,1.29060218753815,13.161171210293848,1.3474926194733146,7.206700609638145
8.97540365742323,1.4621281726020328,18.602832833915723,1.4610911018090098,6.86032384502098
7.455222830010085,1.2344317861506768,10.568909722104005,1.919474196080896,5.120811527690954
9.812973838051589,1.3191067539065364,12.180943480816437,1.7843887768370474,7.503301034358496
6.094750218662245,1.2132659823845429,3.328808620448477,1.724302832975337,4.298383639955093
7.676710534364548,1.1871159908962734,16.072953547822127,1.9751996167803316,5.34652207045443
6.380201563484452,1.0089903999202512,18.29975753673586,1.352136027641746,5.023551074692267
8.67080689036544,1.6704681485325157,12.29566959724459,1.0538113964897242,6.975119836501664
5.52951872759529,1.2786105038043378,16.830788734929648,1.1181350799604854,4.111741519555247
7.81393451028148,1.39507863152247,12.08817996352858,1.0668208032221085,6.368187090857883
5.136765273063123,1.839779558939873,18.635519221867646,1.2594989615688137,2.833406533776119
7.407104978706172,1.151723980883332,19.65218444836168,1.3941418634802778,5.811426885980848
8.156122525207987,1.1636052869813454,16.799258894552494,1.2389887459501825,6.730593693587905
8.019039344113784,1.639478826338225,16.895806524293995,1.9374722201873456,4.8655552029032885
6.394701905619735,1.2215431207755805,18.671311206206006,1.3285897243581992,4.782017329424088
5.73410293087213,1.5806991614413772,12.666298067270713,1.9834594290443757,2.6193269591061843
5.338772703147738,1.2427295695857752,18.704623765509773,1.6365403527614517,3.312314365200599
5.444327165386275,1.4249848724414271,5.610314506726302,1.855615793444001,2.895043190415007
6.948008013552676,1.6901875559412685,15.84695684120115,1.8909737111814364,3.773431876799432
6.432198192061878,1.4366184626212923,8.470904921148712,1.0992203450350213,4.924372717198348
6.79462398250987,1.6510846570904345,16.538811390836678,1.1104531920564007,4.986080134936986
6.266647755693822,1.769893777185148,7.663701216061112,1.4085258667605476,3.878556389666274
9.763795552270317,1.94744676010564,16.099374861903435,1.2347471682648916,7.413630358927797
6.393291081678125,1.5225106955041714,9.09707782196325,1.3529132909531807,4.395462326720152
6.98928341859625,1.4624480813026604,7.138586085164208,1.2311311231706406,5.301256713452988
5.470083364240276,1.6032250813803204,5.768687348857352,1.3960585490534947,3.364430188775666
6.100880893407041,1.9283945280628745,10.955860415014866,1.676151078829914,2.914096644504578
9.03995980530738,1.7275665136805989,14.286377580782217,1.549169025218501,6.410710585323118
9.863309647523412,1.923470184954474,18.5695824105221,1.1055355637525788,7.778686964551965
8.042734364401483,1.2449811709109042,17.93707316901842,1.6775716966976,5.968583394019406
9.9361723494187,1.0882313413399474,18.160425330638848,1.7364256377011524,8.06102530263241
8.651740321907528,1.897107558680875,12.467831390669229,1.6592978100780778,5.568716904049892
9.987509244110717,1.0656765044331036,4.744697064137808,1.0682780589457197,9.081090524876863
5.4151094850146215,1.4282686503406232,6.099187293559103,1.9805154856251133,2.660373529530632
5.953556681305855,1.2812202068726026,5.322325035135625,1.981264588034474,3.518590962608009
6.697632865851646,1.3228129000273436,3.7219708593710186,1.584853612826731,4.922552607814307
6.933147862524605,1.2413165434882258,19.717973015597117,1.6369935851203676,4.910861545860342
7.733988518378993,1.4627795480822083,7.947555205194936,1.7990475810944733,5.191061948324244
7.7987011195345985,1.3179868421971737,13.42659050244898,1.9454798208504496,5.259987922607602
9.960899848030596,1.2274818699059813,13.179069117334718,1.6863663913202582,7.92536613277437
7.989276012240235,1.4538500362246682,7.311096507690215,1.9768970918936248,5.219401455494669
7.7543487309940655,1.7368943972165258,5.085436112439089,1.510968518594161,5.458176892945949
7.893593091223791,1.6033926343010845,11.039101183597449,1.465390289746175,5.603418687020199
9.059326049960864,1.688527297891139,15.90578023576754,1.3052399692685257,6.894350886681496
6.4477127034883575,1.7645000832932711,3.85831602564796,1.8194790719974017,3.640212490529247
6.10945238532767,1.3184945517088698,4.644237126195772,1.7482475562799245,3.9676497391713994
7.420644681630799,1.8805228271740968,9.150730623522849,1.5151689668419923,4.671033286858438
7.314414513823061,1.8153959397672497,19.06438645201011,1.0805866315582833,5.377156664878975
5.419252110168449,1.876826425429469,13.41082430390642,1.8923062767994827,1.8862850571307397
5.6104294014649785,1.2369050470649952,13.982019489986088,1.9451623809812413,3.2170611196404306
8.380732519231458,1.1138056880128104,10.555765613593875,1.137473505581469,7.153743330938093
8.67348350829798,1.9109579064919504,11.071082786337046,1.8439137940678063,5.228315794834173
9.596667287417231,1.6207274058600252,13.829456661382226,1.099629185886834,7.868690829092868
6.4616963625353065,1.9279498217228328,14.087387045720424,1.0298657022396975,4.518683758157398
7.760322579575817,1.4604490384699913,8.538385354884358,1.5454603854840256,5.585569877373486
6.503414602811736,1.4791503838616635,10.22110546124584,1.7645109210088987,3.934858534050587
8.252849246155346,1.4861854535798664,6.736610667799543,1.0322201870108971,6.888501869253154
9.22727765573588,1.3961752678122838,7.410775159193809,1.832632269698552,6.7901954591564655
6.8439736268825975,1.3415045341787413,6.22713397211659,1.333995026704168,5.1759469091290375
7.520438653358929,1.6333195730985564,8.600685217046422,1.5190618100723583,5.132728998041572
7.932812499839889,1.5512512050093816,5.805804973329844,1.6879425903314402,5.514889078260657
5.600607450905227,1.7920092391718776,12.845146697549929,1.2174044454146564,3.452772616096436
7.886097183887353,1.6023643481926275,7.488128182733588,1.2198902057072532,6.072038628225438
6.6029692865983405,1.0288466307557944,6.288303439362972,1.64145541231298,4.981288060747659
7.744779154191628,1.003647025937053,13.01907107570189,1.0771449984619346,6.683595508768936
9.855099559734397,1.153569941908452,14.477146428063628,1.0806072355815115,8.636003230478671
6.535871421050347,1.8657039121693144,15.765888892987718,1.321868958580561,4.098453646997873
7.865171177147442,1.2561666491855503,4.480663388215671,1.5500531063813447,6.165292762500673
6.515526768035858,1.4153226789325837,12.698952218541814,1.368490797431572,4.607375454519562
9.14857511230233,1.1549123966682222,16.81392777827545,1.2304452965707957,7.745812636804584
5.765933225044081,1.1634978417794306,12.520068905377515,1.577249315776574,3.947891209430369
6.77509068563888,1.484272672507876,3.8568974771174567,1.310350451948821,5.233208878233724
7.075551574709497,1.6214930398838945,18.61517149903172,1.7709374835333918,4.220028893358257
5.573738208943968,1.011509110476844,4.316430064026532,1.9719203948798527,3.681638444860333
6.112680521980932,1.07376807275806,4.46682766872078,1.634622052510535,4.489109312480883
6.924564465410823,1.934350597757474,12.5685691440749,1.3301797219232738,4.404000509697008
8.531984101883522,1.1370662281236212,19.54597372244232,1.1908094152708002,7.190131689009098
9.749824755946785,1.888474623020819,16.926980680435342,1.2400947973736796,7.454475248000393
5.991916700343297,1.5538864438248066,7.243119919567002,1.593117475067156,3.60021765628094
8.836988995014627,1.9276996347539144,13.266687129952752,1.790816841585244,5.442593778721903
6.12675231164951,1.10479700041798,18.368812849043263,1.6159940655019924,4.349280699991849
9.822276355397728,1.1296276261887934,12.725240385453198,1.696023799707295,7.937738457855134
8.446729111034681,1.4370071153393698,11.415856419761443,1.664555245851708,6.103298801078501
7.363350028519987,1.7749737338330749,17.465369067917223,1.8128441591089384,4.167175008476884
8.5365364091897,1.3475467181018637,11.674970341774182,1.8322372044587285,6.108335851158003
5.36456945926729,1.845093002753956,11.028686178669515,1.152773917815761,3.2838769026161114
8.49510456696499,1.158841552470584,3.370025675257448,1.3464598973486055,7.385128886308943
7.642734462742984,1.9863484618974216,11.730736078868397,1.69683608647219,4.3348230290812495
5.542890818798313,1.5837950237440594,11.190693694671436,1.385686798818485,3.382292196299811
7.992030344494148,1.477533440590166,15.00252870267678,1.4426888591516824,5.889039030320721
7.274784822557569,1.9888226582241064,9.284172872592022,1.118290071570025,5.170736562091887
8.53412980394388,1.3787225411393504,17.189721246112306,1.9871176004919413,5.8131743291628775
8.625826102300197,1.232703825438195,4.626432269416787,1.2326998334985906,7.37280447018731
5.857765197672114,1.5556251062502366,9.957541863654924,1.232986910168255,3.9886752937410326
9.763568851970271,1.6653952193147283,18.51929044361388,1.0485549960051586,8.049926213231892
7.3845234039366865,1.1802785133424238,11.242977535722437,1.922607156394593,5.143733597457718
8.742866446629154,1.6506564735409268,15.131554562422586,1.831007767874256,5.754845377837986
9.147527903374062,1.4752171969282435,9.04846963160018,1.544952422986955,6.961530805337601
7.848011511027797,1.4031954467789536,15.47555854826946,1.6990661377371614,5.4864893911559705
5.6987935100294,1.419460108760071,17.322087535757426,1.013823914228167,4.274085316605945
9.038959543548025,1.6910873320278372,6.735678622206729,1.216250284483744,7.213209934591268
9.797805233939728,1.2734924851556635,9.459540536604353,1.9526317965227344,7.378311087422181
7.51343772164318,1.2636236567352008,7.047453002421801,1.7785452383207017,5.352772658256693
6.190790045438803,1.0993681957886776,9.129332543829634,1.1943647261001638,4.913499730605418
7.3386860749047695,1.466400307663486,14.654276057912364,1.505367011631471,5.157100129740302
8.926847794217439,1.0441475413286998,17.692351580060944,1.0647516611937895,7.8287355734345825
8.465970647687351,1.4322119452471802,4.4339491184067015,1.791169187388295,6.234853610100656
7.367497105267391,1.2975897419840543,18.41390762215868,1.3465261627756286,5.634265091588791
9.118193721613718,1.620364152522977,18.73359247673924,1.621240108869317,6.515613091314527
9.10264118664329,1.5464262800595314,9.62141837265671,1.027054678763814,7.613359465813719
8.678312942838387,1.764490046614033,19.019640944072894,1.1790084648299517,6.626542005562571
7.119836217454152,1.212657739993635,6.646499383067535,1.05868102192703,5.935648199267428
9.969215453941551,1.245538551415688,4.058396302921894,1.9372396633148097,7.939463820719563
7.770188245361236,1.2474770852505517,7.637459156535215,1.883709212742656,5.494087620113362
8.82247155852283,1.6381881554865236,12.26335908599257,1.6491847553507355,6.176150382144634
5.533028653917532,1.2878567214771302,9.191450804753114,1.0497905584039162,4.222704587191799
7.610411752831217,1.7171398811165113,13.194875852540475,1.382628343630357,5.281156232597024
5.120315037524695,1.636423583670605,10.61296876342668,1.3132821217939377,3.0071920010246127
9.716607412944777,1.6280049255600892,10.241295311323553,1.2888113848670435,7.716537620502299
8.569818172004267,1.2302182086232194,17.064352645636152,1.0411925429566826,7.307939966353097
7.8481103505550465,1.4307313094237184,15.58509147853211,1.7513515351869176,5.365051624996744
8.893987131286085,1.5066349682806823,5.499577933443968,1.9591633536094453,6.178621029102868
5.666675158388872,1.5079199071781058,5.266532890131087,1.6028713043910394,3.391670304666204
9.312498804922877,1.6907537154951169,13.42228408314225,1.8099854815084009,6.302461143437951
8.009766520092798,1.3797918361304604,5.213051695000075,1.012681570404267,6.857024087552
7.888047397843295,1.464162454153962,11.348722834415849,1.0345972819231828,6.42694166784334
8.277897307201671,1.6680393610445623,16.343474544134484,1.912947423944708,5.113729131593267
8.566908231998955,1.455093489592596,18.39282753511055,1.4710818089072313,6.4465518813922245
7.321046456951139,1.0716511188028583,7.108602248061289,1.2315435465915343,6.070641039208905
5.626723151572668,1.94046673295209,16.87168010263448,1.897887913203165,1.9569210034333369
9.235839432072218,1.5473441696842258,7.39993610519089,1.438164046521258,7.168983984149744
8.216569121342692,1.43634761970985,9.035956605862795,1.3504014796343813,6.357761039051567
6.592251217183241,1.3159344602697796,10.557733314167152,1.56685288365062,4.565981908019068
6.251235937411989,1.939261195552216,9.570055324383016,1.3529580192797095,3.704348768153437
8.444823239932024,1.2695609216937247,8.56997348514725,1.4567361427212244,6.66899153326905
6.45831464224062,1.351858908440461,12.57677852837139,1.909327016738442,3.899767876974443
5.562110174058288,1.699015029463559,14.455763733377475,1.985793466478388,2.20348940687166
6.771734340445907,1.439564296332566,8.822453261827993,1.4092288969033375,4.807489272968545
8.451029497896133,1.7425841876919308,8.698213777850466,1.584739865577062,5.807217702144558
9.438015965552664,1.401235500646063,16.639925203740688,1.4443821352413386,7.440524486958158
5.658972543282956,1.813070809586956,9.13161718014818,1.261824344986524,3.439676095022747
7.779978386936174,1.8806483559022813,17.33266895613114,1.5195786438209695,4.951417933510808
6.559138272264817,1.173760203610605,13.219360276159131,1.526105696743557,4.786762514821754
6.681072594052868,1.764570964340046,18.415605288369264,1.1808614505795156,4.618610181615198
9.896751920133214,1.9474469423955976,3.016897314609428,1.7744987758947928,8.433410081612703
9.696189500116134,1.5630649294292889,19.808505439414912,1.7653408511430646,6.958544976612345
6.543190840415785,1.6187597597156784,3.018768028965677,1.993225134733968,3.9293369974462
7.278708927010417,1.1399414147872593,15.311200965888068,1.792699311446463,5.249706573701376
9.636775329414178,1.601569807445263,4.582511277193229,1.3816003566683914,7.923733844789324
6.8076442574835605,1.6187255789313446,13.5299866649451,1.0694449492108935,5.113232884523148
5.703651800403536,1.4867778056078038,17.71231328563473,1.464577854887904,3.538638581725037
9.91683295931864,1.0355675026375637,3.724470124037252,1.658072468074122,8.536391715854448
7.007058132307428,1.5875364285406004,12.911472368559116,1.1531173540174278,5.21602051932098
9.097632687896416,1.6343029137861802,9.402146256344682,1.995866188115776,5.925993987324658
8.750966547418802,1.9842295555999023,10.098988988507752,1.214279613217049,6.467622489925536
9.483284024716024,1.6859712291905216,8.087103998889422,1.363746592046478,7.345445227818083
8.583001178718957,1.681232084779342,9.14937348434662,1.945768088496549,5.403726469664533
5.41560490756442,1.933459827588932,16.48022190016215,1.0363454267319103,3.4355983426525225
5.888170752716887,1.1876653093218987,19.987109080915257,1.928231395249344,3.6044463536844695
6.8019195699486215,1.0676933711106988,9.969140010673156,1.8924820419982409,4.8089890444767
7.30747654802599,1.4610556153686676,9.784178360427362,1.214643141265821,5.595554641183322
5.740399636768939,1.1541102051113603,13.21315353681539,1.6686877448688873,3.829184944270088
9.90212783094874,1.0607723985575936,12.075684508398876,1.4431591464386635,8.403751047017284
7.385201310014037,1.234840044508771,5.143803435293554,1.05201752868705,6.269464905769426
6.355359499543241,1.962986317686293,4.514513681308072,1.9337155250590532,2.842252685949165
8.29572340434192,1.3751638790357237,19.33145619241193,1.6239418583707637,6.077934934500434
6.145559878443555,1.619739285198442,17.899601611616745,1.4850683986068964,3.7555439640054
9.399926445236687,1.1746092081815949,9.812763067011716,1.1550080504189846,8.101494362497808
7.924169315554918,1.0366030976539864,6.8503205652695485,1.981161233446516,5.938880336174268
8.362568774651843,1.8533968510540524,6.216117487276627,1.057688301026209,6.707329150047708
9.20795889101316,1.0890059613218366,16.886735273965222,1.513595665441395,7.575412953403653
5.263279636680267,1.2307203060050529,8.969247073875007,1.8041051535512505,3.071988080202664
8.857859902994889,1.1546742255795823,7.004323513000523,1.9090668423521109,6.745803176037921
8.780139671992945,1.3534178531726382,15.92180918055758,1.6675290001136016,6.546972211836314
9.789587739133747,1.3464745164749008,17.324592910002742,1.5858937398569064,7.677445014525285
9.336873185560096,1.1125986024847585,16.947554774711705,1.003119030753172,8.238577071240295
9.989558787723425,1.9492996676511924,9.745078623051477,1.9655613622587875,6.285113133984995
5.751904222337596,1.781755081928031,18.494975497389703,1.1722609667414563,3.680340470935487
7.583733823168144,1.3903119664762036,5.012566719378462,1.4756874150454729,5.757985144989911
7.341952306137244,1.0597899697047302,15.43073765569324,1.2747373592092768,6.0051784052899615
8.95937658414772,1.208223479080476,10.55042484675768,1.9208841263592729,6.682482903425685
6.426201745823851,1.2378502811819652,3.338925711970209,1.2745777445520807,5.2204795649800735
6.963585851876104,1.649862866064479,10.778735959631742,1.3313461394668784,4.823892535347549
7.512357227030558,1.9301513048949164,10.537774885173764,1.7095135022147847,4.285234292740521
6.692769289942463,1.6621562929630418,7.095549295924396,1.3181418813405053,4.630656799266523
6.910749991716191,1.738058155377887,19.29537018109894,1.165788323558384,4.904479507683662
8.602834639186709,1.5989084600141266,7.203540465829455,1.3877231308204725,6.547312231548868
8.340505384557797,1.923909912944624,18.59832736338783,1.0472919990256575,6.359728968048028
8.67547670534003,1.6459332002610898,17.089777460229392,1.851918790832611,5.653624128727159
6.428291059309528,1.926446558688604,9.955403182745444,1.4541577058243544,3.6968081776530375
9.62746499201608,1.2761396844604576,17.798987478730353,1.9937721994877384,7.101409100111945
5.434102435425289,1.9955117299470184,9.748479902733118,1.947569209265296,1.581187180685124
5.658807415838582,1.3642183268357817,3.1475016520231875,1.232383145149961,4.413694898852021
8.576187948030599,1.583767062432825,5.441859859306451,1.1166999068051493,7.115611266568228
8.02330156152827,1.5623956769211036,10.545620205451243,1.175092649697484,6.256387245821395
8.32440103499227,1.9091304887172629,10.141109038136385,1.3838632363700425,5.7858777202840175
9.8792857832037,1.6837466695471577,3.961266285984757,1.7498009661225131,7.659417222825028
7.622945449649328,1.5775728876489763,12.179047953612413,1.7275384035084964,4.9392394093902166
5.338372499311646,1.8468114519132388,6.317434713427822,1.179904201569137,3.3036283521639755
5.665003700538689,1.2635469867738691,19.49444265373788,1.014045636955589,4.392946667689789
9.852351557530522,1.666995056328447,4.687788637557189,1.428233373560111,7.994007267784661
6.11315203315483,1.7611737934836589,12.293978792101036,1.3987724425454684,3.6877063577438967
5.330763975294229,1.569653265685083,16.52441148968879,1.5021258188254314,2.9864513240323816
8.535882353433909,1.7510080232942704,15.428606235215932,1.338392046487256,6.232615924778617
8.407936905610143,1.145038262527622,5.877642665085709,1.0258065441994104,7.37464363468258
6.614068481532501,1.752261708687855,16.894097178690487,1.2430677064986453,4.459943244919129
6.35003060438692,1.88971109517774,3.63657417120738,1.4185662493989923,4.2947267062481504
5.907841665620193,1.3951540625217087,3.587996472133306,1.8087126381329368,3.673492173881628
6.021668888860231,1.0779694596720275,17.8776417619327,1.2780186330550882,4.652469111828982
9.522784130775412,1.177826408421541,17.296622236764406,1.434342197626571,7.851603226700044
5.524517710402783,1.7904237536650744,19.2882765215719,1.1224140989473166,3.530162358041816
9.187763901963836,1.818251360557195,12.189888467323923,1.0719680854505138,7.320551633095148
6.599607154850127,1.389362821101484,10.57600011002072,1.3944766648652904,4.702931141611681
8.053247663009747,1.5147030514040716,15.8085282390296,1.1644743303875664,6.318485531776353
9.5232070137558,1.7749591234136084,19.243438941244023,1.230823952535238,7.369962430333192
8.674024416112257,1.1397578930955947,6.243793766870391,1.2645754770419686,7.356315654950481
6.096275031115638,1.2587577515365602,9.437207936007512,1.1226752274767555,4.725321318835623
5.732702791445778,1.179705931022521,15.944931800913531,1.5599639666394425,3.9031014318693873
7.027570965602837,1.7863063270629462,8.552400593070647,1.919485087010448,3.679946577747064
7.394743609844597,1.2575293550231126,7.6444015110010035,1.365638642662378,5.755827262798821
6.907091379324601,1.2926554860242443,19.03396675199673,1.3103434619115109,5.225332748936928
6.497818023537483,1.012479930063542,12.967480758578075,1.618078567199437,4.874426484451852
7.110991991192943,1.638280134504532,5.930913090784621,1.7026083474326703,4.496594553224871
5.206974814117065,1.7673524903463895,14.894349789549466,1.5623863806451654,2.463088994878793
9.324101850942348,1.2339721505407124,13.301113702497934,1.002443829761314,8.122141874928474
6.208211474903394,1.954007591592588,17.830830806221,1.125021526329658,4.034207575565819
7.651465042536996,1.7521658623555223,10.847294295979284,1.6429917210845368,4.836180896871138
6.988134159106863,1.8033801469636908,17.20483274302763,1.4351082900220211,4.424460960012076
9.964358333308711,1.6195686757522387,13.665948187137095,1.0837865102908504,8.26735410003423
7.65248505460964,1.6832698715350984,16.44704777306783,1.3018988771968256,5.4898652690960095
9.589657169616526,1.445338950205106,4.818978538409292,1.2317073265192302,8.186300723460398
5.768700311086582,1.7559606534653718,4.43346960646239,1.8375949890093932,2.768349572982685
5.507864625674811,1.5098926761613798,8.656355540691791,1.41585600103197,3.422540533841295
6.778052911859658,1.8415002750395413,16.12572920640701,1.1618402262295078,4.669067956565975
6.165318481207757,1.8632742203426145,12.372082920763358,1.1409036216611488,4.086107061751942
8.479644098473194,1.733038676092149,5.069158937505978,1.292683986504472,6.639438754472535
9.098165613873729,1.136358005621189,18.045468858071757,1.9108832045102464,6.940492993598282
7.190183842814168,1.665769240496327,4.620571506881552,1.2546923259976883,5.467842316252011
8.876285643177056,1.084788729837053,16.607882231176937,1.097334507109558,7.702357778354352
9.464457105228584,1.142339316523198,16.723831474428014,1.028516606696917,8.308948424163264
7.860985924013148,1.9920493215393515,18.83529626433355,1.5484788916532983,4.803278670192871
9.952178419643314,1.14514244053253,5.141535568715232,1.4959831731483786,8.451349111967698
7.53065652775625,1.4042709778850018,6.580095457536835,1.3952803395244433,5.702681489993721
8.725493067473751,1.1140248070549372,8.68986812662709,1.3317648951932055,7.302126872603347
9.9799519350499,1.095288200921558,11.508492953016296,1.1334942679861966,8.778295234962723
6.709874182326775,1.6875358179676667,5.739146707433818,1.5463019250573509,4.29008492780395
5.113237144928913,1.739265091176486,19.364670003726463,1.152332106166606,3.1216427611459805
5.223154853613231,1.5976133955568192,17.444786775872586,1.8161327135194512,2.331474650122808
5.714221621595542,1.9023907135862017,19.223214644488547,1.7685228209997643,2.3613920807952566
6.873524467550444,1.6555916565233204,15.922721719012667,1.3637419721175554,4.640879428893741
8.980933903005194,1.0334204160226963,12.214614844254282,1.889244821977224,7.053840934259324
5.945143337239862,1.3217819915019389,16.595726975466086,1.4010048844419236,4.106365340499583
6.686185705658521,1.6968018557928852,12.118891078806952,1.0238537020603486,4.998142191349958
5.931278349197703,1.3443383172369303,16.445372316315,1.7068753081383834,3.6488724409587023
5.89832443942623,1.4920734585148034,19.75727108987705,1.977152434358424,2.956711336191736
7.561344476645319,1.9011568172182092,11.557038264605367,1.2327867919323914,5.289686253124243
6.8278081416268,1.9293499962893312,7.529777997136514,1.9205852108513983,3.2301627635940946
5.466778996109548,1.6268796673641508,11.006769730211804,1.9259336403606064,2.3594322578154885
7.198458313044137,1.7440819745895777,14.102939270122825,1.1997377593236829,5.1455160821287285
9.916522673042536,1.1817077135222438,4.875462816365516,1.5591296330739368,8.322241847325195
6.47580377453807,1.2576859793427104,19.46269973482324,1.7663251465139251,4.263231887441742
5.029437181073996,1.5644038619985725,12.333192520796995,1.6194138559718612,2.516345546446143
6.806308494115338,1.7264698802327323,16.01012497162238,1.3357200399552505,4.526624259266417
7.674347053425778,1.04794253890535,6.75667741198266,1.9539835510274943,5.695605979350812
7.579202384912058,1.2667942898877196,8.854832442697637,1.541009981110745,5.685543176106458
6.730599229234663,1.4567120396585944,18.56191899007887,1.5163196545181172,4.535747264476833
9.639892464398494,1.872923761037852,17.60875253172995,1.0988624016557234,7.625061324773976
5.230733777528439,1.9766091837626425,12.951943610979892,1.7855776980668927,1.721509689028907
5.439616738929049,1.6126823071142802,11.259368627996912,1.3864059895137628,3.2371614322124573
7.110575841423889,1.5591170778852614,19.088750757786457,1.7052442300975614,4.466824861746595
8.20680488992852,1.44284317505918,13.404889225144506,1.583133553683068,5.957200313599208
8.08961343384627,1.6124573883644913,14.102183835782249,1.2087656075992346,6.181068537306786
6.395948968699816,1.0433586518841496,6.967778931205163,1.3855157122456916,5.006809268579356
6.076194351650086,1.5290838114811884,4.005801018646366,1.748972481650642,3.680564503546463
5.589929047713835,1.7514130246572333,12.048783629769208,1.2735557848708283,3.395470805172553
8.990404899724961,1.5606432792809954,16.86854966459449,1.1176659424094688,7.277339430724044
7.040449154781889,1.0657784368447063,13.723979114729088,1.365521033256191,5.602024126266571
7.241408087230781,1.5342304297232987,14.95820396000179,1.9758193845084908,4.232367312876132
5.344777944481545,1.4959202400164813,7.670181038289714,1.6925676586323004,2.867903644099287
7.558283116973562,1.36722271156286,17.122488948479955,1.5242641918517317,5.491810239040423
5.466697518307409,1.944003529024394,5.527926666365456,1.944529610768776,1.8016039846885905
7.989593131530793,1.0986062926281914,19.452083379229403,1.9733772542179624,5.830935401757098
7.743606364139151,1.492916318148,9.149322554014672,1.0035806704799612,6.330184177294881
7.700920157174069,1.69386049963494,5.461679730418246,1.4187323682110178,5.572554852041837
9.035348402481088,1.1936701152516809,15.02041780600929,1.347267232980394,7.450720376489785
6.698014231298972,1.137074504304309,13.817878425089688,1.0214756831154184,5.555361735326562
8.262652568515978,1.097794541580957,8.247205094332895,1.675888175039048,6.4805412199425865
5.411651792485747,1.7249248127158534,13.168547169719163,1.6829544042628806,2.530484836286997
9.855619636642002,1.1938843972530846,13.798513023421034,1.4498814202582977,8.155211847789605
5.293459931022538,1.4903478969461532,19.63152802697266,1.1778136376068065,3.54834762712271
7.543945114221841,1.2664425353244413,19.41654301869315,1.4524314957963624,5.716697295147283
7.5678122195001425,1.556874940101303,9.12334991104181,1.254397203160976,5.698456592068571
6.941764753680857,1.02940125199945,9.987829594885085,1.774983095571169,5.141978203384912
9.130749122121037,1.6842486953948832,5.876999984734128,1.151309233224711,7.506515874272652
8.190858624715945,1.5484152272355107,11.635596584257428,1.6082273835385414,5.75181218863478
9.116290035885426,1.5920189145699064,7.182349994971141,1.9897661870267884,6.100291375064676
7.645872032602563,1.9504737858113737,3.952272974366829,1.9062987568849084,4.515921604742076
6.270462032643936,1.4828300275417698,3.2222310131694782,1.5159742261484466,4.530785171328231
7.949373239913286,1.9446728925678576,3.335718130688895,1.775599125288282,5.5341629686937
7.25966766882428,1.2379039011588715,4.053596344374603,1.1286807921136583,6.156573435714386
7.689464345629871,1.5119772940714071,9.910491253185585,1.1826824356332324,5.971175729231402
8.905357199137857,1.0573314523842072,15.93962510106266,1.423020748681014,7.417088693622821
9.457718624342808,1.2674467929712616,13.136281444087151,1.8613545508848848,7.131824346873578
8.435646428194213,1.7110528754769676,11.325516764631422,1.2134302183207533,6.433246392007845
9.95101622518932,1.0248608506838155,4.518784755058988,1.076186930235758,9.084812509561091
9.550638011399654,1.7423860035419216,17.287824977335305,1.97707294933245,6.137063470426176
6.277645754903693,1.074088956599112,12.538835679449257,1.8684290594876096,4.286542596233575
7.376474056570267,1.121616462198377,16.13409569070452,1.7090772679403994,5.472785333110321
7.537614532822328,1.4762790510988486,11.993847312341527,1.4287706718435906,5.469943978325628
9.410599630677943,1.4096231880137695,19.44127337986871,1.5177466925103946,7.290337428614612
7.025782006316141,1.467185983183319,7.416599467534624,1.1458916103236114,5.4522973047765655
8.623540166399039,1.912809334647112,18.850406850285214,1.3367466007227715,6.098075331383691
7.8542743494181,1.320846730266017,16.949018814949138,1.4537942795643577,5.952136635196666
6.939435870322603,1.191313935506312,18.737721597839503,1.9212511145571247,4.66005063287543
5.2129938810887255,1.9850184595421037,19.350358636417845,1.7630661706316746,1.722361399228805
8.548564941753312,1.866692386685376,11.210026112139545,1.5148713997989414,5.801769793643816
7.9094613265629885,1.5712473292356697,6.227010432517965,1.6124153008891673,5.555731357222373
5.511547023035618,1.370438106416688,19.62045885439585,1.850664283351123,2.982610633680481
7.595637454254708,1.5899867870480904,11.412704788133338,1.2410606700621036,5.677737836169379
6.722069409340322,1.0876063218254717,14.806955561299777,1.6613326234698065,4.9285067999577095
7.40936986405967,1.1875292812185645,17.08711464171148,1.8215802386737443,5.258905741538598
8.53620471340524,1.4258429840738622,8.987460642958013,1.6352531598216418,6.284178319180792
6.446239392667764,1.6698981882096715,14.90443770126777,1.797782650636594,3.4659481906633003
8.898860917064106,1.1542464536056225,4.1686148836238655,1.4087173244889275,7.568780279177615
7.676588772183292,1.2351220529316596,7.290298759343639,1.5157828552448065,5.889551583162893
5.232938121141287,1.4578997419543929,19.123967924915185,1.6748346081856325,2.7993434304640283
9.460777967588424,1.498427602936796,19.07980504098584,1.9012167500249848,6.632427376577808
6.6200855682690944,1.8893532524598429,11.01034901282782,1.26473228729378,4.294255927520739
8.985852546928045,1.1349779205666035,16.903948665209242,1.8166154519459057,6.939694385042568
9.777902412398834,1.5693068644600765,6.970223279646673,1.3139157748539056,7.919289945230617
8.971720008959545,1.2332095904337017,14.640787599298507,1.217248121726542,7.497241297873792
9.316183746363883,1.660585913363119,9.691646596815469,1.8958222496775208,6.260592071137985
7.293491605029446,1.3080317010157647,12.576703750522238,1.0426640670490617,5.961986736470963
9.320726828298842,1.3255266764871465,8.621842687391819,1.173697383030627,7.858385997146401
5.423768409932138,1.5753463983944476,7.28519445614835,1.5570451448957794,3.0428762998904038
7.218692426072742,1.7887497401711063,3.589796326975341,1.7868295838678558,4.639499165098069
6.440839370044453,1.807016544309726,11.363565490089451,1.996659121405301,2.869354080034048
9.412869743734428,1.0563426883601466,7.151627089138152,1.3814717853008929,8.041770538845526
9.227716617280976,1.515456251149554,7.095409507676449,1.7606414716709922,6.71447806445332
9.26678681672661,1.2822476981918591,10.71460276104828,1.7628928815850275,7.057037772278467
5.590312344597312,1.6746296015661266,8.423443795641337,1.2433321918365503,3.579645100348693
7.497352946199403,1.6915586268070424,7.795581627498633,1.1559391457337014,5.677281249583449
8.882329770069756,1.0718776052414702,6.571872180045898,1.9677243196571863,6.8650978442882025
5.786585116840767,1.6190428237726926,6.829060012613233,1.0622823083071586,4.186049686762544
7.455108450951692,1.7572300609156626,5.891129250054004,1.344474941512598,5.33544121787015
6.291056417504831,1.5335598577654472,17.33963177549997,1.5054023714579237,3.998099175585335
9.322028397960365,1.2178636944697452,7.715018767831447,1.4169472383355122,7.692831695128175
5.505716705660044,1.5896463654500144,17.9947057738288,1.7328514916115076,2.761893504357262
6.911636353384406,1.6510774873856473,12.948988430260073,1.8565598479296372,3.877965058998529
8.894683605827009,1.046307243737347,16.901903774079862,1.9413027659724087,6.876673472488419
5.917430805441689,1.8977755839428967,7.909163148395269,1.614026375847363,2.940267562273994
7.968182367870781,1.347531457031071,4.471184931482377,1.562331133421557,6.148787853820085
9.209494923140548,1.2059799442072618,12.265433942368306,1.2030737010374124,7.796389504324491
8.257660311808328,1.7471139469749892,11.335116209895894,1.2401397690631446,6.164661730573989
8.203676107341739,1.9038628358370533,17.90734059898493,1.3411909266865427,5.682439260309839
5.632579115844296,1.3041709612847785,7.28999671136188,1.244678750089997,4.075045919863789
7.811533360973738,1.9202439547460235,12.036585485328924,1.2447715764014473,5.491602272144217
9.175308675700249,1.844652146597232,13.25701584991131,1.1781871466830331,7.070747685488344
8.775622285499585,1.425740086598493,4.41371366194574,1.5034834457034338,7.007727011850559
6.659803966977967,1.7468168828748452,8.114935467109927,1.7465404791284296,3.695552838484997
5.033223401918681,1.424013841617498,11.452869807503328,1.0112335021986811,3.621314060743559
7.7950598910021105,1.7291172058811812,13.378765413859105,1.1656221787483196,5.828446292059327
8.68126981929976,1.181388340411313,3.589101968913754,1.3082987945874645,7.556767747047379
9.249362751355587,1.6439926498329114,16.299963710507463,1.7023818961947594,6.483721457184608
8.920811460354471,1.1431458671950545,7.331234440730673,1.6032573853813714,7.175826249302608
8.30370379746686,1.4457881137867052,10.911719189492173,1.453143529495387,6.257941264489936
9.213566561791367,1.6114803172383527,7.931976952938711,1.1543667690769284,7.509946928349255
8.443208748622911,1.6983614418110022,3.3296261341557463,1.5732230952656838,6.70981205170897
5.702706665961081,1.7119712477627052,6.40263725301849,1.477188807530278,3.2937275462973297
5.298109516292721,1.721501647957926,16.42263628762638,1.6725247579532372,2.432255435719276
5.418561475555778,1.3241214283789442,10.781020851489831,1.0442202180092206,4.066675894720645
7.792147930642741,1.4183663276387892,4.12988342977559,1.3453210156828537,6.2650643594405455
8.921067025799395,1.3673753546715273,12.255467232498964,1.35127477296667,7.117808836188426
6.061573359507599,1.9488694708218488,18.884984300790645,1.4836673012048922,3.187115588406315
9.395219818368911,1.298308453334116,6.456035504528593,1.1986152026916783,8.002533515774205
9.923643565718942,1.0433729710608308,4.250712040234935,1.2472083528192663,8.894446777411039
5.314254053496486,1.05776686575483,19.835153723927647,1.5279856985786373,3.703270958234752
5.923781319978943,1.0102179775067124,16.44007228467581,1.0734572426955549,4.848517979758104
6.352534074128155,1.1115811873074637,12.876242892163395,1.8395582165819644,4.3238577502922215
9.330811159179014,1.759737313639306,8.239555322578859,1.851137835330562,6.216731286040296
7.76505525625117,1.918178324531808,11.462810607078724,1.001241547144048,5.928085152348425
6.879339203073645,1.9925663059182532,10.33671937220562,1.824729411357936,3.305439070796447
9.514520270427589,1.267665337781764,4.097755157639527,1.8143888184803512,7.586635095211098
6.898654631330553,1.0484375037943074,16.301617122989903,1.4745840307890796,5.363750265059721
5.961612402526916,1.94086206981545,17.802382505007778,1.4709675483151812,3.1252963267200355
9.778692986099552,1.6460737667139316,11.006566261046878,1.8742910613885864,6.769605395465357
8.544184437421237,1.3616234576743778,12.872486809204467,1.056869886753062,7.145211744283039
8.184002905271255,1.3988403632060478,5.929580747100252,1.1775505701313893,6.726656191373607
8.03902775156991,1.1477321376493297,14.807548894769056,1.999309325184797,5.76168977002268
6.21022875038493,1.49502170250443,15.604914609367691,1.2801394931164318,4.316246444841908
6.379177891934011,1.5555030479411929,12.143820232704378,1.744445149901198,3.696134921572396
5.913878176626363,1.8650936354396503,9.22581017496147,1.3823982597268063,3.4058995590042045
9.900282609006435,1.5543307313000994,10.323459170644112,1.020709824066779,8.409628191260715
5.466007877100404,1.2151921190069723,10.145559930435743,1.7834427278234268,3.3227025615472745
5.007408014136695,1.834948262065556,10.646824390053666,1.1054583140517873,3.024202462423886
5.173569261249416,1.7231608682164303,7.265563340824673,1.098513987289104,3.377003611600641
8.634216352764994,1.2383575331635182,9.161835207037496,1.1841588987199605,7.234191478175186
8.50206926959077,1.2923395327421263,9.915189910210842,1.7805117689795775,6.254397030818197
9.524391430642586,1.6614057869400272,17.86412011173966,1.9670838289148784,6.283500381714035
8.521536774540369,1.4193073820607127,17.86683644881211,1.4375153004063188,6.5018077003685
5.820667691226117,1.486952285878509,13.117199322348547,1.2292246977811088,4.018773845720623
6.967584905143649,1.4896437388481778,9.656121799855017,1.4811158731790015,4.818938258542908
5.888744202778556,1.3442585408768897,13.950160780571824,1.119054696127546,4.404944210149086
7.150573100463952,1.1424227740121622,13.280028267479294,1.9970179037337483,4.887251778737494
8.68318605336691,1.3379099304675046,19.28637629720693,1.5086179333445882,6.680885730792702
5.70709509465342,1.3808229689301692,14.186985390976972,1.0866198097186337,4.226733444906831
8.88083457446515,1.0875504213709846,8.896850960412369,1.416709428346011,7.395554009246024
8.313298892847705,1.935129465975327,3.3800438252563128,1.8835178470493847,5.693968890439931
9.507496119082244,1.5861145347816563,9.210562393514582,1.1569576775382624,7.788785781458167
5.408568353973981,1.2229038370564558,4.135908914045818,1.6241404900939502,3.582588372140333
5.658238801072889,1.0951709357179151,7.000489696873843,1.138514296329168,4.46636475890636
7.490308397074544,1.3378554828102942,8.93163803643161,1.5907847335484977,5.423253017318673
7.448911719983136,1.1110431158829674,4.853322280468195,1.784012791837828,5.6159319181289336
8.548415394875374,1.8204885170246776,3.510236724608624,1.776311127349501,6.215954952618517
9.060698213966422,1.3779046504475123,7.049964352566858,1.2353119920917268,7.5032642160765
9.946893797825112,1.5238249068172576,4.662573178083618,1.4038384162034498,8.261350342628191
9.26414563228127,1.0926692939267746,10.255516636363044,1.413028596794392,7.764367993339698
9.392554584332686,1.0479882274146977,16.019388729396972,1.250924707217017,8.098949641306307
6.327051973478562,1.4777768595525358,10.38904576085243,1.0390991282131958,4.840717388293912
8.93134340036909,1.774271967204216,10.69259926692847,1.6596059461501744,6.070913608098181
8.853907678275561,1.5766676251015346,17.603990383250597,1.7021734652246263,6.195042820988814
6.722114849518847,1.344852179991474,17.778878072244893,1.2368640001389974,5.073250745838986
9.52579041607542,1.4477110801898956,10.908288776234038,1.0890578602412753,8.020094839988348
7.8420252761524285,1.8000149604272078,9.841127574377948,1.841361708590933,4.605236311088029
8.64570538456027,1.724140581670835,15.188116841564485,1.0962614304587368,6.799550080284338
6.518670191381059,1.5153126998730515,15.604770108537776,1.9076029990174104,3.6452824878571737
8.960023099414398,1.8769089171212383,19.782374130037876,1.1981923466027808,6.741536792025384
8.966761155893252,1.2827601159117896,11.085439663812542,1.5842078559455963,6.98150166383021
6.420475847485965,1.6912327966176603,10.539834953709308,1.8157593508876624,3.393577462121037
9.914951169398616,1.7453845041944658,4.96210648608341,1.01971515867853,8.690507925782766
7.144601442119563,1.341316053594826,9.649188823099044,1.984815013023459,4.526281809693252
5.0941914452323696,1.779208898961215,7.296801915275384,1.998503636807404,1.5863158146480218
5.829457755924631,1.702695145131929,8.161457591766425,1.1529498451312494,3.953326945728701
5.871998585318539,1.772112647151343,12.896049318268531,1.0904731192948414,3.97728775726673
8.84350752682463,1.5371071832882257,14.689630858215244,1.94364375597606,5.888243561159246
5.5506698583271525,1.7726293224509655,7.230896561418012,1.173721763459136,3.5793153500653125
5.176834276886807,1.9513930530849504,10.549801487802767,1.5554706919479524,2.1791016419560343
7.242147931031038,1.4151167750580724,4.993677160464928,1.4643864749343465,5.390856371985115
8.69060385428459,1.013911646187985,19.54788524832559,1.0451423097905077,7.641207385809579
7.868182200063966,1.3824702801919873,3.699938513083225,1.4118517527963492,6.378313685272361
9.811395886916152,1.1094039664228743,18.03611255512244,1.268835444186684,8.41968784454682
9.014851265790387,1.818284144977662,13.32462425733607,1.5936551140571973,6.174896381320492
8.607641933434133,1.4773386229889858,16.131411124941277,1.0537762477818662,7.080613254773772
6.359033800265577,1.7145268428611122,10.398104896436166,1.109136697343818,4.51924757789063
5.934530049330027,1.9699273043051544,7.687200288899711,1.1561542533238998,3.783324092304129
6.527889894274897,1.0153583452263564,10.926867597579411,1.4815664007972675,5.045399068442183
9.167371737755865,1.4855962069975843,16.595653500648837,1.1678555968594395,7.462369233087378
6.875384783893013,1.750796185800272,5.138591302209024,1.0137905076050118,5.425043262376971
6.532627337688847,1.583541292286231,7.251138285925575,1.255277910835367,4.657256788082123
8.140153978630059,1.5002053743373804,5.208013200588687,1.4109447155043,6.290062612502447
6.6772118738856925,1.4869066850995645,13.285735620299862,1.026474454110468,5.183505526828344
6.321476528179041,1.1888178178450144,13.6964309864539,1.1872276704971874,4.928680137887537
9.828413816285044,1.4894574710288004,12.329021114420584,1.9310576373041195,7.003480743526265
8.75877583228826,1.5549952024575102,3.904067659243871,1.4907971892961005,7.021597992679744
5.407941680372826,1.6907318106862743,19.699025376123306,1.6189128701031312,2.680686051934388
6.802158704840226,1.2899603709245866,5.484243298386215,1.6398920307856957,4.822050087493996
7.986281301733205,1.5366603871795783,19.066990265359443,1.1241758193194975,6.279230453642488
7.895683965015916,1.537077031273976,14.83024580311099,1.3518921066458756,5.849223347148848
5.918340755047534,1.2051949354308389,5.990092626960428,1.988774870721903,3.594994900416342
5.855351084810102,1.8216140504784435,4.887929316105929,1.5109627070779257,3.3438457523700174
5.2596530244019855,1.1303625890761084,10.738894305446168,1.5005325886324337,3.583413457117689
5.29264533501983,1.9317498784342044,7.205964734925922,1.994929419921,1.49361035631098
6.252121397052284,1.1006867712613646,10.290098843166229,1.4025864906326757,4.735481785227719
6.758861329741812,1.0283311600703775,3.9204164011416407,1.043129670232855,5.892498734322281
7.110429186941326,1.0635123676978766,9.320697395631456,1.7903398716363332,5.240606923916305
6.795852629993442,1.5439873341703476,8.44166843187226,1.736209732367516,4.185775016473159
9.593553429560007,1.472484600082328,14.634260885948262,1.119615637594332,7.985462617016809
5.909739387524568,1.1088897993706766,10.489617199586526,1.1762827104903228,4.631322301304917
7.331987615135542,1.1989495832402624,16.075297864419515,1.4491704730049098,5.610130711015908
6.6179241563080105,1.3113575453567174,19.731358426116223,1.5830602804239806,4.552030417924712
6.981522640055564,1.0934012461798424,8.761951802165292,1.463238696537326,5.424013973515482
9.870024833376627,1.7794661241329577,15.203385119441675,1.9625213729670503,6.421924206127424
6.1552007927822725,1.5140496621575896,16.013613315647085,1.8326198786835528,3.395735035468203
8.479221520471498,1.8782060023764824,8.120868478526894,1.6210845193781902,5.585943126159373
7.21653927352468,1.3480413775001052,16.47182568454656,1.1096623340956018,5.7399228461902965
7.1488130422592615,1.107066557517109,5.324698926961565,1.661107779754416,5.428481383556639
7.95938983829208,1.5490718599274804,4.471869335558494,1.4084811065481089,6.158874689949908
9.411802645350424,1.8019473331778029,14.745376249825911,1.5418501068974129,6.683563428482238
6.138801497081276,1.3465003189258289,19.86175749060273,1.878933653472321,3.617138443320264
7.627656198467924,1.754172347452863,8.532717829074066,1.9231334802515168,4.347000938787254
9.589825692673983,1.8256018860086871,11.021580229663783,1.1370564253289543,7.619262177501744
8.687077012288647,1.443222789318528,15.934880428756916,1.4062298316317552,6.685049035106098
6.968487274282864,1.2220478164742934,8.41239643624089,1.0219830367261946,5.780896480756706
5.3025668982184335,1.3902605127160563,11.067865470585444,1.226345134746316,3.626350548348192
8.11187195881791,1.3329699706674385,5.949784131379782,1.5434420116190324,6.212425555378126
9.184156602391138,1.1328962460851633,10.052117712877347,1.005708129898506,8.096377229143394
8.575308553659461,1.6388498067006805,17.897141345896834,1.0466618128449072,6.888930210589182
9.607385069264051,1.0445480691487887,16.277392806758243,1.9226526978468963,7.61477693652743
9.213700885353475,1.285328128942413,10.43643194560818,1.0180350466394592,7.96583492049081
7.596915727217528,1.2553022982448665,6.141575438138228,1.25009386550562,6.157666589505388
5.922081965352007,1.3771594859145826,4.965215063291818,1.9998793831713455,3.2972964442114985
9.158981357452468,1.6445017172095104,6.553527791781027,1.3539232200493183,7.161592855812049
9.616535681046203,1.635815474438278,9.707262893815068,1.8664536500961575,6.658585289974205
9.571938756730136,1.6821944625664615,14.209081698662455,1.2368451648574732,7.544381811685313
8.038994479019419,1.887691574798532,16.592257331452934,1.6938118118481058,4.873241267824958
8.02812781532845,1.275426302661819,9.627429914299826,1.1667540805484355,6.59817598545888
6.28862235254007,1.01938377481541,7.847499263511931,1.8200523344444648,4.471173866432037
7.313718554357448,1.242038207477128,12.445414356656322,1.6273853235958011,5.318998202926863
7.7168036638311985,1.2872652571987924,14.849765567065596,1.5931623863296327,5.687390159845196
9.670544297703742,1.356430161631054,3.599791802705003,1.080004291330364,8.858544774549461
9.007014134544242,1.1238365526170826,9.48844715258991,1.5072465911993442,7.364958010324591
5.790317083113509,1.3330445834189637,10.587094588154123,1.8066614828464127,3.409088395721857
9.715666560709147,1.3371594207799673,12.764444334437512,1.3416460056178467,7.96549898616841
9.278171633338957,1.909333999090121,9.561072160633394,1.8439033933009163,5.875900430505699
6.132899651194057,1.662808354871761,18.638499820747448,1.241000930868263,4.085644386887389
9.962915975323718,1.3912743081656411,4.362509683971255,1.9133268595456496,7.703191232487895
6.170697876740107,1.7760481015336254,9.745126134869707,1.89550183658176,2.851959350970948
5.043734372285575,1.841508656707978,15.38351735803586,1.907093908004456,1.5428989376586837
7.082812121200232,1.0657666039947642,16.077728222564993,1.0680273984379838,5.957647997254934
6.649019879299461,1.4942489841078324,11.919555975964975,1.7187121402340484,4.113284986944969
7.705564717479634,1.8560477258572972,4.192549004351061,1.8235340209503463,4.818944681695358
6.883215457594423,1.1308489948924594,11.011904666935658,1.3940188199810195,5.334996451952551
8.05186357142562,1.2376129456313982,17.74898036611933,1.5564100799364704,6.140576510904287
6.078917895434813,1.0891862182136458,17.39080857903452,1.890066777206625,4.02819129514512
6.346261919357401,1.5162852603575727,4.594008982164148,1.4551444097664494,4.385613418829865
9.711999434145174,1.6676765068685355,12.90649478411504,1.882141464831688,6.628765491508931
5.287111123374612,1.685451532469711,18.301690452938377,1.7015391437299825,2.4295739846820017
5.869954055009789,1.6058353083347088,4.183968527307699,1.3457692622905646,4.01647851323174
8.339647215001532,1.45514048539415,4.939351345699715,1.88929985940358,5.850075788021678
6.238613857215215,1.34944242653772,5.045623329366838,1.1441748819463462,4.872095122641452
6.9638051928712486,1.807815417372746,14.795164151034117,1.8318203309558552,3.679785619296025
8.549298198381972,1.439001866565678,18.089906653826937,1.3020512681563288,6.696865700465328
9.402360178008411,1.5947032594704846,11.501371401664974,1.7651549773499735,6.65171078336346
6.607354012046944,1.1919203250016377,12.741011536410326,1.8973362966477083,4.365022720406135
6.111145849838849,1.9514837981471505,4.292046225445676,1.3009954558592902,4.010827394785762
8.87574639121774,1.595300100526712,17.68172113316559,1.3934165212257348,6.6800730365228045
7.495721581818098,1.5239066164261474,19.30235672872964,1.923773429564513,4.578361254229163
6.758483317362327,1.1950213717616451,9.78057386860177,1.9285739494979528,4.487417894791404
7.882991823563804,1.3646913639325773,5.503290216553028,1.0907215305647182,6.6006597082482825
7.091622775480479,1.896628659694234,10.863296432184269,1.0276529106926895,5.222762563584917
7.960306414147576,1.0176206230804623,13.360376716699124,1.652078806858011,6.2974104851525246
7.987277434672423,1.3701555939271763,8.671569412994849,1.8194719806481623,5.564214082047953
9.214833306473654,1.2654574585647385,4.136065904824199,1.6851777544432012,7.439049186581869
5.606519982326423,1.634689741359062,18.09045713125968,1.5241359692408207,3.12782652791789
8.580643861517522,1.32987140025786,16.75693342426846,1.0027584505720704,7.270035033376482
6.360300681739032,1.5045250662204754,7.268706571324862,1.1558967022798503,4.723518718884272
7.592354635187338,1.9025385806354265,18.26142890999071,1.7738256252124565,4.240660206395582
6.8251301019921975,1.8691648951557809,11.916582006370383,1.9991488103006916,3.1270992367419725
7.665868783989561,1.6309411442767074,19.17019737806761,1.406437850063852,5.391599278729288
5.5937540365210605,1.8217449902449152,7.720460225546483,1.8949760900769563,2.2038224280680345
6.4614541056766335,1.0339161352484316,11.367949939988764,1.0323742097791393,5.4165147612303
9.079712980625333,1.6027311945935525,12.828438094777963,1.014770005392344,7.512168572020688
5.532560618412609,1.2611313033965312,4.516274948348905,1.1793748679429257,4.212795215102475
9.528717732899027,1.363394024836992,6.03282139908614,1.485707083935066,7.702388142453401
6.0489757244287885,1.3661818565997863,6.121265122051943,1.2370013933670283,4.471804408101844
5.815872487851629,1.5976043686000114,6.541859161050892,1.0290194330159168,4.302168825962784
6.692715802160572,1.2296111373930805,11.910335384618245,1.5392214638808843,4.825858545181236
8.596384132434396,1.6965762645505311,18.458723220500524,1.2497573109725053,6.503604369012024
9.800704773831503,1.7284583156177251,12.047650129323085,1.2353775522764652,7.745534626690554
5.264317695553798,1.8360374062445897,4.619330168302653,1.5289306149152608,2.67774774171772
5.870746246342931,1.8041362804486545,7.770831868561395,1.900163911880822,2.511208432913398
8.9294700207106,1.2136396921417014,14.107630826530857,1.560567283576076,7.061682760691553
8.167928717234691,1.920202403025273,17.136530603254595,1.2885274610209885,5.729780121388085
7.215552185231993,1.041957704038008,17.824965865798003,1.7502023924490036,5.401151034650604
5.233902333856858,1.078342002203919,4.903751813530232,1.376593786993349,3.843545359129419
7.403396574608375,1.3085798284852523,7.152903769188026,1.99878841951119,4.870011795944976
9.655565937348143,1.9540798673665356,17.602193433778965,1.678473358224132,6.415348812725826
6.667576453162521,1.5560853148883438,7.648182990545612,1.825370561367285,3.9089041774568623
8.606973436731543,1.2864206297604417,15.522259692351795,1.7625539074436076,6.36147196464662
9.546047334245388,1.5387275943211138,10.64946588020932,1.508282075356279,7.3018342554810385
5.849758832024536,1.94806462631028,15.154029750581758,1.4993259745164322,2.953480234218774
8.403557613224358,1.515376058487934,16.678652330540082,1.45632282209319,6.222417235672563
5.115209390196326,1.4581121383433695,10.351634635382707,1.1421902131419834,3.4845092731263647
8.77832588739595,1.11045547066847,9.72515612074439,1.1514588277749054,7.549055678189326
6.024528183908782,1.1297990180757045,9.755113892623015,1.286096656165924,4.602468947997716
8.715087973615216,1.0972799373148183,9.370729798839026,1.1795898851448965,7.472152045165509
8.793702034934965,1.0749733544451328,10.218910940766458,1.1123485391666743,7.640348203814228
6.1190177955894764,1.9063510972956688,17.880515804859236,1.9855260901485197,2.3472868829707174
6.397100992490016,1.9600024689741011,14.89183160776401,1.5975139617169902,3.294630386283964
7.220776181527906,1.024518923900408,18.94704189814585,1.672191291076401,5.515653972714988
9.140826321212105,1.6834367138322397,10.6936157809772,1.6725228113467523,6.405105067542386
6.691184130626832,1.9829795600064164,19.558009527215635,1.0274484422852908,4.677880961402665
6.182360725576065,1.641385346509595,14.48436517120231,1.372329693598728,3.955317416645933
7.109398945692496,1.0813002503687552,8.050046281911506,1.3560762930239505,5.694680180544533
9.016537556698712,1.8258626870321577,14.083084691452548,1.4535166053125432,6.416773996162174
9.941371986238304,1.3597738230336622,8.97420373387607,1.618138536164465,7.831490782831499
6.007303859534979,1.905969267650408,14.425087030084889,1.7062818265943165,2.77955270417794
9.67981841916774,1.3931457424073543,11.3208872078327,1.9014404352050032,7.084683601573625
7.6767401594331215,1.5567929817864004,13.962323908467962,1.9881295864477584,4.610382087563492
5.631560978166945,1.4391800066517493,6.664946219881578,1.6848076829413312,3.2843018967497084
7.993580242583575,1.9154616939337048,13.447185859091029,1.6101514595216666,4.959973844167858
5.033219720780359,1.6219806988129877,7.858199802219604,1.0914016954799155,3.334797414497043
9.781540457937924,1.289148777442838,7.440493440039931,1.466832041297065,8.011746091891563
7.973306404348,1.8132782609480664,11.741345605917566,1.5230376788884734,5.274898760058695
7.671435194313598,1.778253946169588,6.3136863563339976,1.3997465871897758,5.400978007647894
7.718646934524246,1.2854523369903992,6.679287638006151,1.821635124019013,5.47945421729146
5.0130533624853895,1.9689394463463827,17.816786651738806,1.963765119777408,1.1535844914593023
7.4129264968987645,1.4866753949310856,6.029815594146834,1.1105081919002289,5.945504701707276
5.483298375692142,1.580303399104949,6.915306153202887,1.7144634674995998,2.849322948650054
8.237581141549969,1.756244635471877,7.111905297515652,1.0968453890608632,6.512960857296608
6.863712727864561,1.854611802494016,3.5777468871069864,1.193973899350821,5.4368631975526895
6.707201751053823,1.932284066120106,9.940977560833089,1.3706049628555022,4.137721703521037
7.532671319782034,1.8833671940470176,4.126843784918044,1.987952222345092,4.257888519599138
6.08453395299941,1.7013921775799306,11.27385431841623,1.7363616837927651,3.1665692321531105
6.252946378053656,1.7624606849434294,19.339080316266436,1.4255027199129422,3.7561849511488776
5.848319288976145,1.3871717444451055,8.66674846612102,1.54135589489834,3.75865118368105
6.548947449195579,1.6457366874925,13.148068643079014,1.578476452793519,3.98251179573268
7.248860163598634,1.9936001436491944,11.443014701084453,1.8012780652693734,3.714640760615315
7.160046186460454,1.0243096613667464,7.685913744276923,1.2935944557088883,5.887523781481796
8.830318831102959,1.763486255835066,12.767945476507174,1.2913581363276174,6.61644015020596
6.2999748260371895,1.6998519893283093,17.817021801244316,1.5507915108895487,3.680648299621196
9.817928087742896,1.746328599696588,9.185566733592871,1.0754524640470655,8.087335392502817
9.80572026126693,1.5192000698974704,11.447669162816457,1.1963397925998884,8.059526102134058
5.8731479912676665,1.765783805335381,9.340771661139184,1.635577103906703,3.039883663873765
7.743786904020002,1.183440913717376,7.2257703827241775,1.1623018516734152,6.455440498549449
7.070670082058215,1.5982870179130528,7.639831419849478,1.8502955614729184,4.206447330497085
5.474887360077837,1.3455952117057886,12.429104012145022,1.0275941080246358,4.116355795312777
6.961491103955965,1.1475841670707323,4.967829584460656,1.2991143506121934,5.622725866476225
5.825216579266488,1.661626300220779,9.533424690913424,1.7606573729466677,2.9447355238184265
8.875226400227099,1.2038289804231734,11.650948937253682,1.935999689834205,6.5798311254551605
5.559529228404065,1.6716970086199443,5.048799055467011,1.3229467684441767,3.5481011114903542
6.408738512452301,1.34536515921515,15.025893038986858,1.845428485703045,3.941795364195425
7.065402248145715,1.6277550104550382,9.97468827568716,1.4737956773623655,4.72982777049285
8.336999706037037,1.3723860101132346,19.32463797139513,1.214406570246542,6.68724992217985
9.76834881266107,1.3793144656578251,12.476433164302852,1.5665345795435617,7.654525991104145
6.592193191237523,1.778458159409622,14.640920431480316,1.001956909051637,4.846140959277506
7.569515838072929,1.3281438607830465,18.27806826543864,1.882651209703232,5.082519669909452
5.411130847811831,1.1109711962630855,17.038794571791087,1.475461002094205,3.7799797584795263
8.971943425612546,1.2791461487448863,18.618925798377383,1.5043139521551336,7.064397304705318
6.384069660590764,1.1709567755208543,4.535723523160769,1.834216950791756,4.384923993898886
8.39051296814743,1.1461547515432335,17.531955450199014,1.7601862171951588,6.38672995371822
9.251735961739945,1.5350468980174186,15.355793317948956,1.8413882372316823,6.457464608692032
9.72011679387144,1.2103995005931212,8.723824161110045,1.6585670331564444,7.787913257115653
8.72122988910987,1.5951871286260997,3.495502198370934,1.3503020085718456,7.380601012002613
6.700233847837955,1.9563252310962191,17.66823037765795,1.0521450000172932,4.670615573885894
5.960542257935892,1.691728626509963,7.920646755806156,1.6571915018987098,3.2315944209687464
8.801403560545094,1.578744095594733,12.059520686771652,1.0296248256610745,7.238181938637819
7.2924106781772355,1.9382733032115615,9.04864749030957,1.3474338936567898,4.791943544223956
7.217115151919193,1.7277210602163424,15.734225712924603,1.5607179012991466,4.548132625454624
6.684993166232204,1.7678763877218673,7.18129775309666,1.41999816456003,4.307166387690584
7.053763547166363,1.045310907947238,10.98275865263324,1.168838180063514,5.8585602210984415
9.444892633242752,1.5973532754106905,10.620903817283562,1.524187461286933,7.090880843751677
6.726748125295757,1.7104290535555038,15.73719666486259,1.9534561987028765,3.405675043269899
7.869924769141369,1.102136330300115,15.479407595376236,1.1497185596361592,6.619578348003036
7.223567162144687,1.451355499479463,4.809881901006673,1.91956586953312,4.654548679022631
5.914601303367368,1.705447454617676,8.029083262328857,1.835817787463878,2.8487156340760027
6.802233105781772,1.3380449121932112,17.72672342329645,1.5456531968741718,4.747623825970299
9.388849807869404,1.881736626605138,17.57389940488673,1.9107321092579697,5.826854518521028
5.429448276193634,1.073170005309866,3.399408359052723,1.0782246570872986,4.502586189134774
8.966437747850295,1.732459791155637,4.920766303764557,1.2485236725681912,7.268819625522195
8.716579491507176,1.6461298994956908,17.92637357921106,1.877645815173565,5.649600413262864
7.454934837173459,1.7514743954970764,3.274503565555925,1.9121891298132,4.859339270860724
9.770585357724816,1.485780187965902,11.77500012274667,1.457642476911646,7.666122464753933
7.12477973424237,1.4395024336421625,7.915019497412904,1.9011230240932917,4.462531790510099
7.177299382356756,1.1893516921897014,8.976345769299828,1.979240678613714,4.866190282498973
7.64410513162861,1.720936338226418,15.74919635810804,1.496479792436665,5.099293476299746
6.358887020747205,1.5273575412716958,14.870288824976369,1.8820890282217428,3.5027899386320382
9.959118389173035,1.9982912695738884,16.456139882024395,1.8537558336066944,6.30140574918591
9.776289075553644,1.6711285198950925,13.34797306548554,1.3246774934246308,7.62255793696296
5.852798745843125,1.3527909205951336,16.749648027564454,1.6102605847215243,3.686496098115207
7.170538100699684,1.476746216542642,17.704451524467824,1.3310014201309637,5.223188400930289
8.28766839137241,1.3756691180846583,4.288757632376628,1.6750412793668343,6.317165254638154
8.199263694499585,1.6947806514852548,5.149088386900896,1.979014366637443,5.131175060766835
9.208068252537409,1.347314903351137,15.398723171765726,1.6403317426262785,7.02496602902075
7.566224834496452,1.2768530155394395,13.22159345275552,1.7237252422504823,5.390476826836208
8.3953388235894,1.6594807232712472,8.903710716923506,1.4272407026983411,6.134349022756395
8.067011186541325,1.964273111927091,5.736108528829059,1.9336468996579463,4.543502108673695
7.762555058721492,1.8444156312055768,10.502905004426385,1.2593963742168657,5.525573173397401
6.692525572729596,1.1031025006370636,3.070961409124752,1.1500362173861507,5.811803577951473
5.517169239821071,1.0985597004137737,5.461055578448349,1.2808957220742505,4.19579986255715
5.838853765174373,1.079529758753306,4.874569132665059,1.1298130788865,4.73680609008326
8.196322926115158,1.690192635063799,6.185065882005199,1.1503162658146835,6.499453014719776
7.094983078281533,1.353869085335654,5.624256911669553,1.564366143614204,5.127821282604091
7.715302928927459,1.6993817533684217,6.721160108061483,1.0084016168727925,6.203198156520371
7.792224815501784,1.2951858125227962,7.474342546984854,1.813863952081022,5.526540263277175
7.585165604314913,1.7455277337433217,7.675898563869459,1.175479503510341,5.682204016071228
7.899824908266797,1.7142222627264352,7.07630708037977,1.4080628036636238,5.654515875425664
7.118717408822498,1.8976409202034736,7.806890998801682,1.9819683138730853,3.461469236895577
9.376962936835364,1.4980683998308175,19.97162701474721,1.3065101624976023,7.440683284596288
8.792082610650986,1.7078472600767798,6.659565301003774,1.8455571061154072,5.835300411864811
7.447899952467548,1.8488921852533755,18.399392582013355,1.5057508571971692,4.687655938174777
8.715583546728233,1.20774742507393,14.769881557932116,1.9196201485406132,6.418662409042461
9.964334807750149,1.951146027614655,19.736682078031716,1.6340404627341585,6.8094395319769845
7.329345526178912,1.137343576713596,14.744600300925114,1.4733568482823167,5.6705275819034
7.075636500412076,1.6268779752348346,18.154150064151672,1.0758739475779135,5.346833791601843
5.354720365421043,1.37879876121861,14.541997677988476,1.256386650288163,3.638809153390665
5.234537828537806,1.152302128789536,19.525939478424625,1.6867020371969592,3.296693088415688
6.284232470820094,1.9251732445274976,6.769694303086804,1.8682357583135036,2.803299535629162
7.086202769310283,1.3899618091873212,4.726235703468352,1.2622265941537745,5.578456414783878
7.957073884698833,1.058406042046602,7.416653290879694,1.58568919653079,6.343698466586884
5.509061062409308,1.7570381278232978,13.585794362056763,1.946328363317541,2.106982929112341
8.504291570552349,1.889796140481567,18.5978702181186,1.8309747673684595,5.070367022548821
9.245992052602231,1.8723833490524784,9.466700743859532,1.551825053482927,6.468158019129352
7.44699525889688,1.3342080860960603,15.765673580793266,1.8460546269851432,5.0019177957195256
8.252512074757055,1.9717377715303328,17.121205404036985,1.3889044513934503,5.550889265162373
5.193379592313932,1.3694342199089655,3.083944011221889,1.7368670272617264,3.141576592535712
6.068294072836116,1.9373671250474591,11.464553129742482,1.2652217147633735,3.669874592566981
7.118589490935301,1.7699969775741171,8.445494424219886,1.309690031023444,4.909472893774976
9.023674591789796,1.2050276201433885,17.761195889394777,1.4167750926644846,7.333318909585094
8.944146603806033,1.7955595783430829,8.580491226064005,1.3411769274171044,6.683967310568944
6.799720955660666,1.6076896640485778,15.028296969462064,1.0455146102455557,5.148402330896493
6.824159526589795,1.2369082538545837,5.182241506647641,1.3174864908696862,5.349152093199348
5.894604441481293,1.9627431754063989,17.649294663947224,1.4932905972003412,2.9821563813899346
9.781478367364,1.8186215837125843,16.638317538057777,1.4649526479133308,7.160184434388005
5.884932284467839,1.0025768345321364,17.468136113731774,1.290700037105735,4.5984866065584695
8.940677394930905,1.5843900091061245,19.80622798005551,1.817738849475808,6.080155183245386
6.800136890425285,1.4855260366362453,16.90083519366957,1.9139536651046445,3.972283199296897
6.3050114403504365,1.7106397500069144,18.48687172100789,1.5116831217032645,3.735091057657638
5.862406112331843,1.9919757348353624,4.947351907953678,1.8220707676086465,2.439350170549711
6.649029382571307,1.2105510579220715,18.427019971015973,1.3338220444585414,5.045268519490431
5.687045788974023,1.2745361894973606,6.158215315947327,1.992578950203708,3.2170871886642463
9.547877904188493,1.7377127762438027,4.088623562481295,1.2846268756538686,8.081819979003068
8.56536998762208,1.323712210555692,18.16351920705497,1.8791730180069468,6.094090524880997
8.462522774571546,1.881157581369564,3.563417876867681,1.0496531844503756,7.639172059520581
7.9893432859293405,1.387106460658365,17.020754391355027,1.9731181078047344,5.269947573392792
8.143200831265204,1.9538768367283303,16.64166883627246,1.0179787284052595,6.197056600660304
7.590261107223178,1.2196747991976866,3.414120810507585,1.5714748823539688,6.074417375284282
6.58089693790727,1.008294196289555,7.12599453526673,1.382392213415973,5.239756404893454
9.223527220164916,1.227911285813926,11.614662562673669,1.2406478360220348,7.743517541898601
7.830316587794906,1.1583582615077337,13.697903920966096,1.726378419341779,5.8515120240443474
8.15131030227551,1.121653807751093,11.871357665024636,1.6117892367569588,6.371946456112327
5.874320984029961,1.9727966748392176,15.215566759980568,1.1601229333789298,3.6161584041741057
9.359759547455196,1.4046003667200408,8.54917811028602,1.9792236759066468,6.670385155427974
5.181914916952635,1.4054298735940145,12.594492285395129,1.4488723616863686,3.1653967303834123
5.863471830282529,1.1917509574095493,10.862877209656457,1.9095132363427811,3.609595864747
7.454699674789833,1.9031147419945376,8.89572052040305,1.576296723474959,4.560410209969777
9.624335435075192,1.361771937532028,5.178245765760535,1.039313270442931,8.508515186310232
5.2040956815126425,1.8674784492892988,17.792694098503556,1.1821789258035782,3.0130439667700477
9.124855951709204,1.4301986785623066,12.905561123857964,1.222774301883265,7.421760420315517
8.146905837961883,1.979618849468116,6.750010095541256,1.822016229592644,4.748824988326595
7.410509073137154,1.2296693078303154,15.43570331701517,1.835002462764308,5.170495859462243
9.566032210712692,1.7168081295073994,19.776445525573333,1.4413682592790058,7.118352523489573
9.19815398453063,1.5178529403427756,9.171189298815191,1.3335490643915433,7.274340103356549
8.27582935064669,1.0330783893683997,19.717512347386343,1.953093036463383,6.266738547418257
5.388775606874969,1.7826982104628653,16.16329761881919,1.858091368379032,2.089104829018348
7.519194493628317,1.5344019594262297,18.660225083909587,1.2026547044521896,5.693118479862285
9.383083848750529,1.823794812410301,12.499315806741414,1.568999859396961,6.592101107762799
5.680156259566004,1.6410180077177143,13.401216932139668,1.3055987483121545,3.5644702489781617
6.682894472330613,1.2882995319264556,3.301010926746081,1.8942737721601743,4.607916417958409
9.122231908353688,1.9681644722007268,8.725875774851204,1.3493942133114514,6.637446177154855
7.78453549356366,1.0969086502109282,9.009504466474944,1.4387587787163365,6.252864996236962
8.039188525903713,1.8374569886582748,3.843586401363254,1.1724802635588358,6.700007787933277
6.391591990096115,1.068218526117361,14.15344163372174,1.4165699317931322,4.892339867440689
6.7395249987481165,1.313421910043746,3.100387595648192,1.2345315099580234,5.650108999556535
5.449533586919325,1.775233886559572,12.224989922479573,1.534473344731008,2.7546832139154587
7.832713459887703,1.0947677540431604,17.31508976042104,1.6704246781717684,6.016023121178757
8.548248104942891,1.9459787124461403,4.859549637068914,1.625105017127512,5.877664713111268
6.2474369816386295,1.0860623544283323,15.900766255398766,1.3372494581111016,4.806325108326593
6.122409144091184,1.96884664315709,12.645338038932522,1.028913184250826,4.147212994024013
5.057735504795212,1.0307128782127548,14.166275228470187,1.679620513294492,3.335369043679687
5.417809415516553,1.7060995260573728,4.16026821296719,1.7096190795306243,2.7422259149340635
9.813046986012909,1.240309722703706,8.847628887915107,1.752644170755802,7.715413153282707
6.4392399184816025,1.156282094641536,14.253217652474728,1.7595032400579025,4.419323947698858
6.356005831682551,1.9540505585658152,7.117551928027336,1.017240088181577,4.542821712916262
9.91147204233448,1.5526018670272084,9.909103905013636,1.0924116608263863,8.318131188156856
6.666262626730815,1.9851205000913223,3.0161728044941944,1.0254537205935104,6.150539829150743
5.471653980764012,1.257277194759972,19.55222474072269,1.6147154263904016,3.4486464663029097
9.807146151734228,1.866550132205374,6.755117230155162,1.9029898911714112,6.508518183335257
6.339941692439099,1.3986317849497567,19.791303853825998,1.2779697748726546,4.563943223315803
7.340461834806238,1.782438710327328,11.280145760353372,1.8619172210122132,4.072877614291906
7.71628511516929,1.2852347868576843,12.028383477666274,1.9857054623394543,5.193921886221949
8.141736408650173,1.799475166551883,14.061851337667443,1.899600758691716,4.76260913065223
6.766781921917055,1.1407773757671438,8.419205451833985,1.724863329021832,4.843767283884207
9.611965030964242,1.9551267673622397,6.05015955220675,1.472014682310536,7.115774074015276
9.113513211785223,1.3257642530959672,12.455780540588991,1.3422539307078791,7.375900646351424
9.442797888741746,1.803484541711449,8.304445650993861,1.1728364113049805,7.506765151284049
7.783756965667944,1.809420727134893,8.559584175748402,1.9501599295699028,4.353479108506175
9.826798442479976,1.0162476476485818,15.933929849736325,1.966472349880385,7.844346185151423
6.41550115049435,1.4866347242058238,4.779664905231625,1.3886730411274342,4.578131344278445
5.649374437494581,1.2158863654509378,14.748900665751265,1.5807593851093409,3.7400815076675618
5.828690808894799,1.5687308564969664,5.364004536457969,1.5352629864179073,3.5766502784227487
8.365716539751581,1.1540025893371135,6.564280345908321,1.737374719341258,6.461412647317648
8.770565350292584,1.3853941696510104,4.090033120302834,1.7479736778447377,6.747826361168152
9.4876519758201,1.1063879340941518,12.924907787797531,1.0964569338807575,8.30502903896559
8.54049720665898,1.5639378026891526,18.164299490601174,1.5010529528350691,6.216026717420491
5.840661640595759,1.7286218756089466,12.536201460614771,1.5122284833157145,3.257709697647585
6.227873847252546,1.9122686735622965,18.337028027051943,1.6692050932612537,3.052549257328653
9.364163690609708,1.3983824477517717,14.338177245233402,1.4673604897579438,7.347258963381784
6.407456967008776,1.0965813393781974,4.3741323976496345,1.9026132923477648,4.463629918588782
7.584652655815941,1.4996640870921398,14.895080511324691,1.9521092999078464,4.6809297758555255
8.899196344971703,1.562610630217409,11.39193840006072,1.087959890474839,7.267835816491223
9.925346767675718,1.468734323978385,19.87073969206572,1.3901840249323447,7.905159645696228
7.297534206225373,1.016522206797568,18.94529325128192,1.8046599615181635,5.470938179366858
6.978055569530366,1.3260194524240068,13.039678652505666,1.1691195501629106,5.45606442271977
6.074470359284005,1.033301174043665,9.521070523049616,1.7486760766789722,4.292917819208928
8.311679972188784,1.0325784436847378,7.880199686709389,1.1274267439689385,7.209686767760324
9.885863590220264,1.814626373399296,9.563401923670634,1.1399759069710007,7.961876434569162
5.402367446895991,1.127723296127633,9.304459505782583,1.896558611887915,3.287812501681391
7.537618768468963,1.3531774147567623,12.493434417653392,1.9999340658281224,4.859943966570034
6.410147892168613,1.0745850455242945,10.746260508869131,1.7552026694447722,4.546822843512836
5.997444151005468,1.164014706730725,14.009349447928551,1.7243172472728605,4.0041591818473465
5.076904689445643,1.4196940176977046,14.10423878825079,1.426118635554928,3.06783362772587
7.637857477325934,1.3335720478166708,8.381123910757236,1.1045270811474854,6.244446076374444
8.18484597224548,1.4721489683063973,17.638914438184614,1.253644183099356,6.361489559867032
9.95113160318369,1.0168340719668736,13.489533367235476,1.1857965932722263,8.77032550756429
6.157136674707688,1.0436482967577465,16.104746161382263,1.3547017578217104,4.753295794686069
6.409555680985729,1.4454612085150924,18.32228964172898,1.184238047171898,4.71247308033305
9.237668142506362,1.7544494557229702,16.724419680829023,1.8317244902004377,6.057422479133567
9.629670684513007,1.3876102351368238,7.711713616747811,1.7639358062183736,7.3011820597214525
8.03641224998453,1.7790400051022508,11.765326658757871,1.11624710865958,6.120945077915041
9.639007846672644,1.612865142394254,6.771832014343346,1.6470227176352883,7.189475041198709
8.36955585676322,1.2384008772654216,4.427334477420363,1.683771087075543,6.545658688200288
6.1297377458809725,1.221720277770661,7.741851129094052,1.1522657516671373,4.781908947337588
5.460791699291041,1.00506297956459,14.37775962472126,1.1291707733173213,4.3365122680257935
9.47561155014864,1.131509442217156,6.8598789186583335,1.1777174996224469,8.256100163112658
7.129307772051535,1.6506722105618516,13.227236867380793,1.589811683299939,4.540544396930831
7.2360017395676435,1.0404685128603264,5.088790314120535,1.2231619372755758,6.092038676057751
6.322639823081849,1.3224769816366653,9.41413334266289,1.7808307756932402,4.00726889366815
8.926576904203054,1.3560350435595978,10.002427433544844,1.4617973989486992,7.009038023235343
9.423861048670307,1.892087973568303,4.362597625683913,1.783798622240417,6.712978960144034
8.510577416855412,1.6696416476624174,5.222295848248136,1.5824769317692002,6.193478581381924
9.780277227274825,1.1679620921775264,11.905854311790389,1.2417065371173974,8.370384939667568
8.289003828106054,1.9995449901732971,3.25113528220621,1.648038264984396,6.33310406368485
6.2537392219904415,1.8915037610082728,9.304628760158815,1.975637529696264,2.57048688094753
7.126272582659188,1.499870490753318,18.14312622021296,1.2281036138206582,5.3024260114677855
9.991559360885812,1.773266154942536,11.104207709720672,1.201388820137689,7.963373601202358
8.569861281548821,1.1285888396469592,10.887063631067395,1.7975589571335682,6.576588012196811
9.921688823791603,1.7358436823719687,9.383499035692946,1.9481472066902148,6.654868847537427
8.713416261525452,1.7415055906553378,12.197321725086868,1.1672440955554888,6.749807395936401
5.862000769606961,1.2212702027477116,4.446115943789222,1.3284382333546276,4.409219426369829
5.362758580451997,1.432744709159074,8.915702633594448,1.916966997192912,2.650683986484966
8.011716336290888,1.7694705725477649,7.925405028023951,1.2513577808501062,5.947607208860443
7.583509320058448,1.2597283515359998,16.17742352095099,1.292526159131334,5.973415400329885
7.155445127626001,1.045027443739987,4.409791622016047,1.0869735792954134,6.196022831746928
6.288117307153538,1.2087037712310846,12.376066134065216,1.87621065294162,4.0396464133880565
8.519977613215183,1.7145252239759656,16.27491471904944,1.0038255011283503,6.83693797893538
5.992279942193347,1.298829390618615,17.208237603950316,1.0895441395508942,4.5902415234638845
7.89031508238123,1.3106102731617728,9.344030677672658,1.9166025568794172,5.432095298426086
7.325652972777206,1.9139519182271831,18.767326551812644,1.666727833134189,4.157291651979517
7.913250172097566,1.44933729983131,15.451750225888048,1.2851426305037843,6.077438714635217
8.510427541417021,1.0294914281602483,18.744566816940456,1.53451226600057,6.941136984390042
7.309141952361502,1.4507713355102207,18.17969234032859,1.946354564912256,4.499777436293922
5.691060149074036,1.4595416629411213,14.993926637236283,1.462089035769055,3.574053565669609
9.335747513437395,1.9385887913902744,14.224321329892142,1.3332705477537603,6.814669062057294
9.05978347743362,1.27669272234567,4.621470994128822,1.1221336915478592,7.935991848106999
9.19938543285386,1.3481577922935348,6.701154147450381,1.792901311189547,6.923838511151959
5.4309436553839605,1.2898186431106908,12.88445949740618,1.750821290568592,3.1887195329779265
7.220468014642068,1.198627864310792,10.19299905788464,1.157329152066935,5.874015877214723
8.345691593166151,1.6751480995712744,16.270901740705597,1.8650794971769675,5.249301172523108
6.961142579595088,1.34196218434216,15.8912436615183,1.4358419022569744,5.052344003519672
5.165056251424082,1.5750138679994254,5.031769757629301,1.8272782586263463,2.408077026938213
7.673015720896918,1.1083258490364012,7.138017018268432,1.42650497888866,6.166774393383829
5.6792276399600805,1.0597505520519936,17.641289971087435,1.420320774733571,4.181593720453889
5.6955502164194725,1.5023963352600864,18.420588913368,1.567496819433383,3.351715397106445
8.161276715409922,1.2216678723906602,19.43265157751597,1.1501925029103508,6.769514068592405
8.812318081507248,1.3304074114417004,18.71442950430391,1.0648639532197688,7.4143742161459825
7.621439567221933,1.250476093321489,7.776293994036749,1.0511262584665308,6.3901932530010885
5.507043746628425,1.9208387582071405,17.717962040838277,1.6338111959731567,2.382799968328015
9.847718837371335,1.6339085491281886,17.474537518465148,1.2224810931278405,7.884839469893658
9.49181866253246,1.7890092378819715,15.591886965061653,1.1799799741193089,7.429893685518457
5.774958207727026,1.1757696922661227,18.81471691465621,1.8922162627463583,3.557100156783477
6.90127013688948,1.415323324575222,15.95081361051087,1.8879077613491897,4.246017934057597
