n,T,V,kb,pr
2.3452597245073763,1.2631169215403797,2.516966989915516,2.2500656263051706,2.648208431686496
4.744431734618148,4.700364055627599,3.6443547656125377,3.5006081527131867,21.420941299323815
1.2840717247943465,4.152687293601471,3.722341678621166,2.466673215214648,3.5335715926422626
4.306824383298291,1.4830718116442592,1.0068832679366415,3.025084527642901,19.190121922734747
2.1695474458835755,1.615504864243099,1.354249718348287,2.259491163204906,5.847756971891617
3.900833917483281,2.2176667495690263,4.389722084919265,2.2473399646613195,4.428794144926728
2.3441481658952883,4.612160471334629,3.542207652527769,2.934210615107944,8.95584842816139
1.6982402916087969,4.515118913180672,2.73772573345314,2.118236469852791,5.93270612313628
2.051608872570058,1.2393819691538537,4.312802809056893,3.887847470225476,2.2921833769816207
4.0273730876149525,1.921925392126922,3.315377310349013,2.8948018025507003,6.758405750421773
3.166344800031308,4.603106831399657,2.336259454979402,3.333668089494387,20.797471890640328
3.48512619774998,1.4936250769044777,3.452071600921771,4.577396231986973,6.902379251454055
1.1389208056672635,1.4200861527430582,1.819262731433332,2.0725294145293365,1.8425254677392775
4.385668118510758,3.3635774879955647,1.1214679812493276,2.6148032065519358,34.39452618915658
1.826820213267525,3.508772362813468,4.3686021112897855,2.4091611916430717,3.5348775094511287
3.707345964350166,4.205949991250878,2.028015318870616,3.136494846621713,24.115738583608888
3.5701759429229747,3.0118985312284003,3.035589640092028,3.1031686393829463,10.992393624925532
3.9217018436426416,3.569669140081241,1.9687919126444564,1.5064223111668107,10.71147946811358
4.1156384577207135,3.697357367506757,2.645329368152655,3.43997985281292,19.788131673915828
1.520743892951296,4.584604721373694,4.732261081751686,1.4028237476213476,2.0667711503921486
1.2003187818638597,2.8654357643758317,3.61173301111248,1.5616054178607035,1.4871094976641328
4.999522856278793,2.0038829313231385,4.404015602004875,1.566149922407615,3.5627503274625405
1.7871433961343026,1.7723888244610717,4.124816278675088,4.465156201661902,3.428865501982954
1.4567502911799393,4.333074233833673,3.9316189777393418,2.5083475736946026,4.02714748901821
3.6018572027119347,4.774150785531253,2.0129834618886524,1.4909181111375114,12.736092544287333
2.006677074444773,3.5963946595201435,4.32096407698379,4.070934882031212,6.7992080890708655
1.0206767025790031,2.3894880462287817,3.7520580607123057,3.090771460702829,2.0090484367049144
3.953018129847522,4.813346171833404,2.8296195016305163,4.958757467743258,33.34423289262222
1.9225144646816337,1.0736814031335005,2.592357215459702,2.967421932530418,2.362813829104597
4.412719253074941,3.9880834620181473,2.965306294943697,1.6937504277548308,10.051951731959864
4.6588576690244,4.37428779009231,1.022829439635756,4.854286585559038,96.7183742837402
1.3028504099954197,4.104240481804624,3.6941327100797143,2.377754560208484,3.4417703085852667
4.996747247069251,3.1875774012382165,3.8637417299353767,4.342939129489637,17.90291603785028
4.139150448776166,4.704683532034616,1.1947648979152894,3.169498549218309,51.65944431452109
1.2414651184812704,1.2349692223674014,2.3284480545064814,1.7904245004231911,1.1789085420809056
4.967223024137197,3.3566494421794677,2.477867098400668,1.3970834935801042,9.40078238805889
2.4323061418229788,3.9402487199059455,3.465485916764295,1.2302612380340774,3.402319354058077
3.6988363819075127,3.14744593203057,2.841238600795239,4.647276530914295,19.04207223155296
2.67695379356399,3.111702276960883,4.590460056385791,4.211943258647212,7.643023797339681
2.1109420414699467,2.435000010374644,4.524431008865474,2.547702990867501,2.89441035651076
4.668644763521108,2.9032127335463813,4.170770451861428,2.935061520244407,9.53829193099675
3.877983394134519,1.718004528624916,4.433329209695951,1.0778502872112123,1.6197899827712456
3.0102835627046587,2.7132628905988496,3.300462198947399,2.544065515334609,6.295827356465002
3.0456658294583274,2.116311503574197,3.782300957654993,4.552910971506432,7.758806462543276
3.908389099017171,4.532480647824968,1.0887608377831408,3.0985459462428726,50.41493377975185
4.734164575586982,2.196128055367832,1.866641825368558,4.376101537768257,24.374033798708577
2.7459348707258555,3.7943615341390617,1.5902546126895216,4.077020005341602,26.71192088107884
2.534262426337924,2.213868307655123,3.715923668344946,3.4597991557060603,5.2238111978308055
3.731358635751213,4.752690903727478,2.8510900039528324,3.942993389515308,24.52571542372032
2.5150987546527617,2.325188880549869,3.8327244311589,3.753918030123163,5.727834615646184
2.4305403166905264,1.695311310996947,2.089720018283832,2.1513532238648865,4.242051215883625
2.6960760108725736,3.0060618730545894,1.8020369189636023,1.3904296313014677,6.253388024571666
4.450406169908773,4.971559454389883,3.7877783700229815,2.4401600789924145,14.253648495108363
3.7436721454632074,1.8196629458991092,3.4721836290337253,1.325045186433957,2.599661265532716
1.9182105314867368,3.106380043703108,3.844939864726791,3.8127424668729737,5.908793036168885
4.839722063936683,3.1181369766074014,1.0241790914423765,1.7249704686218863,25.41682916685316
1.20262280224603,4.749631461771372,3.546896880656949,4.642942498431077,7.477115502202226
1.766088914600448,4.874126863958054,3.4584056190881656,4.884526836521983,12.157827167564207
2.109267826185768,1.614970621992608,3.51737213340676,4.355811628400224,4.218393858837803
4.390497431658346,4.703228424138089,3.849694303893404,3.694000741552638,19.814382075318
4.356800203238162,4.0958404497077865,4.796436012083751,1.732179550009691,6.444436176596297
4.748290548065063,4.058198846683871,3.4222496976440224,3.565105411495231,20.07387845928255
2.9090591336300293,3.648002465673279,3.2128549375864224,4.493102195187896,14.840989300369548
1.119683116995684,4.773778000960631,4.815306073550494,3.3417533803403363,3.709435700211999
2.792722970558773,2.362013269917776,3.7397257729941336,3.179240836668576,5.607817365987894
1.35173830260864,3.2174743691373537,3.929567449116713,3.2650138393046304,3.613665877113566
4.246344977909245,2.244676107593781,3.024858138379094,1.8079073280049425,5.696919873768933
4.799106280310348,1.1186842998243338,4.4960017233744445,3.027225012198788,3.614815575564623
3.85509330244604,4.764362299656106,1.4488298985174244,4.837308604899272,61.32337774149368
2.5139744207546704,2.0709085487076133,4.975767865026696,2.1133544939836035,2.2112305002542323
1.3324838645656407,1.4390800888931763,4.656576529779839,2.8604990422827714,1.1779367866059491
3.071609849960792,2.630669497028726,1.110576799062711,4.807130757785236,34.9759629109953
3.542443292310089,3.9511072515994847,1.8790111838036936,1.1667000613002338,8.690636416603684
2.762592098499736,4.1804927970952,1.3536891791037275,2.009841878769665,17.146961738827482
2.981358659618951,3.420538617282177,4.598573013534376,3.908988244211265,8.668620708376965
1.7753911511478249,3.783721994122389,4.995953985656852,4.8509744037588725,6.522646222716065
4.504801655128276,4.982845615094628,1.9421764982499328,3.698888356061153,42.74995225533228
3.883214233522255,3.8442647189163393,4.379630048793177,3.232340761833901,11.017532718073516
2.251483172013493,3.7423039702781296,4.9848060444965725,4.281882568779074,7.237594601049879
1.5302470506865449,3.000264596495805,3.4422150182444824,4.687572411172965,6.252174674124637
3.100250222337006,3.715004877293703,2.2190073718295684,2.366571660736809,12.2833563194103
4.063637563569949,2.822200257536202,1.4826271872721106,2.9095643842931613,22.50602545197465
2.9350596348830065,3.7051611716750656,3.2861961976332648,4.198695601388797,13.894564375337916
3.4780592505978065,3.3867667243227806,3.195681925471305,4.471222572773739,16.481054785800975
1.6603276363019188,2.605330672687923,2.1108802217284133,1.0725263235614246,2.197865028168048
3.037181344229161,4.845988179361234,1.1992946405228664,3.989018784075415,48.954572512865575
2.545960215418006,2.5281549043780074,4.474232486340733,1.306912838293904,1.8801104818116905
4.147167480469663,1.4074452868061993,1.143645077882291,1.4455639074841504,7.377838198507721
3.350053238232671,3.44990084025337,3.556341881546065,1.539345712373608,5.002544761434767
2.3893897504626334,4.709078365256218,3.420272333549564,3.411202361788463,11.221985686421576
2.1366888884404656,3.6448269110598615,3.964941755963807,4.032419551561077,7.920399729410968
3.82563364149527,4.376167504304291,3.5691379264915164,3.2403102128995966,15.19919451915264
4.963059497116038,3.175759881849822,1.2366470082156482,4.200279808202803,53.533989707796266
2.727485674733189,2.3126294211533263,2.444068446628782,3.623040082490168,9.350359292664526
2.3181021323411515,1.945372771115526,1.2162139694117364,4.468199190144018,16.56753655258196
1.3297493063771475,3.576989837614083,1.224724594690798,4.170163541395557,16.19578960932846
1.422827916094375,4.726834736451894,4.775596305411689,3.048470783942864,4.293161494954697
2.9141743182626727,3.850353838509531,3.847651083704364,4.357583664088853,12.707678554993093
4.290625727899512,1.1836036785410635,4.937159440909879,3.6162051658791,3.7196566085860057
3.5139764203909336,1.7825251391652488,3.8223907050153727,2.7128485984678017,4.445544756627785
1.2570866162395755,1.7798695905095334,4.577986745616984,3.4948813832941616,1.7080921434274263
4.90069516932262,1.1591169345089471,1.2336198148983986,2.145192815596204,9.878020830587026
3.957142020211673,3.447585676031636,2.27331835070125,2.1814631105248856,13.091346578208032
4.953807432287588,1.9662809805867425,4.693233421357464,1.0337028272044977,2.1453998611255263
1.836621882809507,2.7353720671815243,3.6915607551168175,4.496010650767764,6.118619877149983
1.6938444012816034,1.4458872377971437,4.366712522129978,1.2284987805071803,0.6890140304199195
2.808230545510214,4.882661845786204,4.760299893548333,4.973409023655519,14.325482914956812
1.0707581002637363,4.88307130893372,3.2166310928543336,1.724450618671154,2.8030699896625384
3.461693683680262,4.478508331351999,3.701579895806976,1.0695762134231832,4.479676271127026
1.9394736947936055,2.103912693821697,1.911016846439284,3.0834830480828987,6.583982337237018
3.4643676806978854,3.693783445778241,2.5494664865900964,2.644784973745666,13.275059318854629
1.299865256672288,3.850710304007814,3.742272992287547,2.725903979820212,3.6459799106099577
4.725690816254422,4.709780583496118,4.81557593489439,3.9490937778012136,18.252198799974785
1.7257865801601464,3.3189303462875497,4.692212749458933,1.1443165627205398,1.3968626795498549
1.13998447369196,2.2172291732393727,1.3759238001348728,2.8964648169692317,5.320879150153004
3.775576629756463,3.359468881724881,1.5959582766045726,2.495444369567421,19.832628241008628
1.331082701193043,4.480103134797124,2.869488055418844,3.8127008123923383,7.923578353709421
4.560780240742032,4.225745988623372,4.580156378121743,3.500119087028516,14.728043190017631
3.4676869490497366,1.646317483262378,2.737587579839592,1.1063021258316232,2.3070616459803466
4.962407762147157,4.79512971614748,3.840951227844712,4.374210954555187,27.09902956963255
4.465057271777506,2.501635978085947,2.684487805775652,4.751443584680466,19.770392418675343
1.6928025065633938,1.012425607261703,4.841218425161605,4.510669867383756,1.596819324385078
2.2010721160198474,3.759509962077749,3.380784397451861,2.96497266296406,7.257193954438994
2.5246137302015974,3.406391111711668,4.456027409190904,4.343152829669316,8.381981713714381
1.195189748307385,2.058836317594376,3.302560778542974,2.177972852050959,1.622782527741789
1.8116908831210847,4.899692918436751,2.691980910681828,2.5399754434743653,8.375495370190182
3.703718424634197,4.570725158220709,2.1296672795727547,1.1403476884459227,9.064599025037651
4.016613701210034,2.8305134479080376,1.8552303200285036,4.5057178560795474,27.611592015547053
1.2133470419933,4.513548344707825,2.182328721243014,1.0608500678264492,2.6621772903750087
4.713117734242771,2.845172546199536,2.5140128532999246,4.135572056354445,22.05895813574691
1.4684251707799687,1.6798290877191009,2.4374264566338937,1.626508941297122,1.6460455602586843
1.2611428740091024,4.094850685637901,3.6337440803515983,1.0027393123451431,1.4250695651823928
2.8910178546638714,2.503661935704833,1.8959320402561253,4.9659650937619215,18.958647728668097
2.390903989582405,1.9787880933612625,4.298427157384742,3.550202577884244,3.907554003215786
3.785610035683916,3.339417343482615,1.3413868035878052,2.6521184601857875,24.99455802698094
4.4401169102024935,2.827765585857045,3.2014228212105147,1.3458237051176982,5.2781648158168055
4.037957471786951,4.906080103701858,4.171090807625831,3.470981529674227,16.485382688698273
4.7638924205020325,3.263812005446121,4.321144599778497,2.138899446159574,7.696240839516412
1.6775686493839443,4.315234405995227,4.850178590556921,3.265620107969428,4.874079678516376
2.984781343205708,3.628697446517493,2.5635853397579296,4.698464087797441,19.850498287984884
4.398775313671429,3.5503425553990287,4.661478584985538,3.202054194006565,10.727709923783904
2.265020464968845,2.872263811617512,2.839986651783884,2.3406408058854016,5.361853331090566
1.2836412950062157,3.697445806984831,3.3391324841187644,1.6285595912653252,2.3148108076680494
1.2090683210208288,4.037664348102572,2.696274664451861,1.066105179551082,1.930265185962431
1.6454068700127524,1.5925012954470843,3.55477696087554,3.096188129678287,2.282275588839374
2.8580801163936957,1.2280351214412466,2.1836219234393544,4.325549659705415,6.952628792739271
1.295640750461494,1.121890080407479,1.1729278376928374,4.972171943468227,6.16183056230884
2.326550782798427,2.202522780243259,2.539994186205889,2.695141132017442,5.437280461351589
1.4700308634599957,2.6493187201619484,1.7547184952191373,1.8163338461654344,4.031334945716277
4.192335645109603,3.967157719521499,1.9507723009301008,2.3750681244548826,20.24906633508844
2.183999130299901,4.093951771305516,2.765684960411852,1.7702218077768055,5.722952770323693
2.4755887223348934,4.13866519280384,1.679996749175006,4.154515390161555,25.33673918691685
3.7555321057246873,4.533652002470515,3.4643428944907937,3.812224817066767,18.736017928231064
1.3615940514615246,3.851174652397398,3.871306556902795,4.553966497143693,6.168408515324255
2.328215877628026,3.316879227475188,1.2241381603845678,2.9842660499188227,18.826084639163508
3.5088204591517744,3.8460816036722174,1.2959671329705018,3.7799174984631514,39.36116776478714
4.925545487325255,4.635207051429129,1.6234476942949083,4.832374766441363,67.95881224450277
3.970952450245453,3.0983387109004985,1.7894241955403285,2.7845128439267817,19.14518203317629
4.973036676829692,3.387444152506816,2.318380535476053,3.1942634282079703,23.210249736474942
2.502149837506593,3.060075598540303,2.9855560347982126,4.6636359913033925,11.960377506802136
1.2950791964019794,4.43224146061635,1.713681733305917,2.958798753322528,9.910715256086563
2.2209690159299,4.855842234970265,3.4591728389617984,2.8461208320225886,8.873360783135825
4.977475687312451,3.661644876567955,1.891796802376978,3.1017073181343204,29.88214006946972
2.603365532493857,4.293010112937864,1.2239982136047685,1.8200084016989944,16.618417715307416
4.177501986992168,2.462007315917816,2.8837442307604686,1.3363524453120053,4.766178225704349
4.885050060827157,2.700008608079675,3.4226599428720808,2.890155736713361,11.137601136245925
1.8929537359127164,1.8321937581570693,4.383278327853309,4.605746949994783,3.644285760552863
3.1175364957668616,2.516667190472928,2.904073160121305,4.004168303262778,10.817878615696364
4.1592306997634365,2.218862989714469,2.72566503448305,1.984364567297364,6.71881181115655
4.144281564613237,1.7135877541635778,2.157852179435203,1.5745547569489229,5.181931664140215
3.377248387487968,1.899436588824904,1.1675058037792154,3.158760075664171,17.355830281393683
4.230340364329447,4.858555039225708,3.267531930495865,4.131209123075523,25.986020549743703
4.9974778592003855,2.0081639815749432,4.470046209969535,1.1942689592723617,2.6812677450861577
3.790000236710529,4.796160349901557,2.3399188892922416,3.8307571821664537,29.75889168553316
1.4769587456526758,4.350884708304917,4.021676834006392,1.5362800618471462,2.454760717576897
1.8889579320873373,4.411755680811744,3.872504792599971,3.869106664794359,8.326308124934343
3.739876484967577,1.4805196596779768,1.204022914754416,1.6204670170070994,7.452069238284014
2.819093196809893,2.3917605332916643,3.390146903430776,2.2141919269193284,4.403762349523051
3.735795823759613,4.6890354797734695,3.8297315618875305,3.747219555150151,17.139867369584078
2.356539381445088,3.931563876749913,3.5727965916792064,3.883000791791429,10.06929873565286
1.4424570259590626,1.6138977768556764,4.00418547106342,2.4199419678975453,1.4069208723630149
3.820357551908196,2.157846322294372,3.740248110258154,4.165803006014624,9.181694523565453
3.5995789791189634,2.9260640958461592,1.2314286625193795,3.0643309085686727,26.20969372107524
1.420923574684828,4.556047751488984,1.7885375086106454,4.303131768497546,15.575628479889062
3.00039308459416,1.2394041982381632,3.117182868824413,4.440499343683889,5.2973741520340765
3.134968832904776,4.576768113884318,3.055399468876724,3.4678583414316058,16.284914639527106
2.1703203047007493,4.422816902745979,2.1132964354797905,2.867752500969887,13.0257890586774
3.0953632836529863,4.54545494770122,4.067804247861863,1.6771571332816286,5.800997690825313
2.3588790903158654,1.599936315222494,1.5732777943522884,4.74509453423408,11.382766654009869
1.4580776791565833,4.064876893711154,2.7675187217914217,2.0771152479373023,4.44834113816207
2.1412593597981955,4.102235344236002,3.136424538496452,1.967900340470773,5.511351426742952
2.369526952981937,3.413351962158697,1.054843882451869,4.3569214282594775,33.406752900036345
4.581261315979104,3.7346401833082257,3.5132888068355284,2.791631536341272,13.594964385056164
4.144381892544602,2.631534314993107,2.9752515477486976,2.286562408904191,8.381624004726739
4.193964041349661,2.1082887836075184,3.916132329159681,2.3160986376565926,5.229431678412186
1.5218695529794704,3.918072072791582,4.128460999853006,3.1048118803364924,4.48432369737645
3.839804848664921,1.1365037566361051,2.321287800532265,2.1314882674335074,4.007135108172898
4.888896122432527,1.6474020891868149,4.27397332481624,3.34129753730241,6.296421096307515
1.8870531948341276,1.3122693136939674,2.9079724656299684,2.4648283002335383,2.098956788767202
1.2136184762144784,2.514087584285134,3.0210337907027287,4.058046577378093,4.098491392943834
4.7095280008354194,2.558581777960286,4.212459503858267,4.494962218140889,12.857809669864382
1.849300278431128,3.1256912097325324,1.842763729599095,1.1778389718639937,3.694619948615871
2.209835306043071,4.130315445654038,3.956047899313652,3.200365204464602,7.383820456782804
1.090955521064897,3.131495238362994,3.164096659480123,3.03101183886428,3.272628367845
2.981468137969636,2.643354587799871,1.5596103871387643,1.7206433646622328,8.694814926659378
4.297965337621752,4.628404435026278,2.587122019934093,2.432631702100388,18.70482543630993
1.7783176087722388,4.927983313335574,3.8389938234249046,3.1917852795721764,7.286094698184155
1.0329170876657812,1.8842334165940349,4.560244306519282,4.271081389811606,1.8228456717210364
3.6996159154659214,4.294496286328993,4.185654270207881,1.1603975580701476,4.404659321239391
1.3028680457146482,1.1223354167458743,4.795735758062271,4.620958482384724,1.4089640798314416
3.066977366882825,3.6385270110227337,1.3845991168466685,4.985196540989005,40.1785638436208
2.771464603727717,4.317112845217496,2.815566959223786,1.7249173743600212,7.330020237915042
2.74451630887585,2.09419444566518,4.274786668977713,3.201309083088189,4.304235050456246
1.2579996805653613,4.782630284501917,4.335359721150175,4.440604050953027,6.162603876759787
4.56577377280998,2.052593839550484,2.158537867204556,3.3783800036108707,14.66784243928353
2.178387716168577,2.839887196589935,4.197668866695652,4.488293183997481,6.614687187822833
4.963824989667092,2.1419812822256388,1.861781365186681,2.9694496842310465,16.95818716618006
3.7218649519599074,2.4787998479709565,1.6669445313538716,1.7557007212765612,9.716982273098608
3.683729431909805,2.4377168241416083,1.1933426160013734,3.1068252447261804,23.378823586640205
2.559323670057007,4.388825235255057,3.2359971170191,4.315120483049823,14.978154322905448
3.832327103118212,2.4574127930182788,2.795269465587494,2.5256804215709305,8.509330711911423
1.220007828749957,4.1591137839332655,4.585987235580566,3.3734953342767584,3.7325934671426033
1.5815480273816207,4.687758643725603,4.2812817422998695,2.409392247931577,4.172355722681785
2.787565248035481,3.471010785088625,1.2030203594263358,3.466188084379932,27.87790619859911
1.269297333077946,3.029612533497792,4.0535396389296885,4.32329117566392,4.1013848091175
4.693009000179199,2.782327316197206,3.434145117710982,4.068450987803249,15.46927826787736
4.048961392370435,1.594975822443789,1.5460278555708409,1.0452304169202642,4.366087798912899
1.296117086056494,3.9694992927248194,4.013792917271459,4.366064042081697,5.596481907360226
4.017640725166508,2.395064505231607,3.1336935247859863,3.3884203636617274,10.40468831934519
4.160593557392433,3.8438472545246896,1.1222029532943192,2.167132167601,30.884132358832083
1.2167448655662905,1.3521178786590595,3.912541345556172,1.5463156447346391,0.6502094655704893
4.839916280462823,2.1835911787504068,1.1728930336190628,3.6585783902705504,32.96576349984419
3.674973899688325,4.03876882576394,3.135669986325443,1.4351190910085134,6.792987995114437
1.5010466907520446,3.864251378470197,1.780428859009993,3.587013567457226,11.686056079693534
2.894577685814766,4.816980874548639,1.2940426080846803,2.6831137327425503,28.91016947728006
3.4125058506553643,3.592321830282672,4.232761085529766,4.627412116402834,13.401797938845585
2.1897041005176097,2.7985387130313377,2.318498434245182,2.55803584720994,6.761087709157069
3.590645025593797,1.8161516142063947,3.904998808721584,2.11361277889629,3.529629283161731
4.695761667834358,2.082325137466352,4.949238382603004,3.2972189544128967,6.514243729690638
1.7906101931575162,3.463998749165885,4.346778392265023,3.4917773641455354,4.982620662791969
1.2947649962264705,1.844009713607344,1.4622605334449217,1.0929501580134071,1.7845542417919804
1.804203712861684,2.4490500183548094,4.662961092402384,4.511210264273827,4.274787248819002
2.9084886251391238,4.50171771364421,4.866792133173868,2.248711709881979,6.049738632610316
1.4028919110527154,3.3806226410244697,1.1882131462662362,4.674387198774665,18.657404948745757
4.51248325860497,1.3595680026500805,2.9503298003518825,1.440200836315812,2.994808322996221
1.8583001079049823,3.925216299956057,1.2087497294391216,4.480574125519631,27.03813439786317
1.476040340464134,1.3285721643027752,2.551931328955801,3.036568329383683,2.3334443644034337
4.873048500497087,2.75504936071194,2.9039583294698392,1.0845589151192376,5.014098792749752
1.9114110842945893,2.5788020887180534,3.761159273354648,4.1704292621089305,5.465515720663256
3.845446659792669,3.438211096738144,2.7210147095143395,4.554258122478577,22.129218722139573
2.3183602324751837,2.752606672512159,2.3931368608922914,1.0158773786309867,2.708936534405949
2.946613319929732,1.3503899381638005,4.820306806667531,3.866555367931182,3.1917722396564265
4.640190969954064,2.1969308280757684,2.760525391997859,2.24558176766393,8.292574176092204
4.873198721723515,2.7135943694624283,3.6146696674490544,4.7750297246697535,17.468938495020446
3.4659050637401707,2.823829884076205,2.2647637034204817,4.3659288523533615,18.867265050936567
3.4396242110373967,4.065033245736904,4.109169116813552,1.5924493620567732,5.418595285374775
1.3345619121293,1.6463035867493891,4.781789120995125,4.767544567268154,2.190549101445065
1.790582696318591,1.3054591599902543,4.0098738663169815,1.0473555932184078,0.6105498343257313
4.854132905853754,2.8220583899468505,3.7875207478640367,1.6200731958289922,5.859455691370142
3.3985416383219307,1.112543668883736,3.714913778867688,4.22175920535209,4.296891448962859
3.4931784372130936,2.81022903478138,3.76720637598426,4.640977981724832,12.093515977196772
1.4622829704283644,2.835217230502156,3.4878886534829827,3.652440705528071,4.341485190462024
1.151289810292743,1.9705264073171296,2.215423121959464,2.9677886410849306,3.039087500854421
3.691364291703006,2.952106476922232,2.2771891000140454,1.7803999263390118,8.519956858326955
2.2041509689502403,4.78579727774585,2.6731376821321926,4.266102762552858,16.834709253364736
3.135315042631568,3.5106194662911463,1.4059740171420922,3.642113487607985,28.512882352368894
4.28462892362965,1.5590543498616776,1.865342550048997,2.512074294134643,8.995977343010473
4.714843169657682,1.8712992009262863,1.7078080226779528,1.9714122759624764,10.184715235923123
2.397722755947472,1.0208213386563347,4.700583383830672,3.913599661088482,2.037855291538709
2.0678115897846565,3.817731933079152,2.916867097244485,3.4380956332076056,9.305028483960257
4.609618727183184,3.7732412561752775,3.601076115853949,1.005563735218986,4.856874493389413
1.8817360776364895,2.906770985751113,3.1605652313880044,3.722912169959897,6.4429915303021605
1.0052325885105962,4.583569411597635,3.633796466422681,1.80544129707588,2.289249594201197
4.101413558244812,1.779366830594328,1.550135512101294,2.725393104739971,12.830941960572398
2.228059564413721,3.9195160068211337,2.286469851450176,2.9954992606578363,11.440973424310322
3.119347242624332,4.944283505376767,1.069937354202484,1.4724713189475906,21.225385274033503
1.2623229459399,3.099149006950478,3.6705448788930943,2.2369488066530154,2.3841767091602235
1.302122144266936,3.78735302352519,1.1403028671244697,4.171238822702026,18.03982633703491
1.2301616131555,1.485528629561205,1.1664857200699803,3.641947398671546,5.705548996694322
2.7801424347434143,1.9746886857248616,3.120878257487937,2.130368506210997,3.747516814080314
2.616760965450836,3.1828009612416768,1.461962406036903,3.8274129863261335,21.804325385796744
4.957134571758786,3.175815816822059,4.928254624490496,4.962397707320905,15.852013942204373
3.681702344476536,4.892416322349974,4.515860904783315,3.345389737910714,13.343760680061472
4.09017575997336,1.1302401104471005,1.0871023968319342,2.3302460796324604,9.909323781705767
3.1527682069123686,2.763762574827562,3.3574328456567906,2.7809365204622423,7.217329194263844
2.0329854341258446,1.4733751340744607,3.704653692118489,4.566022507505442,3.691798884971704
1.207949680517312,1.3630282204066346,3.8125221800183926,1.5558323675197574,0.6718991849837922
2.218287318129633,2.6788516537741827,1.8596165201615265,1.8115586320424144,5.7888921687803325
4.257635967958205,4.972265809598088,4.883954665278363,2.178664668231026,9.443687986250223
1.5889023015139458,4.193501843661662,2.511688607846052,3.886737479779364,10.31082568853694
1.2450823021389277,2.027918983156082,1.204791706645799,3.219568027461234,6.747366447401488
2.574576584492914,3.2868036123326543,2.1969449191409183,3.858454657037344,14.861881803307984
2.982124844269978,2.755408167721279,4.869367069701878,3.965204367421648,6.69121252037998
2.661347261258125,2.640285705955627,4.253779866511164,3.737390451150768,6.173705818825597
2.2960476038188964,2.344390386607151,4.731122547943194,2.932396578450335,3.336332503065609
3.066700001397917,3.5378192863167524,2.425425656076224,2.326825233278605,10.40837033372958
4.474238583995096,2.796843759592889,1.808376249526804,2.2060307393290737,15.265467530128983
2.7018048043523195,2.739314517487311,2.742354630496795,2.3245609762452544,6.273547580694417
2.9630095011572566,1.3550472513959768,1.075992700038976,3.618819825995764,13.503461786315704
4.410880354915873,2.5899163216468333,4.660376176307382,3.2891988458912857,8.062693785737588
3.717874168865723,1.7381162156204106,2.968155543550739,2.031881820836849,4.423696130254972
3.7073508412227176,1.043232011609093,1.9700743225177293,1.6082635928011384,3.157324444815425
2.3021272782616937,3.802533337259141,4.296091580074255,3.1649220972270413,6.448992250297181
2.4233074172825098,1.1015611666953435,1.8254913090172984,2.911300313496733,4.257203067809588
4.242902626980921,4.242443101876347,4.681158999234814,1.8741839244333425,7.206724288441462
1.848398657149379,3.368571705426732,4.188240690481278,2.3032467404917334,3.424130232577133
3.877707186516088,4.096992351865483,4.444445691113536,1.7043676004486308,6.0923638266112246
3.2243026569690225,3.7726103865066185,4.479839426029686,1.858759454975909,5.04706037922456
4.1674361316176185,3.31814943513245,3.1360030326106703,4.687435767865317,20.66920388507237
4.636194034301004,2.74727537980501,3.4701056765005265,3.8308594417791775,14.061035826127767
2.575378430612498,4.185275706861017,1.3017778142035006,1.4067709946708016,11.648008160608548
4.227284812644984,3.205431593594974,4.515096092137776,2.426723215204352,7.282848399266995
4.6293195609691375,3.438849925973721,2.812998117057802,2.1081006585383704,11.93032533421497
3.0837962995466066,3.5729103436033345,4.875371780185533,2.600092756561041,5.876096286692821
4.905228693271599,4.124418636979074,4.3258596542366,1.812681115117477,8.47756221249349
4.672853255366403,2.2679557037901854,3.029480685177601,2.1857281391272907,7.646182616893399
4.927609940687322,4.499544556041547,4.808723493747486,2.926805176165777,13.494875690757668
3.794125158387309,1.7451430335171243,3.136984092937137,1.4086115228707854,2.9731827281094114
2.5961426120639537,4.07970494290419,1.201273376241688,1.0768253938040715,9.494251609918964
4.464005048636059,4.494958125442073,1.5694653240615848,2.559847363381603,32.72748804285609
1.340885469388451,4.521812289087585,3.6977611493559945,3.4505703316666683,5.6579127117180406
3.053233712657946,4.008009332691659,2.373014756547416,4.905992842161746,25.29969260872825
3.2446175169094014,4.208315091351587,4.799478543078537,2.5710368427208627,7.3145228960896596
2.024262793647856,2.579245198668714,4.873752243834057,2.422126612062537,2.5947344425900405
2.696447452356015,3.779702056630958,1.982360208158616,2.8360243451403657,14.580650880671596
4.300542918298964,3.667048301482276,3.296120803796625,1.35363240979092,6.476457803933039
3.250711298870333,1.5286739500914654,3.692948537853969,4.311897862826922,5.8021436249471074
1.9778954213592463,3.461928292382219,4.147899094538087,2.0115092186830017,3.3205898615128486
2.6873045140434133,2.6616968604603364,2.1926547441186224,1.404065709593728,4.580286603350298
2.608500023443768,1.0760802777031584,2.400265894371418,3.0447838851571074,3.560677455981358
2.233011341350459,4.856748906621302,2.5629820098165568,1.999945336534612,8.462703937526447
4.759059496260436,2.129919918351564,2.297733316097739,2.6585006029775435,11.727935018512897
2.3822825917731025,1.702326861240608,2.288639473190654,3.2636112319132558,5.783054220505384
3.7194891658099887,4.645606330790164,2.678532160724143,1.4143944911951492,9.1242965902554
3.213415043736713,1.5822250617869753,1.1942977984223515,2.3852234254963456,10.154335677384752
2.950188128268226,3.1997779832781736,2.781030694797592,4.783129716761955,16.235883766918235
3.3116041177706057,4.726299343326247,1.9799878587514077,4.019899701932751,31.77695863612371
1.5640135613574766,1.329692947810455,3.2291131870766407,3.709272733085797,2.388896745091069
3.796335939795456,3.37342166299998,4.314109830133761,2.6301959320835757,7.807862746560644
1.3252275252770669,4.736080581029402,2.4201643798715446,1.5754543720284762,4.085737829911917
2.8629495096162887,3.553574193791293,1.2595516912844693,3.866667183577956,31.23200557285996
1.8758252338912027,2.194736172793227,1.2257948225121869,4.429525138416489,14.876956166783115
2.989760516745254,1.255363607208368,1.3795283788638253,1.371175334398972,3.730510699342497
2.2316812030132755,3.896263740525732,4.356444840040419,4.714462812187993,9.409802261038145
2.85346987634971,1.4626415260065515,3.750044908848534,2.2629067558140163,2.518496674987189
3.715395960326165,4.073234532993942,3.213645970232041,1.45784906504462,6.865292622077584
3.496639105717087,3.971991616383079,4.788992322301636,1.0182781803480294,2.9531222822994505
3.516931619564066,3.6564586220204007,4.759364420150746,3.759194429485567,10.157116092326175
3.7825669664948496,1.6991351796321994,1.6523213484853514,3.938281894769319,15.318873930911822
4.144998399948564,1.129515006251376,3.094305500080921,2.095762464480833,3.170992690281176
3.094949064874712,4.336491789631707,2.219643082171684,1.222404156649214,7.391348962884187
2.465263486851632,2.8951990680757627,3.889119387456181,4.935407466728718,9.0576078150287
1.5736517680883648,2.708662487345401,3.71509544605994,2.727214585636204,3.12905258894572
4.496680320523922,1.7035802620657812,2.315001268940222,1.3661180772126853,4.520553548531145
3.2252771195793244,1.46945083469837,3.315115538763066,4.351412494817865,6.220906599985866
2.173418062282567,3.941744954156861,4.150800476501544,3.152356035973334,6.506316660256076
1.2570649404629362,4.333306964003084,3.825470873262467,2.898207517347738,4.126879116607044
4.99664427008625,2.923630856287847,2.396171952587184,2.775105873358407,16.918526832360296
2.459079416129089,3.586669619159653,1.908486811134379,2.6708839359109544,12.343257286157192
3.495399351322711,2.877767859565848,2.6043679429867943,1.2081232310585204,4.666179631914385
2.83669840706714,2.6301926290872304,2.025442610770562,1.9760437737229133,7.279094201311313
3.7545068811191182,3.0030293475512613,1.5750652322333565,4.961510219864993,35.51630903822176
1.542252409480969,2.2759625588875423,1.0896156966638677,2.3361234562205104,7.525632557682998
1.0030972934150792,2.058326843718214,2.52234216646066,1.9148401147790777,1.567421911156451
3.926813453463873,2.6272285480656627,2.4752818170620854,4.379744655969605,18.254177307605804
1.1916218475549152,4.594776363873403,1.0623660404204318,3.9757009418046776,20.49001916034929
2.697016397614628,4.993434063366157,1.7419140927879968,4.491296206559956,34.72385003643538
1.7729962486254838,2.5907571692146973,2.486505673473144,3.732121742017816,6.894469788100063
1.9607624577400091,3.897517105727784,1.8897311160191568,1.026585429232254,4.151529178040177
3.519427568012684,4.434444604359974,2.166318442496796,3.964884924047146,28.56403493433716
2.26778575957179,2.119465513443269,4.551779391852644,3.809659783619984,4.0228456188541815
3.52926288205352,2.796813502808124,4.272336905600263,1.6180230933251196,3.7382362053895584
4.6865758925159,1.830175257733192,1.88845816777716,3.8865477648568345,17.652449367480184
1.0632878889985782,4.441180172332542,2.138124820893203,4.786788551955183,10.572080175230989
3.7290354115641553,2.084300597100301,3.6305740872785286,1.2871993724569577,2.755671065775789
2.6658899844581976,3.310396177437006,1.3765771221976908,2.1962751139408825,14.080185870145169
1.987205485960155,4.735586912155322,4.964944256962974,1.0340302148927485,1.959906897871216
2.936381598020919,3.4549513288843263,3.805410409034765,2.584230318787216,6.889443503248003
1.3835352877242042,4.887730864762826,1.0404634426677752,1.0668256747305036,6.933685806621591
2.6503785799486503,2.886364970505202,2.5314553822184718,4.34553890557407,13.132049875004746
3.355294893716015,4.02603689084858,3.112467607130642,3.5036905045229814,15.206502647457446
4.364940759619136,1.3230526907979183,1.6786540422210314,1.5388414589267247,5.294051626030442
4.349949900245389,3.329007183807684,4.858939189851968,2.9747317962984914,8.865542970360563
3.722791232204148,3.0239085912412964,4.953288878452945,1.9109151146507248,4.342952504361359
4.740726241929542,3.406476273883713,4.506951099606665,1.0228138376123632,3.664915743352276
1.8584229393616347,2.97617861570468,2.46322484831418,3.039165420533632,6.824232765947878
1.7755280563427664,2.102252894335227,2.802852448580142,4.962979012861217,6.609288375801091
1.5455587218968687,2.1582615889655115,2.936299661052244,3.3116477961924367,3.762126192118252
1.799454351456976,3.908085565554131,1.2598513305361956,1.234995378503961,6.893677005005313
3.844622869931736,2.346495542327193,2.0682944774514924,4.047095981399363,17.652434572853082
4.155990997058856,1.3249050730782916,1.0650780845892365,4.2654062982239935,22.051509229285447
3.578060611275073,4.945064055043978,3.104462257177449,1.077788290123221,6.142804464001919
3.5639014757750647,1.9641638431681887,2.055788587180217,2.2302980800339487,7.5943019620126515
4.8648752857324125,1.3521892867958036,1.1471416012518962,2.256310927882637,12.938714174217038
2.8915730480252484,4.154458642427329,4.084425285067456,2.7729690915816083,8.155727013775842
3.946760509513836,4.760591930013288,1.4287013329726048,3.6549071270980265,48.06584991510911
3.738290389874516,1.0985390605640162,2.157216055070983,2.184941131524045,4.159437801620322
4.709611226077854,1.464072112469453,3.708161349823466,4.760893764315892,8.852733570610711
1.379847321742996,3.672487193889604,2.520925941932414,4.09237039659446,8.226330846412282
2.717080681222589,4.696082423707099,4.642118794618625,4.36090138584448,11.986662056424349
3.076943252850963,3.930789283376198,3.4201353454836005,2.2303431230503388,7.887286903147495
2.525508735146122,4.085107841216001,4.332510889002724,3.748844661840448,8.927095547852666
1.7104626819849544,2.4999222145226865,4.339920064018386,2.902411965374819,2.8596799110964524
4.289833784876023,4.325219099624761,3.567438939417371,1.3339828645373948,6.9381275537758365
2.6516573180228424,4.419316625722947,4.340005434263713,4.824240984285994,13.026004887409623
2.84313182968979,1.3098029248108092,3.972383293170519,4.469639108418728,4.19009881429422
3.331379134936621,3.621920496266045,4.984653188518131,4.9220299210102,11.914402743783064
4.400303934951988,2.687018407717823,4.213282754233651,3.12046818215213,8.756941922824554
3.2988964012518687,4.398181613462354,4.876413510693343,3.2539681513471743,9.6817665782452
1.7018041306502971,1.7734704672052262,2.0565310511620205,1.9702390404874213,2.891459964553323
4.674838165273142,3.0924077526804234,3.789791479862145,2.8023098691767987,10.689666977687583
3.4326704907800063,2.555281373823449,1.0469735023573872,1.6019633433261182,13.421088177131889
4.770990390539799,1.002514227421738,3.622708571977036,4.833623513401578,6.381731211311429
2.269961810146815,2.7699243681303862,4.785047125497369,1.772146312805385,2.328626405406902
3.969683147211736,1.9330850860159237,4.5277340941607225,2.0831642828934025,3.530607349298847
4.284454653959548,4.045522355193855,4.87719908643469,2.5091529681058526,8.917165164539202
1.7302406942159505,1.0477144223525992,4.204548879712696,1.768208562410416,0.7623660150365499
3.9551312245041927,1.4133814985793824,2.552433830057677,2.458594570369078,5.384591053424485
3.914130051331547,2.833546449307556,4.7234517577979656,2.64146181967964,6.202266759393175
4.0507165785870285,3.7882808050032857,4.2901086597938,4.217221501347723,15.084542426399048
2.166818430138925,1.589977323609618,3.786676810137082,1.868809448254332,1.7002791624401443
3.585900057831567,4.183579647210364,4.375628004323852,1.1272300624791054,3.8647231815595697
3.961800380864582,3.423423008983541,1.987221316162746,3.888764865165175,26.541080662397665
2.7793707595698574,1.562883308578404,3.9342402691374088,3.93225663638742,4.341642020662343
3.620387993792576,4.094001230262341,2.966263150224416,4.360856086272835,21.79039801094992
2.623825980113693,1.7565589721053203,2.155981758498072,3.3762171474458267,7.217437835691427
2.6760629039909607,1.8903854003816112,2.5513478961919835,4.33398905542233,8.593395508623347
1.2894631096683118,3.52575788438549,3.43459798499828,3.6827216698029073,4.874772967620544
1.5019168767729387,4.373541281509761,2.0109073788843337,3.7105369243285136,12.120591585776625
3.899625333079977,3.366757724857687,2.92245568918081,4.231143152013004,19.008354914197596
2.002122433772481,2.5442404448433718,4.8652753408138345,4.488330233922955,4.69922417995676
2.764567761155081,4.221773941416176,3.270282289886503,1.4597482888483415,5.209726766036825
2.130424487570055,3.856867625520428,4.946896886078767,3.604183133412064,5.986525968136085
1.7458239576613694,2.267697596694675,4.142407637311917,2.6578727144239367,2.540194279632457
2.5006136836649104,2.864297696632556,4.832297903329129,3.5833724282182127,5.311326567300297
4.927557758695386,4.4806945787127255,4.129496055266154,3.409717567188235,18.230493151368627
3.0906289491269754,4.491972410167868,3.774303299382185,1.660701787773041,6.108559449073771
1.541430492165606,4.535694077038537,4.935712199753892,2.5909842919185397,3.6701401802149194
4.169060744614557,2.524281537825618,2.246506451572202,2.0384120180094345,9.549053245015562
2.3712254806690614,1.9828234265412208,1.8904798983034936,2.946799135304489,7.32884209173743
2.2556201526844006,1.7009666948854123,4.693584043130717,3.254765728300576,2.660583613236367
3.5655072557564877,4.691401377218023,3.8788526445098426,1.486376085310455,6.409871799369907
4.762868641508544,4.785203950922352,4.358417993033243,1.5970026904830097,8.351141177824188
3.191417096551726,2.974228564807851,3.3418987347922653,3.5268331950528222,10.017273731561875
1.8805951317730936,3.783147660210005,2.628286969900183,3.448643227840026,9.335209865629484
3.480487562834832,1.9437263318479912,3.0283767513141786,3.426868447132548,7.655309146535712
4.1595539926974805,1.222662512719602,3.4581492619037992,1.3961130203254144,2.0531950362356595
1.093383086835321,3.882474722429137,2.0066918119676638,1.0348526816092214,2.189166730007269
2.1191622601394964,1.0919998025040156,4.5192475482494,2.129748656261307,1.090558564394499
3.722949402790239,1.1356165207846196,2.706956922735058,2.8060337771763644,4.382585380666025
2.29953335705455,4.33094816536504,2.650474202075811,2.191518661225256,8.234633816696045
3.081927166676914,4.040620181143408,3.834507161881333,3.708187494095208,12.042662946254646
4.506741070060517,1.6395973271555309,2.852759707986236,1.731877537390929,4.485922806468896
2.0627081252825348,3.351845592760807,2.163649742995684,1.772149037566208,5.662850145445201
3.7369093328569742,2.772188260507066,1.762936605395644,2.048175226282525,12.035543150041924
3.347524216976771,3.778034012414082,1.4687680930458709,2.025133515425031,17.43773295856999
4.231668855392227,4.521755938841354,1.1609231649677598,2.2852389003561284,37.66577639151221
4.594874659173822,1.8732417629314384,2.534190044400202,3.0906371795305567,10.497269445858004
3.8003469769567713,3.287517480697485,3.324117905201911,3.779505312166412,14.205282054755164
3.378626179937595,3.083373590208288,2.1313289810490468,2.7567917669985307,13.474720449506735
4.78940798783662,4.780492630595747,1.61560855953612,1.5658691172923738,22.19084299377369
2.0314228189587267,2.8991655479456293,2.863234187402585,3.100161535649933,6.376770607348153
1.092365813931305,4.584102868954815,2.539993620008519,3.0853190671628035,6.082609170601265
1.4973745213003808,2.1795477386685387,4.910687941472572,1.3967047785268192,0.928237494332569
1.393325199312106,4.809072788828145,3.1772518825770795,4.557589474513925,9.611637872327217
3.682300144977659,2.221494425027735,3.850084056497327,2.4046947458186607,5.10921473363076
3.452624389098751,1.3883308918691082,4.737248263264504,4.306894348597395,4.357931448677036
3.651392407631303,3.693139001179936,1.5776230592549465,3.20801874613109,27.421285716440167
4.294183304980979,1.9978502914146,3.623963081687068,4.74160243728936,11.2249623548102
4.305506742310374,2.054148424815503,2.052488920490061,3.388098678771477,14.599276160441612
1.2261460246855496,2.122885373538509,2.302140056209886,3.627045212672294,4.1010018677927285
1.9775804268017805,3.877485528981466,2.8576136355752797,2.008727569124779,5.39016266144673
2.4041160225078766,1.6648978771916707,4.026445673341108,3.4330673014771254,3.4127423045573178
2.410695990174722,2.9012894346250397,2.663609948697058,3.30447921188112,8.676926082316003
4.126744025856671,3.83046101365354,3.05811813503741,4.811463466924286,24.870327950490733
3.7101450344998073,2.8985622598516936,1.1134731416266668,4.999430009530153,48.28522587675222
2.849253691863062,1.4248433004556875,4.262083432663555,2.974069220251796,2.8328745949121727
3.971151213735951,1.564274324222933,4.407708640820228,1.047638041635449,1.4764805234232
3.647550144905056,4.942597945932367,1.7600247238527542,1.7351161943775977,17.77322955083698
2.202855423544374,2.689258245228429,1.3594195754961054,1.9288298331996008,8.405409931253782
4.541661251453489,2.8332131900577573,4.968317395619508,4.521485056641902,11.710239050261578
1.5094591196157467,4.951374001584437,4.66444823998383,2.3794154879015808,3.8125635677316296
1.9137002975395627,4.430204103027373,4.941950207505018,1.4692034100285092,2.5204681955603574
2.700479817460713,1.8331822046922284,2.799069595748174,4.077654726761175,7.211794136117949
1.3361781182554249,2.778222307531919,1.913984060194879,4.621000135492232,8.962496809434768
2.7576280679487555,4.232269007302232,3.3761109983293047,3.2455945083052584,11.219835718864203
1.980842579122367,1.350391748281642,2.0188320587467365,2.036851517421596,2.6987889080954446
3.2254662155775367,3.6596111410226926,4.769958552452784,4.070940983120539,10.074132055482025
2.0304175111724985,4.529576867368993,4.749514623008244,3.203509689704868,6.203257327088062
1.4445744395967242,3.5236972470282164,2.4992795181032053,4.903672755406323,9.987232567900683
3.4870286797614694,4.948362452332456,1.2345461837799083,4.400265566069823,61.50190510005155
3.514142091520569,1.0412453683841765,1.9884740454868948,4.438081760909524,8.166722006170742
1.5217583174060811,3.037583187414378,2.190797552194653,3.860343627070568,8.14512178950065
3.044114023111955,1.1630021220343258,3.0464429083062163,3.76540076452056,4.375821377770324
1.5625288890063636,1.6620987577618611,4.719619446246078,3.0002726524961485,1.6509678724132206
3.0004815402435168,3.7467192645986183,3.1453748670575923,2.886983772053892,10.318439996075082
2.2864352766509457,3.7817142003909,2.4618843251954217,3.810705046907696,13.383980906663956
1.032210669643268,4.840910059265214,4.107698334093426,2.10243783383947,2.5575255381714515
4.090256984139241,3.519957391081493,3.752248317014568,1.3122952273923132,5.03533047555853
2.002190124624273,1.154961173129498,1.887585863330952,3.739489215707032,4.581189625445207
2.040789208945554,2.968483096181444,4.048840288904502,3.5438164890016624,5.302410027853095
2.030931443830836,3.9842213837037104,4.778620995855688,2.6109195691773506,4.42109281114099
4.311000041284096,3.5408079052512167,4.538023868575861,1.692388317982742,5.692638901341307
3.850334299717499,2.537298011017864,2.320356508157952,3.444009075906062,14.500383479171232
3.8023413534892656,2.6508352183735737,4.780147497764956,3.942763291373226,8.313678803742988
1.7246834556211357,4.677861742064151,4.469589176524193,1.1283481098165755,2.036724455495636
3.8046792302932695,4.757713577283511,3.43643343606581,2.686908786807408,14.153417845651846
3.609942797524142,4.081713081949289,3.1029764501678945,3.0332190341168768,14.40350164771765
4.866655367616113,4.238026280574701,3.246916186174245,2.211026692898645,14.04485130986379
2.8367193182611565,2.9455707082167946,3.3430816500618463,4.2721198291941445,10.677811767574555
1.4936956164706796,3.660452260284184,1.2003516595607049,1.4143706703030583,6.442458033466323
1.4283287100144642,1.143249053220702,1.550692377630786,3.9431266916442262,4.152255749379207
2.263089439209358,3.285655219622317,1.3062889305286434,4.580811388154192,26.075153303868294
1.1637253729814896,3.588721705916119,2.8464218880826047,3.0196973601661328,4.430517271347875
3.426781219220243,3.3678146850395323,4.583315235967197,2.3367221168855994,5.883854231939009
3.536333027349053,2.8522589163383154,3.2642867116180008,1.3170391168911109,4.069607082479908
2.173012018930004,4.985409731865486,1.701959885698367,3.508330789825033,22.331310014072905
3.847360261306625,1.999909013866795,2.5797956901479018,4.55046150731444,13.57198043359858
3.292214286316064,3.661546290606336,3.7094097920471274,3.477975017779252,11.302493560284242
3.8410860557700346,3.334750816174688,2.121574261746675,3.603128824760831,21.75399261085166
2.824987154064761,1.915090783932216,1.9067471115523695,2.800120125526776,7.94491782255128
3.447470545356354,4.15446556283956,2.24015843586676,1.7396567412000905,11.122452430025508
1.175602704334684,3.8431921467260266,4.943335600407672,4.363034132071463,3.987688168213844
3.398606893288608,1.6022197799534332,3.428805375191059,3.9857577356715135,6.329816003445058
2.662661882698189,2.3349559160803746,2.3472327758969205,2.923048376977014,7.742381176487243
4.893385718998777,1.2795324107840944,4.626705100695296,3.8386323998862375,5.194759510330005
3.1842788682838594,4.293500422431293,4.61373303514055,4.307871296897359,12.765354008672317
1.5330996836496689,3.3859871439463576,3.044980000789496,4.437627761813966,7.565229791509485
4.822436052529086,3.457084410745461,1.2120016049277602,2.508251101571143,34.50200056052402
2.194201681548902,4.446571149372605,3.998501862484016,3.9442562654699582,9.624310168264326
1.0118680270996907,3.670918742907483,4.42328091329847,4.653554625644172,3.907859486335209
2.804739900182174,3.467584726060697,2.1897735561569887,4.552726260585716,20.2205053714552
2.050946550509467,4.537080843374646,3.2608473570898,4.344127114343895,12.39660934017257
2.502635767191928,1.6478635104324262,2.087103801749883,2.4907812124640234,4.921646490853627
1.0220160838554748,1.3861649212328744,2.1591568841215167,2.545310956816465,1.6700492644340232
2.1084177602349934,2.984502037675392,2.2458258982834254,1.687082994239332,4.727035976528391
2.3653317641912825,2.434102610417688,4.425281428965871,1.181532559362357,1.5372190041227938
3.880044544693933,4.0065057109303535,4.1056323264628265,2.6917463556823726,10.191932933330817
3.9071260735666575,4.769577429984024,2.8665532291529376,2.3565578169568413,15.31988190388807
3.570185648352149,4.114056295780081,1.0532049794104394,4.989246284681909,69.57978282933496
1.1325356814423375,4.513118257323416,3.705264565016313,1.885637771669475,2.6011635111138083
1.3565358502904967,4.809757244210191,4.968001116092886,3.4622350257027854,4.547045437200788
3.106568899646721,2.164393321839262,4.601237153879223,1.4756996331173196,2.1564556298731725
4.636065997552986,4.739905502251723,2.2034598603579125,1.3786142570174338,13.748550560720837
2.22733066240432,1.823761077405412,4.883563526150934,1.156763668449341,0.962189109374452
2.1745150621967104,1.7791790697552177,3.399375273671835,2.239684828075477,2.549000249916938
2.1604121782913426,3.703446277166147,4.229641939842756,1.1466266475039304,2.1690076941603555
3.2086743746235014,2.341084408936171,1.7794372812615582,1.57015778611287,6.628317915267947
3.106012682465812,4.110890893784417,2.8417305644275546,2.784852220173742,12.512913166083312
4.585814739659488,4.838931822651322,4.783190369844586,1.967848200562404,9.129351676078375
1.392624767931551,2.417699443807322,4.84803569299549,2.9778849917113392,2.0681333492107927
2.012359921493522,2.2129537293878947,3.889227381910133,3.1469420924815674,3.6033247884128055
2.22772811422178,3.7453562170390313,3.525466931583918,2.338092100807514,5.533504714364268
1.184641129156322,1.5509217420568118,4.0968316673532215,1.3883659544222835,0.6226335614869426
3.024830504728268,3.58281234464933,4.445905290092664,4.306134089553679,10.49669186603296
2.5218812049431927,3.681381950764431,2.8180730111628773,3.616639038266908,11.914845871630575
1.9061903410843275,3.1947694559261364,1.9396894517354952,3.626842477093226,11.38681533759795
4.032687324561765,3.5752680550144578,4.289589809380189,2.7120321072252915,9.115536209169443
1.9860433828961548,1.8217678064670493,1.6424442330830828,2.9871418319644225,6.5803192637501216
1.1247286706018542,3.6179360742083015,2.2696222034397104,1.8827767761689704,3.3756228355851703
1.4551610768500651,2.275881865855557,3.6118487102794825,1.0715584307869772,0.9825328778953476
3.3696481616459275,2.196941320476623,3.1299744573097588,1.726139140110695,4.082611183465593
3.2194154746043813,2.820646089335348,4.685039570587643,1.6137659888632951,3.127900432055495
4.554580180757753,1.5060018912649826,2.7414796271606208,4.796075153541207,11.999822613937807
1.4401898114711011,3.871877087016368,3.2522526819237805,4.4797110842435295,7.680809984769032
4.300227487933718,4.698681204499784,2.71759008671128,3.3034678206395665,24.561423984627957
1.862934954206036,4.73067119231394,3.3339987294338567,3.754847518471059,9.925384273791536
4.209821525334382,2.062794660590672,4.168801052872593,4.340578496865454,9.041825635024985
2.575440876694605,4.270983129865554,4.249432412158876,1.4716062397401517,3.8092557774053946
4.092532470395207,2.073279836950205,4.654225566046476,4.111335322410737,7.495239763633215
3.6671625820877622,1.932917419139066,3.934212783563673,4.250539802576689,7.658252945532208
4.766380868624006,1.5194878970843528,3.880317338228725,1.8789327533150024,3.506953283691828
2.789762392775347,2.0564094444017087,3.415892143277231,2.950030356929936,4.954492107604096
3.547951981159894,1.291993363040488,3.644303522891988,1.7293508050141997,2.1752369687111623
1.4241450763090184,2.305881873578935,2.661694752411852,1.5135151809062135,1.86732461065237
4.287094682076852,4.360401755322373,3.44216666432496,1.6975289857307416,9.218810447277674
1.871249407876504,4.080836743188772,3.312524821262784,4.750007134196855,10.950047863070363
3.9008621739343137,4.765742063331631,3.0547098627974583,2.286409614322043,13.914743651276243
2.0802576852654924,3.0975272336969075,4.371521895208907,1.284423774371506,1.8932499161673435
3.049768473136407,1.2317173226423188,3.265661189523083,3.356981195976138,3.861497015769824
4.002971845842852,1.8408922146047144,4.958756075650879,4.578533398842364,6.804003644852378
2.422744494435601,4.546831766472351,3.086854628392848,4.578953446854722,16.34054553983223
3.2343024845503288,2.784494919612388,4.65559204879721,1.850341298614575,3.57934852840755
3.1842529719232626,4.418569714268584,3.521044040060198,3.2656547667767777,13.049326213660304
4.627457560522938,4.516415356381529,2.404926275133488,3.0789987013772526,26.757409072128443
2.162239931000625,4.1864257224825225,3.351719059996629,4.240554954755041,11.452554317304594
1.325221858161711,3.5656387005200907,3.9419183105461904,2.791023495532398,3.34565995191598
3.193966325554696,3.1440815356565324,3.364270182475365,1.1436390266527878,3.4136754894492807
4.922705828607014,3.5053379306877144,3.295509131609076,2.441023130528389,12.781539060788113
3.701904974754078,3.492149788366788,2.048544924480747,4.066518965074977,25.66229184685863
1.9260256507846991,3.205035901190194,4.785589745865447,1.446398430408772,1.865724188741488
1.753366378273011,4.751383855652829,2.507665248071839,2.92352262242649,9.71246998172045
4.1018042620890425,1.239570008076074,4.824032539404187,1.916211390640886,2.019664261705109
2.680937516690488,3.802353510678002,2.3212930755137564,4.061897253340892,17.83767066706069
4.006760900053664,3.83494521099531,3.484040114831417,2.5980463051744884,11.45819822524692
2.6817436216892743,1.8868659391159484,1.544232967459739,4.0657996407312105,13.322675640460115
1.709728675330136,3.600968777961108,3.196097834142809,2.7488777099734483,5.295194371212016
4.030151278075315,4.782786163892893,1.845624805195453,3.08343622678921,32.20281704495674
4.805253013704512,1.5789751890596069,2.962597386856388,4.793466693319331,12.276332546406714
2.1342677871865785,1.6643844058251922,4.278505082514607,4.176402271853594,3.4674708498133797
2.490538898645182,4.471738066081271,3.2274780762737816,1.487547553555277,5.133070664286299
4.22543215574716,4.141167609270276,4.848550987740406,3.445385371939129,12.434255295774852
2.8136653646331498,2.333689566325418,2.656716440814448,4.3814062429076746,10.828887663917389
1.161660234410836,4.300845154644701,4.990314442227607,3.58960964129474,3.5937862365802418
3.0908092842458084,3.1751691956782526,3.397114094562705,4.38430474102293,12.665714100747774
4.206990391939021,4.507715792264033,4.036089086345143,1.931266757914973,9.074225511834912
1.247744523149593,2.6933061533011093,2.531916590377608,1.1284773129519503,1.4978034736484915
3.668884259537173,2.6399241032936445,2.300940873180727,2.308507567698507,9.717427217977248
4.0730163233059,4.05453484824457,1.9942179743566544,2.6007901812860634,21.53723161977364
1.3675044790502566,3.3820779021253395,4.145415405328927,4.999143433627253,5.577504185310079
4.476241017311276,1.8161395916191057,2.685439359330456,1.2866227074694478,3.89492007865249
3.3827692486631484,4.287981093259038,1.2572272379897984,2.2301094305587745,25.729872163212686
3.1986868413456264,4.886422042384998,4.501849965244472,2.104109645129993,7.305333523510492
1.8107943529666264,1.474508608301138,3.085078773513548,4.021446795217865,3.480426874019692
4.339694331596846,1.852002952983484,4.112145659694093,3.631917644871336,7.098528299773989
1.5992260302607453,3.2755297885080354,2.0682952384128392,2.8256907125778787,7.156546467757112
2.2341757163674534,1.1531502919712078,1.224032384326371,3.5977807776168182,7.572600213173871
4.10139996567959,3.510078338014333,2.082533732934217,3.374050880202182,23.324294437999804
3.3302660943513844,4.498146225940064,2.2628254458449923,3.3372284102581053,22.092628185714368
2.966519490739881,4.457588525521325,2.217276989958096,3.527827762461004,21.03946084511389
4.7670488963439945,4.564800215296135,2.003731223043739,1.1822988634788127,12.839827462674654
1.5192144415010267,3.17910967407905,1.2232158927725845,4.803798943403622,18.96733426676578
1.6745822430112964,4.346646922487142,1.6751012626048394,3.027479505886918,13.155307124619387
3.275182903443292,4.341282280904178,3.863593627129205,3.3977569501341764,12.504157991491134
2.322007562526409,1.1745224989236949,1.4571723416846178,2.150195713294476,4.024315696777889
1.4336261533075811,2.298157430080773,2.729522588736365,4.293357056639044,5.1823412364449615
4.567816495861719,2.377155612054753,2.639867527219404,2.574994756345144,10.591573294958582
1.642953372768484,4.775005192249073,1.201171396824975,4.104266921499439,26.805857339212626
4.353378500716265,4.391404360321936,2.2812039505119057,2.7588403636243584,23.120238685558743
1.1812576257682297,2.812929427436111,2.720257819232177,1.2085072287104417,1.476191318072711
1.7508268581300492,2.067263463227897,3.9029359808923783,3.994618374121605,3.704442830045376
4.436493924836141,2.3020356599909904,1.1253366872701878,2.6738706545833653,24.266651621251192
4.392842836674761,3.333831698130345,3.3672045007257,4.883620655382654,21.240354752357323
1.7756248571101971,2.1730163974071344,3.792217813338413,4.675684055191807,4.75736094611549
1.5987792799193286,1.9904244540265903,2.265064995859935,2.2072320608594453,3.100998364172394
2.6328344812192728,2.217409529669447,1.2979559567374437,2.375783262874391,10.68602852926338
2.476419713432461,4.690264677489019,4.454645074207058,1.4809297934644057,3.861383771012622
4.625809255561991,4.591150833916981,2.7648405006059265,1.4856345861758768,11.411722452442762
4.473505924377916,1.1074312126231938,1.4015247120569976,1.1464932807977497,4.052616709008306
3.0813266459873225,1.7273478336823893,4.429447087313202,3.490508093470361,4.194272765358827
3.559900531679641,1.8898997640116344,3.596002174365912,4.078060697119684,7.629751160760163
1.71540434564232,3.916400829103324,4.180974752093404,4.392922819760356,7.058780348235759
1.0817908623764652,3.242364773621217,4.341577976879175,1.7660355599506483,1.426780021933034
4.266136234042312,4.008116549418903,3.395043919557565,1.049574259840559,5.286190819668597
2.9356443629842905,4.495062083462363,4.576104100191546,2.986551327072996,8.612182490713966
1.633325151599538,1.127472088681733,1.8923986680644949,4.000923471295981,3.893373422708076
3.2807285679666665,3.182421282286134,4.874638480572061,1.283969799752771,2.750048586613337
1.55471193737066,1.8061476176029332,1.321492288351048,3.1462052344613145,6.685372212717059
3.0353802361638365,3.338534355765925,3.130331638067132,4.173434514292489,13.5105243499411
2.182453311829386,4.430517753849268,4.175478365029094,3.218902177156755,7.454199020988671
3.7819816807473625,2.2019585189262303,3.047428324786523,2.5293477104532864,6.911997787685162
1.6516654377608426,4.518513704753069,1.856953089172714,1.045780455752635,4.202979515807104
3.188380076467029,2.557836110731419,4.143906034024438,3.4488819631891423,6.787521731632008
3.3779332112082305,1.632948209720563,4.387122859288092,1.9917867161844809,2.504300868854464
3.1305881791635284,4.250962672070245,3.781276567321857,3.050206308853974,10.735048332650797
4.545746262755408,1.4954419561025234,4.413144797803812,1.1039336052992264,1.700472168822659
1.3243605935877216,3.776061767945128,4.230769293007338,2.67774151772192,3.165152563523082
1.0701095240537015,3.149458151891677,3.0966408955265106,4.188657751113942,4.55877441994424
2.380072279206043,4.994486542189305,4.527768236947145,4.434360368735529,11.642005203126176
2.637193527962133,4.95749239907799,1.7803110686114438,4.24120329290886,31.145639768654476
3.4162617080756426,1.2859369756937715,2.394196638244726,2.902206854604231,5.325242190013161
4.20404226072302,3.888879518193049,1.5329395911022452,2.821960128397426,30.09659706532589
3.6748762292388784,4.322675521931466,4.152680201898227,4.904139991718843,18.75986569436546
4.532107119014317,2.794747889747532,3.3274005958973336,1.0853854313974778,4.131632651599426
4.73139891082354,2.195224361404872,2.302744437513503,2.186631528388521,9.862757227356724
1.7290492093558778,2.433693109282987,1.5737356282859931,4.081764960745953,10.914136529434945
1.6530420779167194,4.617052746808571,4.334257828052108,1.8144547870376937,3.1950683510659443
1.87590870780783,2.322230853970339,3.4743526658860646,1.2179299814817344,1.5270930907392182
3.9183302911649744,3.515665388165492,2.6811920709528474,4.85149046984257,24.92618598305636
4.215808942701791,1.011846044685858,4.358837569868841,4.980540383528547,4.874175242209359
1.8579236390242917,4.805084286028853,4.902768661665478,3.4217824277592763,6.2307433227816285
1.3848374954437346,1.9826161607873285,1.2957579765336456,4.955596000363408,10.500487409254928
2.2676159917429355,2.862472046314298,3.625811356425978,4.713238888069885,8.437718119429826
1.900166324362296,3.417062046238251,4.899192685221096,3.4432591544209767,4.563411914440044
3.4018671014375874,1.158077957975356,1.9530746930631748,1.1553682494130235,2.3305408237570715
2.437145975108709,3.115199635696348,3.1977815244772487,1.4309003047063422,3.3972539555293944
4.574535134185541,4.978441994085017,2.5313345070421938,2.7766659885745764,24.981270386058718
4.979256136042638,3.119587283686877,1.3308437330256768,3.580782764441909,41.793863426594825
3.1911518063116344,2.060347277258592,2.5998505893049493,2.426119752758498,6.1355250856174495
2.500301701251974,4.0770210217465,1.959721960929957,1.6341971566362092,8.500517352477225
4.900853683870985,4.012321430519857,2.028724641247441,4.291718980947364,41.598304231726814
2.750610890224416,3.13436226536513,4.294604574623754,3.2595225594707675,6.5434856920608375
3.0604131329687148,2.561722341068303,1.686819606856771,2.322881184280671,10.796188744274698
4.193956427665869,2.930039266268573,3.2979221191834807,2.7995709244289766,10.431540139350696
1.3305929489718018,3.869224738161418,3.8748005110515926,1.2889563708728864,1.7126082926701192
3.2767169865064103,3.5727775676696907,3.1290822227135404,4.115715150848237,15.398316636183688
1.1044961064700112,3.779099187249907,3.670762700317218,3.49971045621026,3.979497946529363
3.6839461617594327,1.4029494931052169,1.992642867165228,1.8275878593654655,4.740281213274892
3.390327871608845,1.8393168178329249,1.013782323731263,4.531784857601082,27.87550931404717
3.454429708333429,1.8426185905589496,1.3631419357186556,2.6326254182788715,12.293054301110214
2.1587817322668323,4.773136553758357,4.599990606240066,1.0969869670767929,2.457293979905571
4.7867677585176,1.1512213816448504,4.514466758913448,4.81096259026239,5.872550020249356
1.6128341527556516,2.2977840108217285,1.460590585205538,1.1967423534891544,3.0364845711262936
2.220049506080196,1.2411501333356934,1.3755922065941215,3.543899918703953,7.098698311886817
3.886431273496449,4.12778152408378,2.473094562167003,3.081811346659231,19.990931097561585
2.976101217893032,2.6022743779864808,2.8781176164962545,4.729103506466123,12.725388941851277
4.632175616873874,3.606240652053202,2.078626456677941,4.802051672284485,38.59136136562608
2.73048858838357,3.11056225774798,2.888730976692849,3.625005347853553,10.65812518783812
4.290689385698872,1.1655122314244757,4.921575488725299,4.26741525831727,4.33615368520463
1.8609324215257332,2.5606518670314933,2.9452286523909685,4.010958101362372,6.489485238562143
1.7660350620620329,1.0097646575598516,3.4787958828333387,3.3525350209201736,1.7185566927077105
4.217692132726578,2.1978289662297907,2.1160509313270226,2.884447827941508,12.635875552501588
4.820434887743398,2.2405617127646367,3.0652464351138806,4.123679803237808,14.529901528662617
2.795407104463339,2.1027919191972093,2.196439087737778,2.253368187722317,6.030514402289404
4.178904844012944,1.6534800831431444,4.710532718769513,4.166490365272013,6.111696891464035
3.210661026461929,3.840834627393503,4.46575884810729,1.5775688695067789,4.356253305134674
2.907221766071905,2.0422877921533558,2.364266983617977,2.075483046985791,5.212160440680625
2.879891643161287,4.942730520042074,3.520704835316133,3.740068467739653,15.121435340236571
3.52581942867514,1.6186406748591842,3.7342329777981984,2.9050688331750885,4.439821738502024
3.2086153260352264,4.948311771354391,1.1562935636664533,3.4419971201427173,47.26254488329968
3.0808014198007085,3.4609068304599444,1.726599016036351,2.152467622035807,13.292257688975084
4.325851090354998,2.511745231445845,1.436777999791031,2.7211302222881515,20.57817273720635
4.0522629045355885,4.569392118892498,3.961994135896676,3.967007967810841,18.53981032132624
4.046627081979739,3.378353118063137,4.383093564298871,3.967432624258453,12.374482451826578
1.156806474229648,4.523915366765921,1.865972594892249,3.870632807727688,10.85555156018958
3.6008706524660066,1.7133978477279448,4.711313569735179,2.047221652306231,2.6809492570560365
4.369924658683349,3.254147540094366,4.139490112005618,2.093495424745204,7.191779368982645
4.44383233751903,4.603931415026491,3.344921249575165,3.2060735976351986,19.6098422679682
1.2105750403588984,1.027725954563394,2.3637380055560526,2.4204242794223783,1.2739758707850894
2.9123987422338,4.94809015208855,3.8032638051822794,2.637640991635932,9.994191614245626
1.8779479370386485,2.2294737943069083,1.684618905552644,2.2678683277701275,5.636403625243153
3.154740073915443,1.7136913468119408,4.384134998720699,2.870468483528449,3.5396885457902
3.571709748601984,4.720769695052661,4.124474945679328,2.9075045030543096,11.88613610806336
2.5806937671967995,4.847885556976114,2.3480880192725877,2.734223680252987,14.5682873667101
1.72825234539473,4.283734757010568,2.863215403155346,4.512127582306579,11.666943004821125
1.879060182972561,2.053646818931655,4.595753416645476,1.5474166441533983,1.2993225982912957
4.349805994632863,4.367805417097604,1.215820918954413,3.837181217395256,59.96196665996339
1.968192262259736,3.256950792869086,4.23710545957236,2.1502975549040686,3.253179334299253
4.580201076258498,4.9224160814876745,4.6775335955478266,4.9497719415424015,23.85784097375895
4.650050150442887,3.366069690158247,3.017396803367421,3.500791708412216,18.15994737976762
2.0008627284863194,3.133452620844784,1.4776608716469446,3.867329245945208,16.40879921231632
3.7448867903135503,1.831315398727114,1.2071217174070783,1.7372035434711437,9.869643904279084
4.929287487455976,1.988367247550765,3.830968183231864,4.338195295520853,11.098934864756954
3.315723299164059,1.3608873552971352,3.574682386594333,3.4097385097155306,4.304117055690402
4.151416713482138,1.4693290134503156,4.081629178659451,2.1498422136599955,3.2128350134320067
1.3207050476677713,4.191333772908171,1.7616360237718762,4.740005870618912,14.894323469916396
2.1626497896916264,4.8674360963764745,3.394459338767759,4.8045119396917135,14.89927451641213
2.11911994320896,4.5824048728094535,3.307173445614634,2.571798322148806,7.5514253452294495
3.040168312171053,1.1766783048536484,3.3985860078866645,3.577040965288893,3.7651390781211536
3.2638782480729582,2.275660085440484,1.295637504255614,3.294653359763491,18.8871991311708
1.47169199632975,2.403576973670518,1.5902689473824356,1.6183724938637374,3.599837299674144
2.4917802370103805,2.9564568406760103,3.993961636418474,3.107829933564462,5.732375573900936
4.319484361052707,4.991928073303472,4.61999482091748,4.693180115985512,21.9041274815788
3.9499197981001024,3.4290429234919526,1.7475797691719213,1.8407459729566356,14.266519999881572
2.22141446026359,4.938481891251092,3.4551298144653475,1.456586473776906,4.6248213764916
4.547242036689551,1.1464837004038233,4.639504606999061,2.69106624052723,3.023909111065408
4.46297295130657,4.797829680660255,4.097044085427188,2.355101945546009,12.308585750477526
4.217157407919851,3.679829382603943,4.737069618041675,1.852820338280717,6.069753250847695
4.526238993789709,1.793865880475761,3.89276145638526,4.164300950010592,8.685838857047125
2.883939615244773,2.095678308277083,2.3727880621587074,4.162433858433937,10.602277761611534
3.954790618180286,4.044042418439682,3.1411211740967406,1.7131471923522876,8.722664850940596
3.041106220100001,2.006800737793591,2.9663096284051385,3.757656108886624,7.73101279658599
3.078910684895719,3.4436433823088284,1.6615042572632444,1.316650109769177,8.402029119846727
3.908057785166975,2.8101723736845576,1.5646874307516851,4.074845480231209,28.600754328181026
3.606959264044686,1.92075351126826,4.343640154127145,3.517736821847716,5.61076887128326
4.710781837373736,3.5501404605958453,1.7543841743778352,3.1657064441031144,30.17758398875649
1.6891909317577125,3.5573580776735634,2.3127650276997005,3.3474476820219654,8.69738330714933
3.2390240878964818,4.081401378815182,4.133511931804408,4.071832264610796,13.022494070803342
2.31760499224906,2.25597370702396,1.8559008615032504,4.832881196073487,13.615224203161675
1.9233901306836876,2.0396824612855373,2.2230177595227065,4.083931497282892,7.207181535457075
4.642048109292126,3.8994574315159145,3.100501367323461,2.7702806809268714,16.173561601336132
1.914417486486076,3.595371753430104,1.8512462803836485,1.134422195031144,4.217848444415092
4.481620266912602,1.3311693110004144,4.042902175759792,2.5335375236987114,3.738543688038236
1.8540197336835216,3.3858413309094466,2.771542896443453,2.918798306933412,6.6109433456464215
2.004348455756174,2.499837692966619,2.824240177300053,3.8805046944245736,6.884487633391426
3.787292666734283,2.235837501306949,2.2648746195740346,2.534542542086425,9.475988463773216
3.165836753201708,2.9586345584826264,4.107704852787435,3.654890049294836,8.334027474547556
3.1950448530330857,4.839486796503044,3.9549893677921752,2.76420009488971,10.806882407935996
3.3778651683194774,2.4587458591675646,4.1307579254099895,3.577192243539489,7.192311480534306
1.4417832740991003,4.461237669908527,1.4543752984584462,3.754426513369512,16.60437228496594
1.1032295891719466,1.0206648273994072,3.6295417290081615,2.5367876796219666,0.7870120397585145
3.8841807530093497,2.136492200863434,3.184319409545228,4.124972287697768,10.749918084263122
3.796121553353485,2.499036988756665,1.5443387006110796,1.119569016403393,6.877349743790843
2.802941402474146,3.834709239009408,1.522352211285046,2.571356311809512,18.154888117991632
3.1399811924244387,2.2896397327890323,3.269695555855321,2.303622766741344,5.065219203340546
4.263381615433264,2.211347384444568,3.625816662365532,2.123696093749098,5.522016600743768
4.212445789588916,1.6750912607050692,3.913337239787809,3.400519969478484,6.131558153791366
2.8265154589004227,2.178299232911732,4.9151210885292524,3.491907544808761,4.374187734259229
4.648574624004617,4.215865461770771,3.987544683649497,2.431133856894468,11.948402911145124
3.903967816288684,1.0454572512774698,4.739848808947848,2.4534277539941347,2.1126195432037416
3.082404654766378,2.1186726003245373,4.994904894696924,4.682529491908414,6.122189946559399
4.012022276201956,2.737748419939888,2.886474646859549,3.5139645413481206,13.371696176345802
3.8714559059126334,1.890620556041697,1.923911502182154,3.014628404767787,11.469048480174672
3.775330232901299,1.808434923829227,1.009794727122005,1.0296833944295654,6.961910593686544
1.9499234410897524,2.111381067934005,3.7653292365402313,4.7830736919974655,5.229838752594308
3.965344428026423,3.231121694523998,2.1230989601947163,4.3330154188329,26.14894839628152
3.4403517388630327,4.3042799915376015,3.032224673858193,2.8602878975974795,13.968563042145435
4.115067217678421,4.563893507767573,1.420391487342617,3.3508189141322786,44.30526445474048
4.888505823997219,3.113461995142732,4.887992668540818,1.0632237361301755,3.310654220243594
1.33258181258062,2.226139449569051,1.4509648652355964,2.6741638299293284,5.4673561039456855
3.5171296191301558,3.793290309299316,2.050239241933197,3.3892537217682657,22.054844261362582
2.07421599691365,4.378137097541535,2.0815746967695627,4.536202094449166,19.789905986277223
2.0547026706582248,3.4936934141256097,2.428453631252641,3.50907117073541,10.372803188561932
4.9845031398584005,4.715835537984079,1.937461291704198,3.0823988522563224,37.3969621309482
3.4556209266794253,3.498414705493224,3.203744104052134,2.0731008382992635,7.822759750080176
4.511975774009346,4.52673319599953,4.321298237364431,1.8789662369691773,8.880888001178429
1.4409434230878384,2.364449228088429,4.735122550410317,4.368121156533898,3.1429710018894257
4.33357269010421,4.291345303838651,3.771700659854424,1.6820421881079946,8.293526063140211
2.5361176212509404,1.0709955081626696,1.4970792750775663,1.9806653388082829,3.593547123863344
2.866394139982293,1.96537051463637,4.630897367239228,3.344135550392926,4.068169694952423
2.9758230517442104,2.087299095263413,2.432203280397448,1.7081450574831254,4.362311431981352
2.583893530915727,4.494876318989721,3.935341852844356,4.450293438199953,13.134046344035374
3.7508717544478665,4.876888090459095,4.636350220276112,4.524302390370369,17.850500410438293
2.797417024322808,4.711920733268766,2.31758662476984,3.285194961236483,18.68445186254493
2.282534225569962,2.204998013214434,4.758942883997447,4.726950292794706,4.999148569269682
2.476867618882147,3.309726964634819,3.941353253035891,2.9183788377094104,6.07003604253563
2.6403558861197185,2.964982137414318,1.6397497782958248,4.020510028919428,19.19500008411795
3.630356639553579,4.57456929479315,1.9041350153019303,1.6965278746189094,14.796628235059789
1.3609606388978346,1.783116569159128,1.1344899054392823,2.197623937783272,4.700867839711473
3.996975924486116,2.3379795844826035,4.408164830032603,2.675405163136497,5.671578956139875
2.3447430612023035,2.0070356054747727,2.3550117448880488,4.50660824770699,9.00548415055635
1.4523709746512488,2.745174226998656,1.1687884714836012,4.047096322311694,13.805593943413475
2.5178526776049903,1.1617685260476218,2.3743871953347075,3.271137353239052,4.029926829906255
2.027682519755535,1.015119720829643,4.456667646819231,3.3693756171471603,1.556167721534429
2.4744704626711087,3.710551758633556,1.0827608367237531,4.19148814082614,35.543195533070254
1.1574563065888466,2.0596747205820987,1.570550387632499,2.696948092597494,4.093774889283814
4.315352772798196,4.704620335175807,3.815942646697052,4.38826698205806,23.347054079152905
3.1727924356052664,3.441296190816136,1.3021975591273,3.124607757376083,26.198857029472027
3.040619496370521,4.72054497618143,2.531369933999972,1.583672263336449,8.979743027269645
3.119651117513501,2.4481314103770493,3.8913927612711983,1.3207005867299109,2.59203020512824
1.3359974635473275,3.760460954711241,3.827413260124636,2.615119558072349,3.4326767532390545
1.8806078755420623,3.3200087902428344,3.3399921191901534,3.852243729741055,7.201215356214374
2.1414788391112034,2.6804905121009703,3.669374364907909,1.348953542925151,2.1102457398305656
2.724713812909818,3.526551020878516,3.655119462319663,3.923895053416022,10.315418982723704
2.6278935105838235,1.0644617605317137,2.523778541171263,2.207903029169903,2.447183743268846
2.465398112925954,1.784492377240384,1.6125978357244413,3.595255928221288,9.80856546053396
3.865741262904282,3.5635743097991086,3.797108155644641,4.501310334498781,16.330692088712222
2.635721026526305,3.211552049522535,3.240820829590965,1.741020372931085,4.547400841531913
1.830357375029835,4.368670044574964,3.892505835874782,2.5587855575930027,5.256416339249333
3.3434622931713496,1.938656328062919,2.2298692570377288,4.438896392326455,12.903064407707326
1.7076389575404112,2.746752343887115,3.2426481332711927,1.07039289211933,1.5483136744153054
3.0858657439345865,3.335841091881996,4.230879562314612,2.918461652267088,7.100774320960612
2.7345846080323684,4.753256497831536,2.462883056230777,1.6015086487922543,8.452167848651262
2.456343346260084,3.001142138577824,3.271198894309366,4.321008806672571,9.737642756248288
3.900965273260862,4.306193479248025,4.914061306230272,3.1862860464002107,10.892054721304358
4.563976212916815,2.063147589722692,2.8407234521287985,3.671912157343645,12.171300795645006
3.335796999535044,2.9437979288030744,3.523502629254849,1.037097912715613,2.8903655308478817
3.5068827980649147,1.806965493004624,4.419573706589482,3.471401249628085,4.977319793723469
3.6792333306755527,4.334558141436476,2.0127790178101344,1.8025648486227024,14.28226098675635
4.499899646468695,3.2609096613570343,1.7614072366503524,3.388203658251212,28.226129309638143
2.8735705643607647,4.149027939214479,3.880162618061653,3.778336748465557,11.609645548846682
2.5091742574196423,2.827609782231008,2.955074503064117,1.895868700488488,4.5518728348359865
4.024990252027183,4.316630779954604,3.0176964304241274,1.9080604441030655,10.985664084973363
2.1314386333786364,2.472061897944206,4.970452794829928,2.556793811806832,2.7103908785201023
3.255498202544977,4.177207122319602,3.3006143727040684,1.4871319973462391,6.127145609196335
1.3256284139830203,4.4641719168046645,3.698274911350083,2.62829373174124,4.2056916033719896
3.3779376194448067,3.2859608979115107,3.679055079936868,2.525399382599059,7.619172328855712
2.3642931807163894,3.8664243813549817,2.529130378473351,2.713216303841785,9.806726204844596
1.079286351663398,4.264378346636282,1.704646819311395,4.981653775127717,13.450286738789776
1.771688571855342,3.8901314163817378,2.2671241526281074,3.434174839135629,10.439958084311428
2.7466257883886698,2.710219639325481,2.739159136834949,4.196517860373449,11.40448801230939
1.4864550268437149,4.067007599334255,3.681052193491004,4.935482228576491,8.105585198509365
4.242500005973918,4.564956278008533,2.564680980267998,3.988786974045601,30.12076277985969
4.772833498528598,1.4021776540248827,1.3444719099974236,3.9865468826074215,19.84378297719861
3.6587506377677568,4.460824568014971,2.154542947132819,1.1326817405404492,8.580264960805192
2.9213342114440444,3.811835330834057,2.410384106065347,1.822050959858303,8.417626276908853
4.094563224552932,2.901973923996131,4.898042974406167,1.0560151554108703,2.561820207455653
1.3754784115179843,2.5895478441654984,2.969113194549642,1.7719786605837884,2.125736601255271
1.5394770097968211,4.49889062102778,2.8863206775734347,2.5486770785807,6.115738039856678
3.796170407075051,1.9116934078072976,4.7159307700367386,4.076597608116614,6.27327558034522
3.395865053116629,3.0888980513909625,4.930427239958559,4.113523023246236,8.75151772263007
4.637626449958864,3.439839628545965,3.5661704659440154,2.808595006169844,12.563799008892213
1.6966240817089375,3.660153776968197,3.211464939705327,2.2714362525370504,4.392202218995428
2.0016716319422696,2.0985136655303966,2.806246994712475,1.304720277355598,1.9529726205339195
4.775672400606295,2.233131956764157,1.2629100882486315,1.8519258089569632,15.638679015321625
4.197333576154765,3.2751206783284426,1.3384006614948327,4.487983056586334,46.096277834267184
1.5394814091737743,1.9058367333928663,4.206687492450158,3.1449589017662056,2.19348599727619
2.2425213955172336,3.491431520204246,3.659934667464501,4.131806695005698,8.839074322795996
2.9098216503619243,1.1924959803894284,4.8877912174924205,3.158730965985932,2.2424526726921665
2.012862570391938,2.1377198744846893,3.0949759813565167,3.047491697236094,4.236919055911717
3.013044317532335,3.4119498365228327,2.221408342442424,2.792582211643775,12.923666006178474
2.249938323523048,4.976186558675046,2.71499128814286,1.1408325776439976,4.704578733077349
1.2771737487397457,3.32696803802418,4.234313598990417,3.520454507679306,3.532761585741302
3.589250535290953,2.896874624903683,4.190685358412278,4.20975893585512,10.44493270330788
4.281898735184617,1.2249288560165494,4.958363235384474,4.71554717187864,4.988167319412103
3.746443230297509,4.654222033092065,4.511450382112964,3.499530632518636,13.525703659225512
2.422815615763868,1.9082966137551232,1.222050670076121,2.3770978328990964,8.99340365359707
1.726230556555466,1.361305109205902,4.175012816088447,2.794219693533991,1.5727402831313624
2.135018069075445,4.786822277381351,4.728178094448064,3.44431933843405,7.444892683826611
1.0964021430616109,3.224208091455721,4.779846773510903,1.7365955640234758,1.2843330304367486
1.8262536355690804,1.6802958061879516,2.146093427362366,2.07325206337028,2.9644922460971066
3.756623473336104,2.410338970304107,4.083729503126579,4.740121683675281,10.510135454665663
1.0140271982694813,4.4875308238407055,3.388782774646695,3.4314742169888826,4.60780463924291
2.39084553721239,1.188349375549682,3.2300155200041663,4.570073979264259,4.019891049408062
3.812475339871907,2.2141138561529843,1.5238888268867727,2.676733593144577,14.827190163882252
4.797174356916189,2.549716220457032,2.074783996164152,4.105779020540878,24.20471827657065
3.3212157186166724,1.707832575599601,3.337799516141221,2.44841398882618,4.160705553863025
3.483781586845572,2.691299178059402,3.0777366284354777,3.531141511658637,10.75713372336031
4.835882704927333,4.743021342474407,2.098614820531852,3.995142695517331,43.66469163818039
4.49297844297388,1.233924411349041,3.2527205992027697,2.0797747032296274,3.544805594989844
3.86215587191048,2.719152147903386,1.3308702511649666,3.122899623333355,24.642548168061666
4.0777538043818,2.9131171024358955,3.195654737915235,3.6913320938297742,13.721519640046465
4.874159250113623,4.590023804663674,3.1395783042940444,1.3547023563500842,9.653553755799688
2.2223647546152816,1.5167785977602095,1.448906107502892,1.713593682514098,3.9866227621527206
2.8646137637968625,3.617190679037703,3.948285435899209,2.902042140495921,7.6161002151658685
3.45301371194124,4.518359073263834,4.066548802816669,4.138159555689217,15.876701782899111
4.235470345345554,1.09341950662153,3.679711297309225,4.768170858891146,6.001040059168609
2.3196912056264525,1.917649608649289,4.136036911027038,2.0857626200424195,2.2432615179231754
3.898697266221293,4.146037139007204,3.462079648664914,2.415182876715312,11.27627522903581
3.1016960424897104,2.240189055956927,3.239305936644351,1.0976366269464752,2.354455739674499
2.288062984056322,4.530280248052929,4.419379238615722,3.737211977508884,8.765556732395753
4.674909790203124,1.8896876799972808,4.562735189513273,2.1392975632916795,4.141991458531289
1.9573433703532968,4.679873783771402,2.6175810583610843,3.618622543719359,12.663224451832576
4.9821512861785,1.529681513031334,1.4416365763644898,4.316150875106981,22.817011121534136
3.842592783401559,2.4453222989645083,1.3643642163882603,3.147748271654133,21.67854571717889
1.660931163080433,1.6017064440967728,2.857735124129462,4.254897172088647,3.960970908321401
4.598419159180715,2.5177524639906985,3.3815929497020285,1.458226458013162,4.992582269199329
3.625638651248837,2.749550840990201,3.621472022871648,2.997045203747233,8.250009172109168
2.707410452434683,1.1003124476504076,4.421176062507044,2.1659659050766864,1.459432231495936
4.725531971497144,2.6998208229108656,3.033029415171347,4.4987645179454,18.923535852978727
1.765084113191901,3.938766461299245,1.5587586409233016,4.085151327864203,18.220274357316207
4.605956523731401,1.220683000352493,3.305356349994077,4.993097968349364,8.493262178270236
4.12785777383708,1.674154342813856,1.9184687685384636,2.4052166573877325,8.664024830748522
4.534946589382572,3.124141256906925,3.874933915055448,3.9619226552881406,14.48586826356972
1.4397868643622944,3.5517672294563405,4.3419768991542425,3.950297012360528,4.652484604647221
2.024524141666059,3.0643230695560155,4.562360157447452,2.3045684701977174,3.133701031463409
2.994642272771802,2.7211086713128845,2.048426693592585,2.2862315839486778,9.09474717700454
1.8004041319786237,4.053153271008251,3.7521571143399592,2.6008158865234408,5.058149041484263
1.1532458854068643,3.0284901039217718,4.728460973231006,4.030032798656247,2.976712179708896
2.887449604980304,4.256938257157164,1.8038275291386217,3.3520157128945485,22.84140421977402
4.688382886840232,3.722336786981641,2.901537350120797,2.0732975361000423,12.470165076494268
1.168719117700662,1.9585048523795647,4.761951306469591,4.064644572948875,1.953765449443983
4.822029242611012,1.0846695483329607,2.722017174126422,2.269298499144823,4.360417283226848
3.748823599063955,4.952281472010093,2.524387764712383,2.3289141374103823,17.127648297140745
1.4679091712637793,4.1830592598795295,3.0829012791119506,4.464986391796676,8.893111197441751
3.169120235715128,3.574740224283221,4.888982847964222,1.6591298898699192,3.844546140443877
2.8060527074217108,1.105775963956975,3.910201354230929,3.8421700865106194,3.0488807237058726
4.307190568029702,1.6619283155355586,2.675878185658408,1.6945293844578575,4.533035702622096
2.1337860423063617,2.2038041850061507,3.611012096218474,1.646216162878099,2.143787782507128
2.094210180122217,4.786349671701107,4.842951662202578,4.285619904115132,8.870093662432184
4.296843728606051,2.216099586431283,3.536071496329974,3.439954138862461,9.263400627410745
2.624484032645749,4.131301106384661,2.357278391335711,3.1300348117614467,14.396902940323884
2.4879409149274414,3.394087042958596,1.6899039584330096,3.4489799183125145,17.23422190382103
1.5061490262672672,1.2026979304760772,4.668689704967914,1.5857026504381846,0.6152494735163732
1.1477889742954508,1.2547023466440024,4.258254204362263,4.376271077529835,1.480046602834428
3.753969432857557,4.693304724409378,1.8295844608688576,4.306587687889144,41.47155465647528
1.6332838374447087,2.234545521234611,1.164900010898262,1.6166893499130688,5.065109036164567
2.6617258893678617,4.529155989254354,4.160594966985087,3.852571260973293,11.162869523889588
4.86536722477606,1.6163794699141132,1.5793230965446332,2.5788318422527268,12.841359022785506
1.573221973260245,3.117260648021163,3.5537917874097222,1.2692916055569796,1.7515903712214824
1.9643681541871556,1.0118794369100206,3.710094317257095,3.6240995794437545,1.941631580901383
3.76659048129916,1.255689204413366,4.377333606010674,1.836850900967654,1.9846997923894307
4.043803550191493,1.196104626533545,3.917245127414193,2.2098756086486744,2.7286403616510224
1.3701302626995129,1.236100428424327,3.2238541174063235,2.142412758815313,1.12549450911206
2.3083155105997597,1.804023398626962,3.182739214150019,1.169497438893861,1.5301554588321318
4.336282474853133,3.567018461630997,2.1370315867762297,2.463336680449686,17.829360030996646
1.3877868695441786,3.760074421251289,1.0083892522472793,2.592735316598543,13.416807544482255
1.5214290887685027,2.205433325967606,1.5832536083659638,1.009487246286458,2.13941973829837
2.331186324609975,2.0420087977433985,1.2185345866446502,3.981012651766491,15.552144857749765
2.041911011960321,3.0124914456304728,3.822976971496088,1.3983646416195232,2.249994133345633
1.0386063539505712,3.868709531478492,3.759715943669161,1.758982709762051,1.8798518973240967
1.472016928969222,4.751274672855847,4.268010796678617,4.631971496740936,7.5903763769331
1.2771232163168666,3.258306921001502,2.1218930688539803,1.4780016358321069,2.8985193987016507
1.9804014005895825,3.839865607397199,2.1003523872446945,1.2788735073633593,4.630252506306571
3.5089967910932027,4.364166800977403,4.732710463182647,2.330747942732413,7.541707520130388
3.5700528480154543,2.3789393058132955,4.042039777776639,2.0634294883829987,4.335578527140619
4.04813880502614,2.936719925886345,4.557220730248032,1.528715117574439,3.98790148784605
1.737767110961551,2.7181091445378303,4.676561649277704,1.566701999124776,1.5824070126415897
2.314314945202094,1.0029368826607945,3.748006014809561,4.509689415156391,2.7928165935483142
2.6104478968880014,4.761622782403946,2.7228977385626,3.614753168853913,16.501268565546845
4.388817382412853,1.560106927891317,3.127418408217905,1.4038709983136886,3.073569868244879
1.3287383261582897,1.214605324543692,2.1358484305842,1.310118824641021,0.989953737370308
1.3146056273086395,1.504481819463587,2.0530750617956657,2.019011893162593,1.944986003562528
1.264745829804495,3.580291749657244,1.9923488086319368,1.8298141302910529,4.158754428965265
2.4688554854295903,3.4970402551387605,1.728738571078603,4.510441717250574,22.526102410825875
2.2143172226619625,3.4114206398613165,4.797364015154971,4.827374344823042,7.60122198001216
4.095049163641986,3.391283231013943,4.631515054891695,2.853910474128643,8.557372710916214
2.7214252448685614,4.141521896460458,4.804004587012864,2.165169531115101,5.079779539892707
2.22644484553618,1.19874822464898,4.495480607214585,4.248939293081822,2.522576326185735
1.7238736903376588,1.8352433374953288,2.7276282071182987,2.709982101615558,3.143260299267942
3.723728293327181,3.6279455472339928,2.520025136139377,4.842744583137883,25.96124023122877
1.852414430157931,2.141683296801844,4.209258958376987,1.5852540726679352,1.494123986038027
3.961570817506008,3.826201881564205,3.071738686004379,1.372373024541726,6.772097628318607
4.687187730614659,2.458147606473664,2.780761386618989,3.421018593337443,14.174639301109124
3.7569884390909154,2.8123394115791127,1.25434929939532,3.126272064631681,26.333941716110505
3.750607188767669,1.1984569579387565,3.981615398530357,4.434827941492897,5.006583810074027
3.549334534947889,3.8223104111044046,2.857387504126555,2.456478804589522,11.6631743599747
3.375066730135517,4.406205574719641,3.824323615695128,1.309797273494293,5.093268440509897
3.986909432957112,4.807793585927103,2.662997766270865,1.1338291809634948,8.161293791967847
3.3144877959598005,4.646099514691684,1.341085770568096,1.7808853562709182,20.44957753070699
2.1286653897353216,4.891773042828467,3.6220428177781687,2.636252655515791,7.578916959454654
4.913564570809323,4.5471735627182905,3.678888175439452,3.7919199846773903,23.029302066538136
3.994419823531925,3.5237963762121853,2.929633077160013,2.940067500198285,14.125654640816377
2.860185195857602,4.54196614688653,4.206206131161485,4.7748416995494125,14.747094839889046
2.5044847014692384,1.38318802619579,1.4911239346447784,4.300577079206454,9.991083728804654
1.1072081941104006,1.9299225990467468,4.857354016890383,3.0587422166691445,1.3455886120165992
2.709090006967364,2.900131779014424,4.691620114049277,4.401410527422652,7.370724945717647
2.267165485258871,3.2494665900024464,1.6368781886170654,1.562693151690556,7.033194771245107
1.534452112483768,4.827080073342566,4.798315300539383,1.2661748327024325,1.954531783766891
2.031174558893612,1.2669033539265828,2.1131539270170303,4.41620454089402,5.37785119137161
2.609474480996984,2.250409925134768,3.2897823996796944,2.669354815237377,4.764900329405956
3.798964238681693,2.450527407703311,2.0158264917853925,2.5089458819035637,11.586784104648055
2.9872347469592,1.99681333870421,2.162442214406396,2.7123452282098763,7.481820356950207
2.3868714888802303,4.312064216504536,3.679771388200311,2.9551111423654,8.265463985488571
4.579219424988173,3.2558174981648795,1.8881878805332983,3.476884250072336,27.453425056573405
3.4263325270771205,3.380050181254681,4.491352506128535,4.341475603228586,11.19471082877095
3.018947853329695,1.6496398203963216,2.0336254217320664,4.0952080461194456,10.028818012973703
3.09902034409775,4.0086746280171806,3.109908167102508,3.644814779167648,14.559723688201135
2.0528222497241697,4.206081260750942,3.4476070263835514,3.753805069791152,9.401192912478251
3.745988029794632,1.319654700079446,4.782293244674316,1.9128998342189845,1.9773462319754715
