q,epsilon,d,E_n
2.24378708751798,1.3262810708365986,4.994973639173076,0.0362857332315527
4.726712311567808,2.015267396772215,3.26538917315455,0.1621033907263402
4.621412189882776,2.044121827930813,4.574826310938561,0.1090459176291355
2.7994577777704333,4.264670040024509,1.6971292455645095,0.051699801683263
4.913273008488253,1.1759035753098055,3.783432718527073,0.2590749681817205
3.978042206203919,4.444455895111608,3.793465062579316,0.0448152135387426
3.0680934493319647,1.564776428068238,1.07377285220995,0.2674938726332467
1.0507389073754512,2.1163956665183843,4.467633997202743,0.0055751500866777
2.296677178772906,3.4184685764816893,1.8048632001713565,0.040819286967349
4.585278897814819,4.784311844583259,3.5922672774449134,0.0584096733925816
2.1978011463380542,3.5942025209457853,2.903208602280571,0.0221022960108708
3.1573977745445103,3.5543579520529183,3.0161122760638195,0.0444008533033377
2.375988851425893,2.802078339031427,3.696442242237554,0.0260235167660574
2.3560502271212505,3.6212574723741273,2.5367055222557204,0.0288523383813931
3.826854671375093,1.99526020657544,4.37845406812741,0.0800396142132044
3.1235063202832567,1.546459274550915,1.998666047526774,0.1507118642931784
3.1764366306802403,4.776981551593548,3.347599116586887,0.0301255350517334
4.170968890548563,1.0179705931156775,1.1986465715229606,0.6807519714768575
2.430969377702572,2.502161582183081,4.920026567590428,0.0229201556769756
4.409700323333572,3.315682323994881,4.908796820954551,0.057044209810532
1.2495619473412525,3.781220783184619,2.1325407439487822,0.0092454402254599
4.418190178966466,4.471445932980723,3.904087319648617,0.0533903406502252
3.025493034027439,2.53024139899155,4.69064476678067,0.0368246984954143
1.7646675591073762,2.936150176199042,4.7154754623582775,0.0107389899520529
1.8859429234538003,2.87986400532677,2.7532222141097344,0.0214183115608214
4.913007650992606,4.48254379225556,3.412933288496311,0.0753327682684542
4.169923993368399,3.333348023577265,1.5691332387629435,0.1587293299789286
3.8872754226292967,4.668498361774443,3.731892198122709,0.0414119528333805
2.331852529350059,4.268977726931899,2.127912469242092,0.028580241928231
4.033593512375622,3.0408539555294705,3.583415139872351,0.0712907131498284
4.231735580133974,2.110084134639913,2.696262733969256,0.1502852821545711
3.315124157447055,4.487873430958551,3.15817703952432,0.0370223438975458
3.545203013577607,3.532211752263219,4.607563088328524,0.0368727547122878
3.5791100690100888,4.590295292190554,1.4656860438489487,0.0909096359059096
1.580120400941662,3.4629664615326923,3.3976548634202417,0.0101319771268013
1.8312502287720929,1.793628357617188,3.094233934427422,0.0288503551659946
4.8538129765584666,1.856782302207411,3.039438755215141,0.1993210096524968
3.545102000710573,2.2878343405129797,3.34640800079259,0.0783782193499078
2.698290815338047,1.7592900017060673,4.867716905056639,0.0405934673903589
3.460927955179553,2.9944020886827283,1.0046104436924796,0.1901160131708429
2.583946736057096,4.112142504821943,3.4903728819207283,0.0222110207714205
3.3626686405561768,3.2424999134023755,1.7553512937087845,0.0948561551217848
1.3677830648090223,4.351825801140942,1.6926158292884934,0.0121267920407689
3.808086283495857,3.128652086348896,1.0805296833903113,0.2048146290668138
1.1742382128120863,3.3572648348575926,3.0763184614808137,0.006374364764758
4.486359778851209,2.0096019584093465,1.5292869027939775,0.312701935091665
1.3723263255275977,2.998209908993324,1.4209209083737648,0.0211068894514713
3.226010169472643,3.5396476261940144,1.1894679262287826,0.1180212159452795
3.463894523420699,4.568256822885152,1.2666620293772146,0.0990055273126132
4.493417737025439,1.2269153651547566,2.954694841890046,0.2659302473827921
3.01928817607144,2.205212488911765,2.9595429904239143,0.0666922581508417
4.061537600548641,3.056651838151044,4.734483655421808,0.0544256653532304
1.826056594988652,1.3070763064110564,3.706942731186329,0.032858901046407
1.3804961489071537,4.4693088319024366,3.024860893589593,0.0067307895582004
3.8037193347806,1.0536782970863476,4.467582147821149,0.1467498726137144
3.2727157645900755,2.3604988234800666,3.456940701793878,0.0626703680161599
4.601356993833736,4.429073485101458,3.739210111741558,0.0610408382627922
4.5127006393060665,3.923140066002453,1.7029527100612882,0.1455385465867524
2.8066773906312195,1.3394012282475418,2.9202606654033216,0.0961599141888972
2.1644899751187627,3.808159153485803,1.8877800832925729,0.0311161641213277
3.5929759399034134,1.7419305169681452,4.910739569749047,0.0720563524159162
1.9654428009785607,2.8568428645016843,2.834284858825832,0.0227788793786633
4.042620653052272,2.6285130337242006,3.703275321958696,0.0801624959926666
4.308660437527683,2.035064515301178,3.9425104542328255,0.1104777673623305
4.904976621473609,1.0950874114788425,4.387041622021494,0.2391083422555972
1.2386982052101572,2.69989120552848,2.4549202146948206,0.0110532185382015
2.379821689158312,3.86562297099719,2.27586794061305,0.0307371553022782
1.0370094266571228,3.262461770407897,2.698173853389941,0.0058329927159592
4.94726962319524,1.9555038092892685,1.4800402119527027,0.4037758727715552
2.7872451100359035,3.222156201890975,1.9469561214758528,0.0591274237563257
1.831864232895823,4.306137659278555,1.4570618877612933,0.0255365394933114
2.72219083434047,3.051097728086669,4.629804814927507,0.0250472309558668
1.57582115690884,2.415420527798948,4.235206626178716,0.0115901187062311
3.2358525886695064,4.930556535805888,2.2636044678786567,0.0447942591882033
1.854741267194838,2.151852209730128,3.905488989618028,0.0195443034956862
2.4970556135475195,2.47277223849046,3.595092683002559,0.0334891102120928
4.184845517544432,4.961915033581695,4.928842791555955,0.0341905398661046
1.0672651945631926,1.850749720489832,3.784052071380874,0.0077657120493141
4.7135614027267,1.2379327171545578,1.2095153425386518,0.7084860468371484
2.87929346712416,3.9686844436774735,2.4419607393563183,0.0408439752126671
2.3434339515752107,2.000081712627533,3.961396505569061,0.0330941147619027
3.72821265323388,4.797084122529691,1.5479404730859536,0.0893739903162924
4.73190565632439,4.680071467273634,3.5765918822870018,0.0638692283501172
4.512903792707196,1.1445713852679194,2.525755475516733,0.3363716220357757
2.7538341786352456,3.858269229461688,3.5858959082145647,0.0261713876285676
2.4733328303227418,4.375722057836557,4.668417751121316,0.0142983877705396
2.0881584970394083,2.608664062586384,1.6574685905061632,0.0481509481557362
4.020918694240577,2.6476524776238914,4.031396743871966,0.0723228360586222
4.104561673969256,1.4206697814309823,3.518535807978598,0.1609236370789665
3.354446775718224,1.1294367247690107,2.4362340256224364,0.1952550555953667
1.5045539829152288,2.345317733345764,2.5119780964072267,0.0183459159812682
2.400266637560408,2.571346538602061,1.4354006240023405,0.0745292280424824
2.076325441423517,3.398238143126357,1.7573408742414012,0.0344685025657297
4.476930560334566,2.3937775538290453,3.535468887676747,0.1130762227852958
2.9774937481897785,1.0425110564507545,3.062295926502726,0.1325913756936777
1.8171680366859988,4.796103567334656,2.9948422678181714,0.0109766308269725
1.1301737934034524,3.991073215753617,3.113600567337813,0.0049077141458068
3.999688205993464,1.3395617768612804,1.5480572618980162,0.3683357674599452
3.881374752537244,2.1821312234964187,1.99296228726098,0.1653988917572544
4.450430717541014,1.3301429085339294,3.781417487316141,0.1880150193283891
1.489259396276411,4.748106639573749,3.1448334163245804,0.0070919223890935
2.884784544736631,2.354909605800806,1.6422753329366553,0.1027419822791006
1.5062551170228633,3.4361119967078584,4.691697213980243,0.0067195651602983
2.7446369553297,2.4918085879895315,2.105626151829596,0.0685512305977888
2.8033211836425838,1.716943080791511,4.748145280369467,0.0460264211922439
2.316360068445764,3.625331216031984,2.055115196860631,0.0343850503172566
3.1383549199212206,2.136526926340966,2.215126655043129,0.0993661736383684
4.508987681942573,4.625079684697273,4.49196737853305,0.0467243932960177
3.608901711470119,4.691936695769321,1.839477577002897,0.0720518029512551
4.655464437605559,1.8295518092004408,4.258888740124192,0.1328086635274913
1.4486160193291426,2.529308004043497,2.446913574532344,0.016189282619949
3.206223297866171,3.157497288624834,3.9384203721402633,0.0394697033208782
3.736396492882286,1.9182428037684385,2.7767568907674463,0.1251427983080174
4.793290563846968,3.476920645925387,4.50315837607961,0.0700643179385219
2.044210660412402,4.018835824367123,3.5554824530859763,0.0139634868152541
4.156735310563866,2.850885027591884,3.677367397050421,0.0786917861892311
1.5858064543292771,1.8516267406574256,1.1554175524669883,0.0561240940440893
3.66872162671278,1.3883387604141908,1.245263658295336,0.3717184721984293
1.9937256331837243,1.7152004320222556,3.083276398179576,0.0358876347056936
1.6537650490703886,3.7539495278331576,1.6138427831437592,0.0215545693942959
2.761675668435965,4.636546332124081,3.352672090099301,0.023426157054255
2.323228081992067,3.526758424552765,2.9980090923337643,0.0243734173723644
2.329213841399385,1.1544246264766098,3.9808155445154543,0.0563666823424099
1.4445739859979692,4.232975247000456,4.17478441747155,0.0056382091661203
1.079833360825408,1.8250606327654428,4.022551829962244,0.0075836087967558
2.561350291408571,2.114703322627029,4.719837259271348,0.0313836078175414
2.0294207668456834,2.354547692044481,3.960365603404386,0.0210883604022854
1.566804377516107,1.1807439946559772,2.9404854584383484,0.0337595117865567
3.718687830307841,1.950987073627957,3.314710654028817,0.1020988417367666
3.486126496438788,1.0259855342552116,2.8883764513211787,0.1958089942415246
1.996395536543592,3.737353915568785,1.0491481306777914,0.0485325968108228
3.101068913285065,2.52339919721228,2.455653310757157,0.0740988055883396
2.9940741451829447,4.810275360019638,3.538357401958484,0.0251475020667423
3.60461483959884,3.7393152188865018,1.27127389566196,0.1305052288519525
2.194365147370241,2.5399504176482925,3.226852421862216,0.0280514191496805
1.3525463315051844,2.222027454027379,3.273652146960094,0.0120078080624031
2.361099646106602,3.5211906446020262,3.748576233528107,0.0201657385340633
1.3688101770477723,4.063121296657967,2.9628223028479512,0.0074312597994235
4.647239671951846,2.798514002572919,4.879229593570027,0.0755184016396398
3.480089720946534,3.848998114752052,3.643980936988541,0.0412285891194119
2.9159988081077293,3.657187368323528,3.881168312790746,0.0286026572920393
3.603781849256449,4.806069370196257,1.5188177669003649,0.0849498604295336
2.2392042592954327,4.600642584125269,2.2338169548700675,0.0232950008975778
3.104142513629951,3.397025315387618,4.618725851640611,0.0293226840978736
3.2078648634455558,3.3521193383827024,4.15549103420807,0.0352721306525909
2.015311246056809,1.1189844427496278,2.553373458213038,0.0678714699088627
3.276423275250011,2.2383759661700853,4.508157289093258,0.0507936353753662
3.93957535750544,3.9842018997286095,2.628398984517996,0.0707632192017614
3.896456701676545,1.6254483334493122,2.264115955168553,0.1969741617093642
3.988940629400149,4.784122911227724,1.21312648758565,0.1309025531179736
2.596367027540337,1.0385899571912425,3.219852513827046,0.0962483867199632
2.3313833158244512,1.2966937244286254,2.79435160636302,0.0716226349379506
4.456379529940122,2.6305335299027024,3.521790537228983,0.1023524784747426
1.5080915957697134,4.736606999390471,3.2733055001572056,0.0070039483245461
1.9646650553207985,3.6653085783192783,3.130023367060166,0.0160642444618748
4.294025115683691,4.567095749339736,1.5709957164977366,0.1227030701546937
3.228285639670826,2.589457095463928,2.7084394972011534,0.0709508228860326
1.2948256186748042,1.9971422778552144,4.968903482481691,0.0080666717885299
2.666766521862282,2.707685084990932,1.836331543299788,0.0682907886579489
2.3571807603072896,2.8692322461891093,3.972303583870288,0.0232765722932246
2.256978505930127,4.871643663059684,2.41917614385502,0.0206373166210824
4.130889304039627,1.2032004425438565,3.945341265627042,0.1716350350383308
1.0302853658685245,2.1866482779747227,3.5433772223367423,0.0065412406525882
1.8466550011324023,2.110336102609201,2.5782016114839776,0.0299257067047189
2.896976234545206,1.086237708424564,1.603563964277365,0.230048861373458
1.188856907027589,3.2120296198662466,2.9185148516531263,0.0071987834207869
4.116147541104061,1.6322024067695775,4.099536038961353,0.120896723424427
3.6215582819953904,2.489045099736193,1.919402793830757,0.1310791013850166
3.429342297005873,1.5240077756773176,4.966117194567842,0.0741923131126885
2.667527926526426,2.5351964583147515,3.6632628758987007,0.0365830265023782
2.895883095245244,1.8181964143643552,2.612150829094284,0.0843071466062421
1.3523941775672563,1.7269707747405216,2.6499740047430644,0.0190818891759156
2.506566626815056,4.856540691264625,3.4045618899389147,0.0181431055496906
3.929371374008818,2.793896475581282,3.9815141589750898,0.0662718304179726
1.2779232177734112,1.2149760166879622,4.856321201375103,0.01321526264331
1.034020938720777,3.0298584245315388,2.945122271703561,0.0057210321329468
2.918241355887408,3.175134621306992,1.5583578763524852,0.082177790075694
4.852082195714724,4.343954002829877,2.806017530936745,0.0922193564249856
2.2275595113005924,4.949754153888935,4.364159868326402,0.0109677044060794
1.2872949488319247,3.6155586546375953,1.0139413685348182,0.0215828733725142
1.990524929088572,1.2767540587917725,4.233914966230772,0.0349967125023448
4.25591203603493,4.9596262052339135,2.7130065566331742,0.0642727501461786
3.3167064760584357,3.108898275404945,1.037914753621772,0.1627748360424305
4.628399688160002,4.833481202801956,1.6912462456735846,0.1251227319147044
4.536989592693189,3.3789568937106336,1.153041743422818,0.2522605107884581
3.740572393300365,4.918701020557704,2.1865466121701065,0.0621166963493221
3.642501633923321,3.0080414038762457,2.4903851523659246,0.08456498354193
4.35137304113135,4.00271671170161,4.905683247852359,0.046040460873819
4.54461462430122,3.3462946415918378,4.480094461508049,0.0657785295296038
2.0892502528214845,2.4468482150901814,3.330569786624545,0.025573887210467
4.256878001054647,3.9861619647571462,1.9227791472610352,0.1128858349569063
3.151048537079905,1.5283521464508203,2.066900697347694,0.150075061182996
4.878336378770802,3.1603291492974352,2.9340855064284512,0.1225405399762758
4.565817916769434,3.66169815422091,1.6922673629088876,0.1606301417080674
2.177710576879563,3.0487046368353563,4.606380820559889,0.0161237671121502
1.5150466147060984,4.515112570511803,3.1634222816467537,0.0076730428797308
3.629763267163301,2.161015114352824,4.877935369678046,0.0596766097549523
4.074977988659099,4.877142107094906,1.847759647027741,0.0879794074056184
4.320208345429791,1.868411266804682,1.3179558728158196,0.3618906997083924
2.9462739317473674,2.590778464297819,1.743561694952064,0.0917529497394643
2.450665572248477,3.6108157340185056,2.171429318670507,0.0365728211498539
4.230733884553373,4.048617508672668,3.1434783023935133,0.0671514798830724
1.699175132919872,3.8078385087959488,2.871919381261008,0.0126056982674637
2.19181905972348,1.1084822619890744,2.6988850829857585,0.0766721503863881
4.510060764331031,1.021046253202893,3.9185609878489887,0.2427359750192617
3.963899344718436,2.9701147051564485,3.415666398366029,0.0739499616010695
4.814754046190071,3.540569488481813,2.305203769057714,0.1356148214654134
2.5330231233772653,2.038267867729012,3.696224179679248,0.0406630671138787
2.2576143994342064,3.9090401409260767,2.557581761653335,0.0243411595361474
3.220325053757716,3.8462198858093775,1.5402848698615088,0.0835806317849281
2.8040687810976967,3.479526906377191,3.541162961639257,0.0304686069656803
2.955090158486898,1.0847695670362838,3.391954248518241,0.1133170810768535
4.579259130704797,3.8664495388814544,4.7421003980447685,0.0546070524948451
3.502354863745052,1.5234257857516682,3.013047851744444,0.1275952037626903
2.2796430017014795,2.311392825494767,4.361253976207386,0.0246144382238659
3.2429103342528767,3.726799762578627,3.906544399787279,0.034489146254191
1.286153530174995,4.048871011023855,3.0225759365622027,0.0064538052028596
2.9401202065085656,2.799671460081234,2.602809211894445,0.0566398578653375
4.226858322500874,1.9439232691942336,3.007217189273807,0.1459260595203737
1.7082217477963786,3.595571957139134,3.799079970110148,0.0101996075004995
4.924042384304331,1.7694684296251038,2.5228524835828474,0.2593285165658666
2.63602431732806,4.818182062247052,4.68482005814271,0.0146981978838511
4.600985490201864,2.8155533955253254,4.0995885963273295,0.0875667173351882
3.0684127417766622,3.2123154130240303,2.9045412080332147,0.0481807124341704
1.6472966442173869,2.8993454383670847,4.078190561382968,0.010957652834029
1.066073485308639,2.8159860445580813,4.48859497552532,0.0042931370545352
3.0486656373864323,4.251944316900426,1.4319951679224672,0.0728839425042957
1.65741002357485,1.4426160252762612,3.2334277858758047,0.0281181918718554
2.0739797568331664,2.3416842976852466,3.1227441746896627,0.0280857264752278
4.134503473903697,2.3611156188674527,3.863747711716035,0.0894668390873729
1.0116220882167335,4.092879410473804,4.250173989626621,0.0028089391734751
1.1649852784270245,4.097297202149846,2.603607245993901,0.0060744830193765
1.956528377103286,2.706914774931091,2.823991884324603,0.0239097845050976
1.1354803411179124,2.9954957669080824,3.3079619440581327,0.0062125716518592
2.885934013065533,3.567292661266071,4.057102813285807,0.027476374420266
4.200955674105142,1.1469378634142309,4.790143765089553,0.1533730826447957
3.979229208338596,3.939198174631733,3.5962254787143184,0.0533684456521929
4.082269974077279,4.938058947563393,1.4437725365423757,0.111606576202733
2.1758100069931348,3.202066724895569,2.904133766175857,0.0243072782311833
1.956891256438956,2.953724731752189,2.244858653667737,0.0275750146250024
2.176858304719279,1.960839041185627,4.497564234786034,0.0256556125553323
1.3914880797618552,1.541050243713114,4.7897054561292,0.0125249142503378
2.8577716354575897,3.6590345877999,4.065363468039509,0.0262138333480208
1.34664501190645,4.518118754046867,4.8241425306722565,0.0039725545314253
1.825681434059021,2.94559387397418,3.248518007020585,0.0166315696217977
3.700543625379301,3.416606879229004,4.203614897727104,0.0455254775078891
2.381301632211416,2.8505752068586574,3.849597110822265,0.0246730263432412
3.8925155665534654,2.3445829493016204,3.9225977236221543,0.0786615913617837
1.131912574356246,2.2303711084774904,4.276701229597901,0.0064132934640094
1.123606899898415,2.3385832735363867,2.3351570988271653,0.0110382757462669
1.457598646229827,1.954638336304428,3.7997528772352993,0.0136582649787485
3.3955876763151145,1.7706549346896456,1.8055444732207468,0.1721984188887754
3.378309684391157,3.3590755576312383,4.392753303866668,0.0369303748491173
2.818915688826364,2.832623421723335,2.852492464408812,0.0469561209040799
2.214618065671516,1.0363518094952733,2.285243060620255,0.098877950090681
2.829408517629212,2.0967985529758257,1.8659122452648829,0.0976977982676288
2.373144599680101,3.3864739869244547,4.44629848164386,0.0178584363963764
2.233013692057204,1.5531575157906188,4.788394223889681,0.032012438531157
3.3624321715542966,1.558842861272001,1.1317714880742389,0.3059760005999098
4.290541712426153,1.6691441265390723,3.5567132810517537,0.1480549555360832
1.0737472024641552,1.976401597669903,4.880609424593249,0.0057068469632634
3.748338202888922,3.073079978734349,1.187512522684464,0.1838259688575337
3.048760885154685,2.347277921949866,4.486015234656591,0.0421466301491143
4.968388635819818,2.0353009708655745,3.526962851084634,0.164188592823008
3.0088763517841173,4.347299263075602,3.444366622304824,0.0288682966047165
3.6147553727417256,3.082814722695114,2.1151102281663,0.0956794742810161
1.0591923639629042,2.363955438048097,4.128805704630558,0.0054881672384894
1.666453416682781,1.6809222386521,4.110448464372645,0.0191907042294327
4.8042099906166165,4.7383544177400765,2.1309961133101627,0.1091377889377213
2.069923909691409,1.146904342789027,1.9390736718600732,0.0919874630904979
4.576287836801024,4.96566101423811,4.990474815066362,0.0403505180385728
1.6600555917610644,2.140386304228299,1.1834478110440467,0.0519451944180587
1.9900190931426325,3.0655374885321187,1.788492533286448,0.0344875314868019
3.804309255425524,2.170174369903959,1.894264529869756,0.1680961461867481
4.996091825746843,1.6637608100746704,1.3992860520111727,0.511923203345774
1.7955853100772217,2.8430621876736564,3.729120249914264,0.0145198030840755
3.9764690051739655,2.0062090023565617,3.852481682229024,0.0976831897011169
4.104121345319921,3.37862314866502,2.0991203072287514,0.1133978156283192
1.157347601093349,4.513327679888388,3.835559467310542,0.003694395884638
1.9462001801750928,2.8685875358347457,1.9069403429850864,0.033060634891431
1.997868938437593,4.477995900723624,3.510214081675465,0.0121243392602991
2.764244009822634,1.2204811640266948,4.310872272607659,0.0693422459605423
2.1300757240196004,2.0123762432449066,1.5185244802678528,0.0708925327905676
4.3277675116641285,2.6445715240867145,4.063528253246835,0.0832167269156169
4.790417178825657,2.437972641386998,4.000406736865762,0.1123453446336516
2.803545644899451,2.3233103601573672,1.965731792698251,0.0821722460972964
3.148573591332517,4.986928239549591,2.557717198659339,0.037109357968415
2.778022437688952,3.090867640110468,4.846077850458686,0.0246003955569199
4.619286545420978,4.40355960819072,4.861470110618409,0.0475904371098219
4.24351329453803,4.8949280738097976,1.1834092326176475,0.1484264337482878
1.6581938410099584,1.0840761168559547,1.1039580044613588,0.1096982381310728
2.47203478354567,3.207896186184479,1.227613332751205,0.0740915429952472
3.517453298466344,3.389943766178616,2.717663495120405,0.0641224181013576
3.7287133171513487,4.2872312293493415,1.627481448712837,0.0951407169080896
4.010773067373194,3.544199812638515,4.8179421074318665,0.0449798280431541
2.751086864496613,2.0534050808850104,3.2793004848963667,0.0536653723992902
3.241462576800264,4.880776509084313,4.5808227795627285,0.0224383541440105
1.1227846898374207,2.5406920476840025,1.962458414068108,0.0120720731855716
3.8439106155376055,4.164791427070615,4.182884813780937,0.0404966207271402
2.5066949930633062,3.692671004849479,2.872195079308336,0.0282871910290157
3.0568409432169235,1.6157348149378643,1.4874718763515404,0.1856385738654544
4.133355605875363,3.6486537715794576,4.987261175167276,0.0448282888144337
4.003978872880035,1.0482443734500313,4.187362145039232,0.1743901207172647
3.143120277675996,2.575264776270801,2.308805742063757,0.079333041675681
1.515606554894929,2.223512906373999,2.497635887178157,0.0197490202718929
3.1695097621568062,4.462712182113783,1.5984410213442697,0.0672403675931546
1.3877458333159851,1.4897827398402763,2.1871854742049157,0.0282197199238491
1.722584302376596,3.412875787099062,4.785095237250758,0.0086754355685274
1.3887654668544394,1.2643939462360287,3.893555955350741,0.018705545405746
4.925606530743302,4.361760801304607,4.462916061609562,0.059508671535904
2.660638383039561,2.317679742870627,1.1244010993126308,0.1296995304909611
2.0052892179222543,2.418930754972235,1.6876973539619584,0.0470302641455814
2.041363159870895,2.8205277719751374,4.136338004101282,0.0170543641344411
4.647270328443401,3.3336305490397606,4.041114052420907,0.0765453270523908
3.5189460274571327,4.022324627030805,2.3720328169909557,0.0619681865152537
4.071235201168715,4.6796383493364,3.3264747100071608,0.0508390299037744
2.790992506372977,3.10590470162013,4.211158176955056,0.0284360354292015
4.671874837408778,3.575315238308679,2.042251491006929,0.1427250563375434
3.509198902832656,4.368673887690466,3.0856323152764715,0.0436177797574947
3.8766286387826314,4.478077529773015,4.564581128964843,0.0351040518364467
1.1612168510075185,1.0681921044742828,4.340422126051212,0.013886305419864
2.404081517256926,4.302077741474161,2.066600966717888,0.0310387971884107
4.509413514196957,1.9275512448647647,4.699800350937966,0.1071756604047863
1.97609554638202,2.647730335256712,1.7049052235341158,0.0413031593183618
4.575609887762757,4.54411717097438,2.7281990036949213,0.0806331820447112
3.567796081779387,4.868726695033944,4.8124169090729465,0.0259395713136998
3.812117352549725,4.823969455128781,1.104458223420111,0.1302327067589354
2.7073792342125182,2.7437987148471694,3.607078787193109,0.0353615828504506
1.3726823774478896,1.2409026386526572,2.6957448843612752,0.0268945947719867
3.028432577863924,3.117641745629834,1.7191800444808778,0.0817014258052409
1.6203282866382418,1.6559066540629803,1.524014634681063,0.0496732327589311
4.448971032270295,4.553482417774371,4.115774310351456,0.0504272548005505
3.246373731195367,1.7497664377593534,4.4290667056703406,0.064930106333597
4.625854392128446,2.1074201080040407,4.424195898639173,0.1095821544657768
2.753317337422362,1.9826437278538265,1.3618797587017817,0.1340511301575688
4.174756178460669,3.016409889943599,4.985075676116358,0.0553402997342204
4.272478169161033,2.1050930421848357,2.143943246912341,0.1931152231838414
4.416688765758352,4.17437308687918,1.8030283073870408,0.1237488502420451
3.141679209805277,3.5571861299490126,4.722987083229017,0.0280505715297427
1.3622426156375314,3.609987141146673,1.36848444641881,0.0179351407980973
1.2225680747494685,2.7897212152234303,3.676793236883355,0.0069575682391186
1.955291757528452,1.8128219753156165,4.851661263426775,0.0207548164468465
3.106853703731625,1.2276162774939046,1.0514902866578757,0.3570385335299218
3.470193307020088,3.3025551400499524,3.234474521079169,0.0538263474177589
2.9700795635340183,2.6154641568071004,1.7778145241277787,0.0905820887143647
4.962123535219521,3.994311821303695,1.6019295065688124,0.1837346913072609
3.2454231272439333,2.809137023277858,3.6496993567200966,0.0490516956657198
3.025964851453984,1.6749682066634637,3.902298949983302,0.0668870496051327
2.844296284886892,3.477254153961045,1.8550750554851156,0.0598815639098392
3.42612910386486,1.974395430117668,1.822722549698243,0.1557378342437778
1.490590002534251,2.84265240981853,2.094066971677821,0.0178214677343252
4.725938201697973,3.727729912221466,4.701924618755193,0.0608411426911012
2.779950851554788,3.5654619113687884,4.452656021329677,0.0232423841286133
1.0991037230592262,3.529177787164643,3.1019841402409027,0.0052687262489192
3.096256103648266,3.453806675770461,3.2076023925117982,0.0413177424756592
4.93610720828611,3.1007852533811167,2.575816406477814,0.1456545174095198
4.5054951019825324,4.1826322572786605,4.528326913614331,0.0511727757960547
3.4425259030817426,1.2790496562750753,4.360311798204821,0.1014590679921479
2.246465090811581,1.1945720226289689,1.7616321595313402,0.1145020245464288
4.043371852005173,3.3400225940508506,1.0123358762167791,0.2308632049424195
1.5535393340191543,4.533119116914419,1.180037261114859,0.0215423482093179
1.0332482930564884,3.197687003362085,2.483723560885723,0.0064181752353279
1.5576735174684653,2.8708011766212915,2.2320223940236086,0.0180797572872906
1.9319878568089857,4.739350307745337,3.5534038957654923,0.0105824636743621
1.7036207426184742,2.3938897458726287,4.555922191535162,0.0127059394685414
4.312854998670533,4.672595981945115,2.8119781228164897,0.0675928769713381
1.4872070283181027,4.420299523417295,4.232237012974054,0.0056449820489414
1.633502791069839,4.32705617812786,1.6879851767174814,0.0174429520096077
1.546896312307782,4.698871325355069,3.684750775874824,0.0065987568107336
1.4880093712850817,4.391447571232494,1.388598500635522,0.0173367754813689
2.4420837561212774,3.767055578309858,4.73021135813903,0.0159801157873595
3.1310351514280783,2.9468161929463963,4.058634434301192,0.0391367077964329
4.534008067885062,2.836929336253898,4.869123269053722,0.0710569685779266
2.797702567945664,1.56525405985073,2.373281127504616,0.1006028871995357
2.537395543713329,4.501743028981681,2.9972768184158647,0.0227829615104346
3.7046407835342414,1.0874133659395246,3.3749805094838505,0.1785532079714583
3.687597790762521,1.0461515568958553,2.526190054242467,0.2456788960336482
1.3347439158925312,1.8339556221726467,2.10007701718612,0.0220858054179455
4.547269545079786,4.8620894975305085,4.641431245460611,0.0437489780606124
4.0995021815801564,2.744833452351408,3.7033717710929697,0.0789387636709729
4.397409847058292,1.971855482367796,3.568409850054843,0.1312155979264232
2.30667632590938,2.352046364138573,2.7717167926102464,0.0389690637352254
4.684587246139,2.8891574530954327,2.28344671335608,0.1588261314207862
1.5291515743710442,4.550793480157003,3.8336621641826585,0.0063994329466089
2.6109886454767426,1.7441195503758498,3.689867893601044,0.050578306614202
1.5254099999544597,3.634947287404759,2.379260031579007,0.0128461958310777
4.752572608742744,1.0893926457504943,4.110047172528826,0.2408616527407764
3.974099926551156,2.486692507054411,3.707206069423101,0.0817994039634452
4.518993604112179,2.767920039163136,3.334830443056653,0.1056324961125972
2.469854776887666,4.4599532136195545,4.867092299411675,0.0134178934159103
1.453951615943394,2.56818069572848,4.630045704914588,0.0084884899734289
2.856682395603771,2.524015071956611,4.869807976797478,0.0317001649890571
1.5753294736682606,3.74804891046578,1.79201816093093,0.0176415413577375
4.487448697692274,3.667571318928861,4.929420677373746,0.0531821547302244
3.7240963399915774,1.5446955605298416,1.2849993030227314,0.333608732860879
2.437224074577909,3.609423712728043,3.2525003358745344,0.0241588962004579
3.83506246534013,2.7417774101439423,3.004932558443488,0.0852352712112778
2.567653975293756,1.7295202734984687,4.109974916665935,0.0442842762051553
2.121231383984575,2.109078588749061,4.47913768720994,0.022742086066992
2.5773690759428733,2.081737166825342,3.964490160359216,0.0384309723549069
3.166891456728401,1.134251411462575,2.315104214838429,0.1823592801742619
3.48377565723071,2.09272484599618,2.80173805069233,0.0988330249564456
1.2049419549709597,2.983055871836858,2.452839822771385,0.00947421122454
1.100951539604364,4.314174763246696,1.7073578536092762,0.0078569773656021
1.1380603243820455,1.328504585837798,3.151260066946373,0.014771501688201
4.287475850065501,2.3259411398676453,4.379540051665627,0.0861623503702042
2.558053438691454,3.267076143636616,2.554148497216085,0.037441670084785
3.3507939026716937,4.6191761108418845,1.7958869151261077,0.0646239221566018
4.5839809192411884,4.630436283961807,3.252105209947816,0.0666255011970505
1.012967905048912,1.4789239098021727,1.832284798100071,0.018079813590267
3.6299672258676554,1.6621530107060636,2.973438134635433,0.1272966241768187
1.3402287939528552,2.3602816043520884,3.68005581148738,0.0098737254737383
1.6398389322134,4.063138564823099,4.930967052076267,0.0064084062958424
1.6262138308515466,4.662285776601848,1.771760447210518,0.0152859626692689
1.2284864586650652,2.899451982778963,3.3488499395205373,0.0074211383052848
2.5937813603465765,3.5705347755663186,4.232913507699681,0.0212537444539903
4.306240564119596,4.186409761861309,2.4529220764552147,0.0862208847987737
4.663669980633669,1.444322132434012,1.4043447495548644,0.5119873209819319
4.49437479703759,4.228996358358176,4.2315723431409,0.0538940571017055
3.731819623617752,3.513551282461185,1.4769392942645934,0.1281367582990925
1.76658276774076,1.4883875830088482,1.238207974845932,0.080853668743118
2.443237318340444,3.948271691928232,2.5895108905518205,0.0278771210501922
4.994862570125077,1.957630966719647,3.4824958239376635,0.1747298252893966
3.206588962943481,3.6061309880857,2.435410969553246,0.0559003101456467
2.761875221588182,4.8544658845968405,3.3217955527864604,0.0225857824777119
3.795027832793241,3.1849658537252563,3.2204021214076084,0.0670434620127307
1.1925773239540955,4.372521786975808,4.370855991487934,0.003553170117216
1.8644866951665635,3.8003156969289815,1.7358030041318524,0.0251616926092736
3.054716793384125,2.862193414646085,4.994125035075324,0.0311691458948843
1.9054674249699444,4.346248039690237,1.7026737344976,0.0234260194342859
1.8116897556441909,4.6238599960404425,1.2190916019622835,0.0278014871820091
3.291382969861365,3.957602433774064,2.9940606030951247,0.0436521330891522
1.6715803098317012,4.117889278594029,4.35899835011894,0.0074324930217153
1.9368476036373607,3.012228116620987,4.099886009404608,0.0145034942649667
1.2109491745277865,3.8356392266083623,3.849584521869029,0.0047417822476458
1.1523126951867986,3.794166308060576,4.5979356449377775,0.0036341498248174
1.0808426018272383,1.3389043172247144,1.3456065749824333,0.0309598360640302
2.005504924777697,4.195687273691381,3.209656397501238,0.0142602519581091
1.2725773334949948,2.295223121664064,2.454085847838875,0.013727615050443
4.807916607342019,3.1141435671609368,4.570031007110947,0.0775527963272911
1.0260297602519932,2.4173045039731056,2.7631657963480944,0.0075252857623656
3.8318003455970286,3.2026633923492427,2.9235630661749026,0.0748726782572314
2.516129789027186,1.6585369871043991,3.535928530494411,0.0515440839678412
1.9352938528293109,2.3871052416372045,2.010466430588437,0.0372620572103479
3.358752300956614,2.8179413625908527,4.912805396969215,0.0389077240491436
2.568492516033269,3.3578424337835884,2.304131161724621,0.0407127543734828
3.937187134390952,3.812350758138406,3.395306149765566,0.0571796785412305
4.587372728281039,3.9647411440358,4.289266206760576,0.0590842333290216
1.4293420075130765,1.4754044388822432,4.783367650174768,0.013821935234355
4.327353090213109,2.0274719705063577,1.4451709991784805,0.3051490030692809
1.381774475480703,1.7765050941158815,2.976588699029133,0.0172397289208532
4.59329989198161,3.258026399708499,2.970416537298032,0.1040924031809424
4.646100192657677,2.6620225260953445,3.897708297801563,0.0993338958450831
3.950137129399466,3.306866843825364,2.776958894764813,0.0811296443786736
1.615661423642854,1.3992036207859084,4.244023195765521,0.0209885979528431
1.8967693945928432,1.660717837347915,1.5567762427615288,0.066442873668295
2.880166842276122,3.343706763725324,4.130472425502333,0.0286779939004514
1.457324193465622,1.0586019256778925,3.174813231376592,0.030171914941047
1.5474356159897549,4.65919536099784,4.623053726538959,0.0053079485148726
4.874056579762737,4.210359136687034,1.4199044401382674,0.1897336055229891
1.0201431787539217,3.0384327680914125,4.580105777511217,0.0035705778546283
1.5921473381996685,2.948996050669086,2.969159462680808,0.013822932365628
2.9673197735866235,3.264347978895125,4.784029635403724,0.026920292730509
3.107550252657866,3.5052179541441344,3.2200287736117006,0.0408510221023813
4.261366046846487,2.821284248051066,2.017314930641005,0.1523416032775911
2.6177816705049834,2.3718595643242195,3.572695698067455,0.0386120831738124
4.4402200755867245,1.9383660134565528,1.6429213221542165,0.2955955052802018
2.186823784754574,4.150731052814109,3.148312025871621,0.0174729647819809
4.741595247372482,4.232064654963324,4.263525847357075,0.0594934494280676
2.8463062066098006,2.625328095426486,3.136167234766294,0.0469809534769498
2.3580490230454587,1.800784832420748,1.2966873456510308,0.1136972470102701
3.672019034895731,4.405562952059567,4.20149718865277,0.0347812947964487
2.7827755498466544,3.3634369632610053,1.314115406925576,0.0836528890464948
2.536451738408912,3.500722735801985,2.2290521665783163,0.0393655791727652
3.4561872630017505,1.946198348474538,1.2743092272059489,0.2299714849967047
1.0909634493662472,2.6469191642240477,3.5779307394303115,0.0060005240388193
4.911458138800739,3.884670568695306,1.992675124370333,0.1487892605574721
1.409098794110268,2.8393224579232164,2.772456023849821,0.0120432829260174
4.490312128631527,4.8119266866063,1.6733619153795272,0.1195599060318399
3.370860794885817,2.925312238189479,4.437851066228028,0.041790548476781
1.650345334021122,2.321137817091097,1.936395076838029,0.028933178640652
2.9863312535484248,3.2833750149953715,3.819621927230533,0.0339528690360525
2.8436501809416237,1.3436665498059988,3.7346312999915874,0.0769404083496887
1.7218759569799107,1.5813616972253568,3.7009782192352665,0.0241878555077289
3.689659010458869,2.474061644943552,2.888320081628589,0.090961583712585
2.6605812781416014,2.8604348021198103,4.858670786035004,0.0243189556862543
4.870226950406315,2.156964888452077,2.1712875871703274,0.2418128414897189
4.437014214234717,3.3783139708762326,3.5413945023405,0.0785685446089412
4.0802567606104265,4.011479037792327,4.679857081251398,0.0423427689791071
3.7183635339772194,2.5745162785674256,1.18134373491009,0.217056680160182
4.967362675087786,3.3772283424011533,2.452995202294737,0.1422119205820243
4.678032364034836,1.1880310259260098,2.168739544173987,0.4055390220860201
2.34517946928645,4.311196337666527,3.4097959664226187,0.0178635331015651
3.0920361343201845,4.431348449071785,4.959554117400229,0.0207707401603253
4.822048600518709,4.442774489068457,2.772651091314676,0.0901270304039381
3.983974365115441,3.112134982644106,4.272669763883773,0.0569923682868729
2.8686321429663075,3.990961793344833,1.9121694702376064,0.0514857634458275
2.3834681279621885,4.726344636432064,4.884089434115402,0.0117503577644354
3.928066857540105,3.164630178380052,1.0788947058375262,0.2157730007016794
3.566530551875444,1.2901429390271968,3.2470383256377366,0.1449799812008875
1.5092063393803916,1.2069664923526484,1.650197615816953,0.0546018627731533
3.952320061419835,2.0929410109409208,2.850850894978388,0.1250011787688036
1.2325096459674123,4.475444748751734,3.9130870370747695,0.0041415826472066
4.517395931061875,3.471090447328302,4.784761070737124,0.0586666801246618
1.1925225971866509,3.930700543337581,4.565852913276456,0.0037834042322361
1.5431052723858154,2.8887173869888625,2.9971019799093703,0.0131318502214337
3.103781465882741,3.2564053466992413,3.642652638629538,0.0387763957337607
2.560065931643277,3.5632905478764,1.3492901149646084,0.0650859296294358
3.940189157169163,4.382599963563738,4.716995076459534,0.0358573570530192
1.066939584295329,1.459853977144686,2.4501068532947694,0.0151959060591917
2.6251395526324117,3.033161953754958,2.982083000978352,0.0363773325628387
3.706462444023604,3.0879454403627147,3.839285902554489,0.0553274331003355
2.23147976931243,3.197724029416563,4.4155767908716905,0.0168383243800726
3.963626041332157,1.2946701552247442,3.763618237476632,0.1539437393303655
4.816497099909473,4.881727991205409,1.6769018523822008,0.1353077807998708
3.639269089316441,4.826916845908379,4.647723760914323,0.0281876972864194
4.911989426898368,2.5890727170530594,3.780711978482224,0.1176896825600167
2.5174698403111138,4.011277521335334,3.5380693598936785,0.021321653765475
4.82196981793742,1.59859065603793,4.703331704113566,0.1476547705232112
3.1275082327489883,1.9561264778347944,2.49241680815063,0.0957901176198629
2.6443615817085693,4.154361815797389,4.473022778197343,0.0179670855886903
4.716062421064304,4.364864196313198,3.4990478386322774,0.0695312215914741
4.884325212596543,4.316948143026975,4.830533214659123,0.0546233872411347
4.44716214199252,2.952245515329657,1.2174860026921994,0.2627186270554285
1.4853630426534932,1.4529073000059576,2.525011021380145,0.0287147758480199
3.2521408354726797,1.300216351447547,2.4340861374408664,0.1595616465694773
4.611533735291539,3.634361177388583,3.3165969333436847,0.084238647800242
4.623354523589557,1.2450409146903798,1.8965127572682428,0.4322314742432593
2.6933777710002715,3.0146123754513465,3.444429063170673,0.0333570170259862
3.9988542073795617,2.554399120886609,2.5589376810009266,0.1168057069223534
2.916340439411669,2.9196941876777758,1.1610910035012418,0.1197882447050649
4.757990802989061,4.327500458296531,4.86576729978097,0.0513334111967954
3.439040858552833,1.5271796941400255,3.158269703879171,0.1170783794237688
3.4121491037327174,2.1326457885642744,4.945715417215483,0.0527047230295953
4.300393041284576,4.302455593713336,2.8511438462759133,0.0719817103515751
4.343711217017328,3.623567425155157,3.00825134117724,0.0826442816727122
1.5700446819164515,1.390135828674865,2.6271021428642243,0.0322278412179045
2.194001365094492,2.595016124966996,1.1054783838677205,0.080117032988916
2.690653010918251,1.154709890827415,2.479788671337225,0.1207172178035743
4.407667364103695,2.258037970013215,4.24870735283051,0.0966876381120566
2.768486827373608,1.8494196157329057,1.3338805319418094,0.148345342493272
3.628235865938743,4.821920934175212,3.22048097650385,0.0404754408387102
2.3276365645136714,3.0817643450551486,4.58901706525285,0.0182916393145925
4.788320291293067,1.3526853628136628,2.650222057400008,0.3053716508778034
3.0523473718619454,3.4598622825995364,3.839258137339817,0.0334890767200537
2.7602792538386893,4.100183036868788,1.902684933109445,0.0466312766212783
2.402214709226496,4.729207073668653,2.257223625959026,0.0258108384380252
4.181707546904918,4.645486164692501,3.9049149923694624,0.0460262873578024
2.7142568356619736,3.193746128818618,2.7582157770425524,0.039931409248217
3.065276808268922,1.0105949144047188,3.7590203541656937,0.1180943171650603
2.617783376536078,2.10699489569166,2.884649049881118,0.0538334644869937
3.0194621415584457,1.414304098426144,1.0140497882934023,0.3035278077683991
2.4643341501294813,1.6441204880675793,1.9567206137828517,0.0901318147983537
4.482738065270192,4.499359563733188,4.756460866251279,0.0448325543263278
2.430073491874912,4.566284367842052,4.529843925070116,0.0136311974835851
1.744247264910873,4.593359144614706,3.952463030669441,0.0080012763039695
1.1143111674349089,4.661337438809987,1.3151790846810538,0.0096707223687968
1.052685766974736,4.501286288957488,3.614797096725277,0.0032517588280529
2.6845046016030367,4.158967786614228,2.9821923736299154,0.0277426843147553
3.3598013777817544,4.238873488626267,2.3134198001137407,0.0549621471783604
2.5211127777707043,1.7424499280618997,1.6006014786319764,0.1088134080976615
1.4117972218737118,4.272746997352629,2.940920629545883,0.0075734811851716
3.800228810161628,1.5389732686558515,4.508926660860797,0.0993703068134863
3.744657445098426,1.4255636716706936,1.7353756903613342,0.2706359265505372
4.2896660667738775,3.327722038115998,4.634252222964008,0.0569720238479592
3.624400405486045,3.707076502244298,2.778602796258878,0.0608913650369369
4.929752811775286,3.2418500245469755,4.07718654945211,0.0877886096181332
4.400186605619467,4.329192533258148,3.266531554830527,0.0653717057428017
2.606676738158984,4.210376840140643,2.14961204484969,0.0358455034171938
1.74859875408226,1.513638203536522,1.6286870377861122,0.0592191262117522
2.190395735702879,1.170186950796534,4.992364466755598,0.039212544333136
2.143582038730341,3.3716515433596905,3.5774024389201844,0.0181890962889583
4.04800126536579,1.4541889333448612,3.1672359001292,0.1698718509093816
1.4905287297728282,4.378005955772405,2.031476656888489,0.0119270737541841
4.0103640552571385,4.518622165761435,2.0957328054986326,0.0810899522014904
3.7856411654954023,4.558018847493685,2.3007170008237354,0.0652500665746894
2.4020124324287644,1.7769999339281473,4.42165929254933,0.0350605884725193
4.570825618488755,3.576244513422102,3.7380960874322,0.0746196189276041
1.4604576471799398,4.83863576243011,1.9965898373082984,0.0105416242827136
2.712059585685549,4.83648362563128,4.195681498257802,0.0173064346165036
2.818729028342633,2.7080948455119547,3.401926783306428,0.0411774273314085
2.532682088380545,3.5324222758855632,1.2467987277630423,0.0695398547174435
1.732650449084561,3.621650627583832,1.304112590184238,0.0303488093210746
2.446421203065818,4.287594583126926,3.060967826101213,0.0217736567517846
1.1324656106133113,1.3004113801771693,2.4248980217017304,0.019418567596832
2.691554693718704,2.109308766907565,1.281636170220518,0.1279507664540291
3.4433772278000383,2.3655715868864484,4.7173102256431925,0.0507317752018087
2.863241672356988,4.396166783097325,4.526022307862791,0.0196728168262002
3.340673542982965,4.126898028003895,4.585260915541936,0.0281592880408462
2.388712309046181,1.006179837297959,4.63998364177338,0.0583548586680717
2.904485189921355,3.961627550789125,1.2264465272362686,0.0829005587925054
2.7810577790576816,3.503802811455252,3.9051144362984025,0.0269890742549909
3.194512801692392,2.535411996510625,2.564603951041108,0.074934498336038
3.735755702122301,4.956239423642467,3.000033759949091,0.0448146390197578
3.665670229001627,2.5861253116974843,2.988241211711685,0.0830200432394993
1.4369766190815114,4.060426876639097,2.399983160694868,0.0101172131936574
4.242369302911301,3.2508595447337063,1.3411306707171673,0.1971010913809457
3.265626445493391,1.8658817209885807,4.016905856596049,0.0679357902368321
1.5691596146788318,2.460878988194209,2.4272610640683907,0.0196819843998334
4.536521390685145,3.886560720800248,4.928343138314153,0.0513004195614425
1.056715394675913,4.445267565126633,1.3470804293284822,0.0089036078129163
4.675362577286091,3.7456237279623537,4.425556033824424,0.0629622134814852
2.2287106716303207,3.737104996159892,1.9818418720176016,0.0320217064461354
2.9633121859328133,4.473840693430889,3.6525672760688135,0.0256576845232895
2.885324217899228,3.657785677306508,4.79730086233699,0.0226524623516746
2.209588620894525,1.9437110717869253,4.660912612244152,0.0257312904357547
2.051165636623352,4.18275117951708,3.447228869017003,0.0139319113433728
2.059116476473586,4.666390604302799,2.9977675441879006,0.0144718539671587
4.688277351339137,4.85759422889889,2.6222928347631678,0.0823883027301276
1.6186769338268614,4.191487124199776,1.949197425361864,0.0153122064882613
3.233881652900005,1.847444874894696,2.316087072765698,0.1166979589015402
3.9195251075833135,2.2825280924236937,2.676323257880533,0.1200752745566114
4.38664427870164,1.4994793800216288,3.96234289275556,0.154637090123532
2.9075697060301087,2.79180062298136,2.50925571508573,0.0576198780989847
3.4703028665551474,1.8883545367388144,2.755093667132421,0.1105239098222261
2.791095033350672,2.703108262103643,4.48378116554434,0.0306890034425158
4.022777473101667,4.174391076337626,2.2978441325769405,0.0805526265181317
2.808906155848893,1.1049139567990252,2.748294008468048,0.1240578343848336
4.180792340041888,2.3410247535379445,1.8748739519302016,0.1901430686250285
2.744632945570125,3.9511071224717726,2.5499021157794424,0.0356999507449279
1.132972682082472,4.374223735440502,2.207148419724509,0.006348158067829
1.668419835011894,3.1054928774285986,3.280014786860089,0.0130480537147988
3.240623566561526,4.714420029909167,3.3895005833632337,0.0313786729035156
2.7613506663335663,4.001506536363076,1.8170825401004584,0.0500710067380559
1.6386904855190805,3.900853435907296,4.932598634683385,0.0066634606758713
1.7112016221864166,1.0790775092398022,3.0500570502347046,0.0424798670966274
3.3589916087496245,4.759016468844699,4.881524528161995,0.0231892413484083
4.398007118268147,3.926229124919306,2.4765096750021574,0.0949811826618207
1.0594171299803077,1.0808566007430644,1.9068519529494437,0.026001015671481
4.973649113177357,3.661483665849763,2.852517225366406,0.1130853367032152
4.9355442931208815,1.127069774422421,4.7310358311830045,0.2181245023793532
1.8102973623211176,2.973092765911333,2.598250902081948,0.0202559061745023
1.3253503918803125,2.5838971860238225,3.141611007028733,0.0103317804578965
2.746441486340576,4.705226759911081,1.515544239911406,0.0505048297167673
4.661884032868809,1.300283070167736,2.666180965868462,0.2993207237637119
4.443534328262455,2.369141891161916,4.742218738034662,0.0839123360008954
4.976382364436921,1.200247684915837,4.358214358356277,0.2260421382765214
3.792385139392098,3.6564828612983855,4.017178383345451,0.04674999829577
3.6158900405418377,1.4925401669739349,2.981500263066352,0.1402849032285453
4.934478307264143,3.1978805134826045,2.792984602810609,0.1301646636263446
4.204556546488755,2.993107941590468,1.366093450928021,0.2064329377335927
1.7775242907753932,3.615108830384626,3.1588089575239784,0.0132107580320777
4.732979731517833,3.699994879233972,4.5400968505208485,0.0636714052824001
4.794694146487214,3.2410320831918096,3.373748408299424,0.1003846203905478
1.745911074746358,2.5044069061272958,1.666568615942714,0.0348704485715504
4.781301225286242,1.701168886015668,4.345192397867741,0.1476648590436736
3.735589999655448,4.213042579544427,4.161979057579913,0.0379982902342096
1.7993471075027618,2.160550251513215,1.5661040082838955,0.0456863343266486
1.6703932302007942,3.4133499141690478,4.016444113175973,0.0097175389232564
1.291423175972808,3.158504433349057,1.6356862485007393,0.0154133501695218
1.775495327555355,4.3434830968389,4.777878326317248,0.0072528255611143
1.3733212753581876,4.733580429465482,3.3688578345074025,0.0056469408384795
2.7897147654047165,1.7703015968394489,4.3434336242535,0.0483259653683654
3.257897872491444,4.660903245595938,4.515209091448558,0.0240806588072501
2.711846321786964,2.070217916694634,4.650148244397158,0.0364744435292111
2.684786685208134,4.77207672601099,4.274808717404877,0.01687084568385
3.5548972823602605,2.751429188791052,4.822169968788131,0.0454772971083671
2.9383502169184466,1.295041616979738,3.419975329269356,0.093076876976978
1.7345080363190224,4.404048895188941,1.6878339143477157,0.0193246740757733
1.493224133930711,3.7174900884292352,1.01768854116055,0.0281401678490672
2.867931833090873,2.7171842383799487,2.256497517755073,0.0640508781788667
3.098615344541902,3.905007096261293,4.993769638750163,0.0235085795523212
4.575474239973666,1.646040244367177,2.3318431868918887,0.2604196944597967
4.961924022207683,2.349297270308049,3.939129009801153,0.1270291604314611
1.1018299755258796,2.1679170957068457,3.332528675323553,0.008023317669962
3.650206343987093,1.603620133618893,1.194427878041691,0.332135108973925
2.4831858260234947,3.3111332093118886,3.929421275492082,0.0226284383052475
2.3550205379591294,2.532846196386656,1.5243882199873005,0.0685845639103823
3.5551890683975262,1.9710657246791612,1.7593686611475583,0.1740238739851977
3.3431177548586573,1.9639158401198755,2.6377127160325364,0.1030135534603361
1.109461694182177,1.9031064896821093,4.063994416452511,0.0075988840522157
4.450797624106712,3.595592274009338,2.0461683633408887,0.1285598263988652
3.256550038712537,1.9579423310958832,1.4556153098961615,0.1776684800793305
3.419799087478702,2.0499385807153927,4.885978785376498,0.0557506768604761
3.3686896576885115,1.1934605967201488,4.6865980229434765,0.0968718520486508
2.071409730081597,2.3693795888847613,4.79664345864736,0.0180260814639301
4.241779912907671,1.2839861318090722,3.804985311761359,0.1758426949387413
3.2424315351747977,1.773922639817981,1.7538276843689338,0.161347194357328
4.944964949024248,4.408675490429564,2.578911045842107,0.1026888585233413
4.960875170192779,4.925016512759692,2.7872554227705013,0.0855999526598325
1.7240795656389682,1.2388195007250014,4.169575922853373,0.0274761624845893
4.390092523740877,4.292672238018167,1.577662586573993,0.1358772900784912
2.6772700352060945,4.918725003751883,1.652904211159055,0.0420945151940112
4.1498476647893785,1.5034972735513872,4.948549367552259,0.1105159963921899
1.284628605011232,1.111303548963913,1.7280276101200165,0.0410311022939419
3.2923253321181414,3.751149423841508,2.952259573398279,0.0467334636274142
4.919974116561901,2.894626412693564,3.390851943106563,0.1177512902105519
1.580804613669308,1.923594683328369,2.5912292282972875,0.0239374770035056
3.3131531008725674,2.2740598326938617,2.526257807904643,0.0912315052734839
1.3998917723951148,2.071669630173218,4.484373954523121,0.0100718207386989
2.449799306501627,2.5775239838727573,4.623301059511051,0.0240462584891004
2.2253358780369727,1.6496139445741909,1.1912517602944457,0.1203224459036793
1.0223493462127324,3.5994205420283247,1.692870991399635,0.0081899939245076
4.081222285356288,2.246303811672896,2.096985743207951,0.1688332238493659
1.4161377862975426,3.0288146028947773,3.499590719501043,0.009033633392577
3.655111597099676,3.517116962469018,2.986811073647342,0.0607222848829876
1.9130572387966869,2.2907812661226434,3.9844301999043856,0.0191446516758569
1.7655454387781226,2.18141355039965,2.899684183357747,0.0235293797263388
1.6095995246999273,3.6914671529049614,2.652791828799037,0.0126320802814023
1.4565321648820977,2.5935210949182768,3.39357777263812,0.0115089036517891
3.7029225914981896,3.077059608421525,1.41398306949531,0.1504702124701972
4.950889781607005,2.7706711686057472,4.402067227875591,0.0959546987168044
2.806874272833256,1.4845156688627084,3.751150039109607,0.0675519802723227
2.431768335854164,1.6944002968234655,3.034115172892928,0.0549209073523593
1.1295326389786182,2.469211334741636,1.713943708516377,0.0143940875505099
1.2728249805327183,1.2276144946304584,1.417010018042996,0.0444676151706317
2.8836762868867165,1.228253731569524,1.1834756033975755,0.2731410639541469
2.3234265442491777,4.3228393621803445,3.5047021574373054,0.0170129280961155
4.718976860838629,4.556445407162212,2.896658140871659,0.0805589259513466
2.436610234124754,1.1287137071675375,2.4459729303990163,0.1026781579375839
1.5354407332299649,3.201877818392933,3.06195839741385,0.0114816277028389
1.3662959434662327,1.0100588618443838,3.1981701840128034,0.0275919688314198
1.859045749232188,2.87947146706622,4.137098978938015,0.0138520117236671
3.422896805328369,1.1078144271465225,2.0726639316331203,0.2436313052347091
4.246654736960462,1.121846512809605,3.83967634466558,0.1998974400178193
4.21539510564824,2.0865383261518438,1.105243530468201,0.3679032399191256
1.6339240487531614,2.041791838986375,2.984823348132219,0.0209158259595399
2.29867571271119,3.985467722191431,4.544364024418069,0.0139297842991618
1.6263877888342044,3.3673909120057908,3.7240837216148086,0.0100710934268652
1.3120074708289722,1.4358238587758008,2.324772448919281,0.024622513634845
3.977541627025367,4.813822443987931,4.856402295545906,0.0323121703749539
2.003488804694979,3.4186134163756714,4.609156850480872,0.0121630851225352
2.5244905488681657,3.989731873298072,2.997201727026197,0.025446567017707
3.5892347687668527,4.861429563334397,1.527720136012355,0.0828203989134805
1.660282846981095,3.903893302978493,1.9785708436288656,0.0170394669308814
1.3845388120824451,1.7321469670376248,4.765151801168262,0.0110889436756958
3.951819985151478,3.676763030674677,1.1720149029122156,0.1730361798261508
1.1637413348986665,1.5109223540644057,4.5823401874051095,0.0093395259420993
1.23572283740402,2.87516302354694,4.860212159567832,0.0052175405151719
3.7956068172445137,4.561694988214382,1.4832521261579277,0.1016629246619939
3.685599484870776,1.3782985622180917,3.217348236375127,0.1462568750994673
3.994522285960028,4.256749663604663,4.848254989825736,0.0369153950044206
4.635630532610955,1.4736095258947204,2.6591100087227426,0.2618425915946566
2.496192670647893,1.9518257406433523,4.092926212134483,0.0372411117461637
1.742887698803954,2.5459467855331006,2.88617270611651,0.0197382460506284
3.7553473307416554,3.551343510282312,3.514594023186886,0.0539478026136307
2.446820817027848,1.3264721009239069,3.0161098663947588,0.0714497053892507
4.510291662369571,2.188070317956459,2.4987618963224048,0.1776497049492303
2.075533802341287,2.650781661641544,3.924459604310482,0.0197718445490656
1.5112044342427318,1.292187066261104,1.3679907743909347,0.0616849570248069
3.0378425214337104,1.260384323834546,3.772507912081904,0.0926699113565133
4.158765271819787,2.9232327553740105,2.121589087371407,0.1331513378709928
1.358671326429234,2.578143444523751,1.852606969182447,0.0184535461729282
2.0891451646363763,4.873098737126089,1.952985573222695,0.0218964836054597
4.547957834930601,1.737355616834665,3.3340437337594944,0.1704960141727473
2.075098810197708,1.9389079295618097,1.0474139227298358,0.1012379680638749
1.69636368138136,1.3706595911800172,1.5765515370986756,0.063583076290031
1.4045604725662773,3.915506055590865,4.10191878004116,0.0058647204271489
2.050993518699837,3.169387441626861,2.4568502010077835,0.0257938370590954
4.014904384181245,2.093679277942845,1.1303002468926655,0.3252279210938484
1.6762697756804767,4.269002630574384,3.073538273145193,0.0102250200272992
4.179670683935783,2.2047406641341136,1.3274411853752983,0.2850051555982334
3.0021608293362534,3.3703283176344336,4.558576560581225,0.028009659691093
3.637345122893413,3.699814159307807,4.558648777047445,0.0374536686207242
4.871512596142978,4.26679251407716,4.660887070454507,0.0569769163543603
3.8126441049832738,2.4301646099248693,4.15447183201435,0.0687452048851162
1.4081396693505854,1.588501565816831,4.361268702568873,0.0136657150556226
1.311448110825177,2.492633825197625,4.367301200382274,0.007543484127839
3.233316838256074,4.329895124745693,1.2758653626050158,0.0903557280517965
3.0456407667162426,1.5429414981507956,2.5877025835374745,0.1109264006454323
4.522544301453442,2.8948162051019843,2.416123152556141,0.1396262209423828
4.640037268926946,1.3671734279601044,4.563694785762255,0.1647570940787261
4.732689719302242,2.900541777585924,4.943704420166665,0.0745805925470777
3.6421394926571806,1.0493630027110497,1.993848423435054,0.3027168872815106
1.7673705704739398,2.7721175527348683,3.0062492541154198,0.0178961658427106
4.679121338056195,2.663010884004552,4.298643977502545,0.0913199325869277
2.19309929934099,2.9255427984440967,1.7200618288583485,0.0456359887659456
4.615472318092582,1.0951948057422718,4.494357562709627,0.2066401417198422
3.925708072655981,3.8535858098562175,2.642238342128268,0.0722670561716831
1.5974587688344433,2.753191523559324,4.301239925014468,0.0102889394036056
4.969763784677888,3.788564762260685,3.2123697104438667,0.0968975156927312
3.7600755283517366,2.1456860977146213,1.0412106310558906,0.302154970320797
4.220436712722213,2.5638229376865134,1.945888649299376,0.1704708620498184
4.4373801291559865,3.6677072677757327,3.5078215262570724,0.073073935937224
2.4427055135258704,1.865460843531868,3.831605612771494,0.0398581074320609
1.515320621007144,4.223307438704708,1.5009199771679191,0.0172957825907885
2.626010122995105,4.353287349229788,2.433033191894076,0.0310862839567279
1.586512614983553,1.488326909721975,4.72514023639523,0.0170889511882622
2.39290214907883,4.406002259718356,3.647526996256031,0.0170117125358544
2.5190124483919822,3.733768098660547,3.3552486585997343,0.0241841017599388
4.288812728494047,2.899596677755145,4.781040986001802,0.0633512943327905
3.1930093454912982,3.643352837832692,1.0116693619205803,0.1320693181759582
2.650558646189112,1.4786900701922092,4.333825400160437,0.052344090117077
4.618100763016376,1.4050162017547558,4.377884026895098,0.1655474939054561
3.716787042586578,1.2111249866770613,4.4185968463880805,0.1232546749841738
3.927331289306759,3.401518519599525,4.214398124167655,0.0513721878390779
4.868667612888805,1.9879246365747272,3.2973610192537115,0.1726613860226445
3.754313728062472,4.842842304339291,3.386941185121097,0.0410293396013317
2.68259219656463,3.0907249799680017,2.5723329859547337,0.0432178493318262
3.167028341612918,4.999696369945681,1.0102806192055978,0.0948111979122382
4.912295006845877,1.538550165653473,4.439605874762762,0.1686763475404043
4.711950299772429,3.840110906258953,4.911504280769675,0.0562062348943664
2.405993346335657,3.015992167439462,2.4476625203129565,0.0374410899655851
1.8173686497513175,2.9836784817015856,1.7438442466998478,0.0303087297587128
3.907122802075653,3.4477621894409043,2.853958463100198,0.0740748121216478
4.810561255783387,4.219180213031747,4.331436080186011,0.060460662147838
4.853702560621473,4.541444134635082,1.0156945417721026,0.2438544073149088
3.27420139629866,3.6809537108478,4.887463901304831,0.0284517016720585
4.076444692567375,4.822740675946989,1.4552274296953351,0.1130523808470895
1.961207253230146,1.9482268139483276,1.7268135099157558,0.0545887831865546
1.3467602577664135,4.7208884112611305,1.2814983565860998,0.0143146318106554
2.006978395242528,4.26244528144445,3.4100411238180075,0.0132314776605786
4.484044535986,4.693648943769141,4.546117157845028,0.044991450367868
4.413484877725034,2.417125157901071,3.115980436249928,0.1234840347255497
4.925036521196762,3.3795677315337063,1.564046700106572,0.2191035559042802
2.2221559772990447,4.943357037981601,2.884644135041904,0.0165339356416352
4.476091701637267,1.9776429212650188,3.331332041608652,0.145202313473735
4.329118640399566,3.248410512110537,3.855418295921079,0.0714492955027651
2.961464523898418,1.15046862422308,2.284140598779627,0.159351752187773
1.09903108628559,1.6975667465450868,1.751975878734505,0.0193912746674753
3.8277557367051194,2.2021856685761216,3.783990853876581,0.0839509873855042
4.901770290970148,3.0091386888399523,2.11510947795928,0.1802487414720601
3.994963837866881,3.777712735157096,1.582879048402596,0.1274355009280257
3.438776882455868,1.8955659471802395,3.696587223067052,0.0805767092831946
3.587473862586628,2.62016435650239,4.69769536256201,0.0499235538096873
1.4989506570963975,3.5093125105098144,2.328082549403139,0.0131309346491654
4.215443683823429,2.257112047617851,3.806650960097854,0.0987487924774295
1.685062116472853,4.685517453934686,4.027373039243631,0.0071844544847812
3.675195214474149,4.422553128428767,2.013806710839995,0.0724121376770187
4.52462364583908,2.5456448461263816,4.553674728031362,0.0843230854400022
4.638163416656344,3.8002160972939727,2.5312201196852864,0.1067813166193734
4.39482582859665,1.6398669994190378,4.122649554706761,0.1364079484717927
4.15630372903645,1.691442844655371,4.170570363771544,0.1169238642682509
4.147131862737041,2.0899949561073363,2.1198778983723057,0.1853450493491648
3.6818776593657456,3.813218894125983,4.516446949292877,0.0375830000299443
2.508341099037936,3.1294715435271185,3.223949309221041,0.0297752463270693
4.388877847300315,3.965766227695087,1.9258977465213327,0.1204170652342523
1.045291481285005,4.946872110382399,4.193848606410333,0.002514622382329
2.7067365250861624,4.100294464694335,3.7913569408059313,0.0225021301808601
4.235263080332457,2.297808489778618,1.1488805749516295,0.3244243588044472
2.19384539163577,3.7999994800855705,4.643419898257623,0.0130236263284374
2.769830962577848,4.514097629811285,4.82740501479192,0.0168098265748977
4.361549015840425,1.8967106439033068,3.2621292155258934,0.146798176278219
2.250888819937292,3.646340708749464,4.140541533826362,0.0160226771893989
3.893223339082812,4.813844975265733,3.102462759699188,0.0484575380510853
2.2884820267537123,2.8221449935324543,2.0198517270028997,0.0438669647274421
4.318030181507023,2.7946815576317983,1.0435416994493418,0.3052604896875578
3.845364625341895,2.8585614005110336,2.2314598400756256,0.1106827241742761
2.277330561494464,4.584744999387503,2.882568064191348,0.0187369448628465
2.83670152995975,1.1830326793345458,2.4293083385905097,0.1336870345418377
4.853995578610009,1.89806022788962,3.543555174726396,0.1672595603311177
3.885412815684596,3.146114502092229,4.75118815793715,0.0482213060191638
2.568036360832431,3.15769267597388,2.498425355319508,0.0399123670692932
2.9932355510344446,2.840940928403028,3.7770633129862943,0.0398663713258757
3.387151306628021,4.951099275823207,1.9503759292007612,0.0567271046908764
2.8775160759756475,1.938182217372616,4.8552128999650375,0.0420120642078092
4.6529489074813295,3.8794979026219294,3.4201776143663403,0.0779065140673555
2.868080919514934,4.188219658854066,2.2954571225199185,0.0408531502295319
4.808034806055273,3.0852029035619517,2.0910537769313926,0.1710911946594704
1.3672227517316675,4.638405115158257,2.785445112718269,0.0069080688588802
1.039445745370513,4.744240973810914,4.0673248125819095,0.0026734338469419
3.3263624883635727,2.9472087732240992,1.3565124978183851,0.1321435088440049
2.0580915187835136,4.345821046070444,1.8070125527992815,0.0257535880202096
2.924522167172246,2.402035553573614,4.434473446554789,0.0383380245789493
3.800353678929826,4.657893177891054,4.381005752647211,0.0337929472602321
4.059281012850955,2.3593349386104654,3.805222701428957,0.0876334567476206
1.0664197652692242,1.681452786172473,3.1706481082258797,0.0101850938673754
4.775437717414548,3.5087685334499983,1.065908692098636,0.2911340711632644
1.149947093136929,3.4784053392061263,2.5016272261950707,0.0072559506783287
2.570001820005699,1.8333760141657016,3.931429095027952,0.0437528407209947
4.491666943614902,3.971469498353555,2.3731404559340072,0.102207273652179
4.679369069008709,3.55739085014318,3.624250581732199,0.0810897918090988
4.1829009038297205,2.81053729896885,1.229986858413572,0.2416610808994122
4.0774894486856255,3.328033858970753,3.953183922016822,0.0603381960325388
2.857168199210505,3.869372896255129,1.2304698566441532,0.0818655977974195
3.232364581218928,1.1888786571503585,2.8407367944658386,0.1477112379364133
4.472740310256095,4.610083108876694,4.944026081317015,0.041908222936318
1.015756449985088,2.613598331643029,1.9961851764245395,0.009442367371632
2.4421797277932664,2.50705081380744,1.7810463860018095,0.0637761448200114
3.724409865479855,2.608514274543972,3.718199960281772,0.0682857939961725
2.5050765009421547,1.3140994760046598,3.3744902276839097,0.0675689166071415
1.126317462019835,3.8628079108581983,3.270363717390869,0.0047947266507013
2.706084939897889,2.947602109630278,2.091357514772441,0.0567188079920294
1.3548573137084778,4.311247777625877,2.187805135678739,0.0092921644135087
1.355412697660951,3.7405179915358513,4.43093711758631,0.0052924547233046
2.0992491569530483,3.450857202811813,4.198479167774985,0.0145228004557528
4.327462114976715,2.968124261775423,1.2046297386929044,0.2500761508316832
4.369205846249586,1.8387274642941267,4.732778121700022,0.1047400774860947
4.05042442012159,1.797831062931639,2.4411350981865234,0.178485013742403
3.836156965765884,1.3166982103152614,4.556419290630686,0.11711814831408
3.5158236560069263,4.572511164774319,4.282915305270561,0.0301370884939016
4.129877733227183,1.982924747490736,2.3983868890470363,0.1712341178598966
1.56379664721685,3.081126705553453,3.094700488157428,0.0122454221050528
4.290763394685554,4.484041256228768,4.257533557859878,0.046045038527558
2.2944184474226947,2.8140709266726063,4.739916772072242,0.0188443378826845
3.019240227419598,3.0552095591367068,1.863587209217548,0.0764444569263934
2.9074497861545168,1.779643365644624,4.547563623528781,0.0498716880413114
1.4250260539695565,3.229774924832612,3.8753219623942097,0.0077465253726093
2.9660794347836283,4.991516425302026,1.0888089811273485,0.0772898995235745
4.507127897935719,1.632294672136731,4.322760353268311,0.1374616105444906
4.446362667863196,2.8675915156862124,4.319505113981919,0.0762078787532157
3.473716673498647,3.5922993163631043,3.204263959121908,0.0500529146607938
4.762878075018852,2.3954637737138,4.474678781138763,0.101048260709768
3.0623103100591846,4.505897930031237,3.0120361866713976,0.0329912100291751
2.010650698766655,1.7449960018949122,1.0535015836556347,0.1049989643842228
3.594569000213812,2.802286810752037,1.4019940323455111,0.1570277065816554
1.69610165381691,4.637501008144013,2.8759501953159794,0.0102986373100808
3.53061154712591,3.5412163182361773,1.0125346313134167,0.1659888507124595
3.114724052843361,3.656995365684249,2.9463497743524267,0.0429904337608077
3.7851065425825103,4.276563802266361,1.562412341015753,0.1023780815160159
4.289050155736877,3.21922010910469,4.679741271226211,0.0583030294253098
1.185865267012686,1.8410193951932192,2.1166435660840985,0.0172308217594365
3.745610792983832,1.4619171004000964,4.514043925181851,0.1015075054120821
3.758481977577149,4.047889425014041,2.698565324603786,0.0617454207637721
3.522151232303467,1.9672977757590684,4.954841919430065,0.0607655567409247
2.5994205067860787,2.238902724590842,1.4827518609889925,0.0971831037888076
4.775082496593174,3.743574098395412,2.9872045886964886,0.0973535388579698
1.9461865158194764,4.792147977719695,2.7669353153004828,0.0136389544226643
3.274261217466037,3.5794044506343705,2.2195295173004315,0.0644312171706475
4.112998602833109,4.94286640540169,2.162583491581773,0.0755625758756161
4.535127046849109,2.6316410794329173,3.1540181878910234,0.1183121786406654
2.6977813036122376,4.2914569238219205,2.8077761754764152,0.0288394932698609
4.81295159907176,1.7665425341518557,1.528270905116166,0.4096754420747897
1.5346234878797822,3.016891050782987,3.537948308946171,0.0105349858854309
2.5130503030749782,3.1986018264605103,3.1669788425472505,0.0297672289049764
4.909431944186457,3.0774735062382024,1.7253535332426857,0.2167361997594794
2.652867691464248,1.2167892302245211,4.913369913915017,0.056205361866929
4.336420997543842,4.632722964154852,3.947948192947681,0.049090390685145
3.60851173062661,3.3129406122152742,4.070508866934675,0.046103646152281
3.248720641860195,4.011431365618577,1.0937602513035656,0.1148536019308122
1.777254307108972,3.916862966794821,3.783876698205024,0.0101757208229199
4.685892283273308,3.0244639666681183,4.190330531063114,0.0827235745808047
1.1784230917136989,1.7697172923523912,4.080692902020713,0.0091813399397536
1.0679022305461348,1.511894210207803,2.244391281905587,0.0160466506097981
1.2643937537718286,3.865946622952879,4.24766194352468,0.004648365517849
1.1014712898663417,3.442071487297992,2.7791648794886963,0.0060555493934038
3.137956509017497,3.8519485068639305,1.669246193789886,0.0731196929771227
2.821607491805839,2.6479172106053754,1.60062572833323,0.0896892495312916
4.237749361227701,3.634507832092806,1.1148647233264857,0.2116138739616226
4.797459397212645,2.094631418439865,1.0651410318120256,0.4925488092230203
1.948941980854359,2.275478295701413,1.2456799780208805,0.0639823262566243
4.356950941596756,4.757845194951947,1.0459221602629518,0.1821365282607649
3.846725750612938,4.031237670620307,3.1613936330057526,0.055437911111314
2.1785650735777145,4.452009142950189,4.055443954825668,0.0125512797209096
2.302466945572765,3.657194368712463,3.2774479635302534,0.0211175896812984
3.028767389308724,3.989609884878934,1.5945380464981098,0.0688506286715092
2.259671260069249,2.6348894585023843,3.773796020396758,0.0245183414148408
3.880502681017554,2.724822833747784,4.573273753092883,0.0576968221150492
3.3383925119795204,1.8585713299550768,1.2908704322124698,0.2217962988611177
2.867459343953912,1.7031292371263589,3.0014064458876684,0.0768004047885218
4.951528937985515,3.468442674732207,1.7768768109969728,0.1899451411739591
2.7381096999680654,2.1746266468147044,1.6988899722711706,0.0968931590494406
4.820774649724318,4.993722520985076,4.6643929492848,0.047638218325032
4.397120277668401,3.191460419788067,3.643091514580346,0.0793996400296347
4.950490236193362,1.0137738452694456,1.2392040899340953,0.93143785071198
1.953569051253156,2.763541898581888,4.064537309802764,0.0162226482456121
3.324826657051531,4.105321708060794,4.246540071969143,0.0302758942630049
4.230965077943871,4.556272181327919,1.0922768220251349,0.1717425432116348
1.1599506234094117,1.5851621992639178,2.8253209800514374,0.0143442844859506
3.787482599789113,4.576507214920017,1.2308713007406702,0.1215894466221378
1.5337333920745446,4.902669044128713,3.3507441263383906,0.0068370269277048
4.223348838908962,1.3045681361246313,1.4653014457136728,0.4455141997989749
3.3804175850087668,3.0218815339165337,1.03699200215584,0.17411221847473
4.293637520514844,1.5483541399549683,3.643206503872973,0.1560407586043042
4.843687649143846,4.314257719487563,1.969581904013736,0.1318297762156293
1.7412346123631504,4.38163274775596,3.0258413757184,0.0109187730311875
3.6668135595551177,2.722143024675661,2.6167325369637,0.0901257245813092
3.949121359000889,4.702088535440264,1.0873519700368046,0.145640244281427
3.998971856334032,1.4128233695134993,1.6883015313837673,0.3201107046545797
4.145256415517727,3.33851292045487,1.215089081092331,0.2022474278293321
4.256955339382521,3.4631329875876733,3.7955184517877263,0.0658262777536987
1.0132589508666203,4.532760293383149,1.208788488970392,0.0089468306245226
2.4653359374776134,2.0098078814456577,1.2048650388577615,0.119839683017154
1.3894920511042956,2.1685119072678054,1.6967454484266509,0.0250538813056945
3.0608382939976253,2.9937085774774435,2.891714970953769,0.0516722239240258
4.802456891911012,1.0074519664387958,1.3636824624127586,0.8015502106357456
4.061177734885774,4.768978859354013,4.19466158270788,0.0393661600334589
1.5189371567211536,4.8412078131192775,2.162234981506227,0.0105236012474336
3.2762900616702497,1.250489305546688,2.4698759641657686,0.1659399479580384
4.812798548830431,2.3280566294040783,1.608754216622614,0.2952932469261732
1.5065208777003294,2.720446995473815,1.03355016673431,0.0385407237151582
4.6806050218719735,3.650522544215652,3.494579527597214,0.0819965182498023
4.9471522339802405,2.7511584268279594,3.8882843102551727,0.1092391526369304
1.6378373002415416,3.7039975986713793,3.581446333442179,0.0096550328820982
1.338695847879806,3.467164649369036,4.459603187581121,0.0055339411439041
3.298478247765014,3.0946598022671594,2.162940459026247,0.0776088337143713
2.730806324808375,2.369512261487909,3.389542889654023,0.0443325887787965
3.1309958627030205,1.0684521415961763,1.040716491955333,0.4209387074652386
1.251484238428238,3.608881723097562,1.503171898293627,0.0137851297503977
3.3291588946872723,2.739318883256149,4.1643583710192775,0.0463895058277008
1.1939581969136936,2.4362113466213664,1.2601421505347998,0.0221709921994892
1.7479903579797438,1.6192798867244529,4.627973995940076,0.0194673402823272
1.0939351398015025,1.785925479442354,3.699537389292263,0.0086479621160621
1.6891381832593249,3.3818083095449607,4.226396735960816,0.0095313078250955
2.2062891533765385,1.3672878083546052,3.243388035596478,0.0524091835897602
2.842731243163995,4.985535798876537,4.979179358495379,0.0155433054636697
2.003501763084151,4.747297206281588,4.805319593227594,0.0084014093429119
3.9913408094034506,4.283215098674978,3.495486442161694,0.0508044208237569
2.415690778348275,4.773845251475677,4.624878638266369,0.0126198848294924
2.832664656359333,1.8991996676970877,2.2657237943625117,0.0890336386889897
2.6979166847065086,1.8830491804753016,2.269549778304372,0.0813199454803631
3.408725425978353,1.2658493634885306,1.2531374320265458,0.3497395090787565
1.8402499887936343,2.137556010744727,3.5551142948778787,0.0212776647964312
1.2862902961288405,2.709477631269894,1.0697740237691202,0.0272547218938067
2.04282890053298,2.627305715495686,2.668750265738075,0.0284175626944522
4.35433437466622,1.8077695906531732,3.763754396002489,0.133051748414116
1.2168953737338215,4.046168517042515,1.25666451244265,0.013905434026187
3.0937767545430583,3.2926610499691544,1.584719781959044,0.0875830015689743
1.593579104907449,4.808552168536689,4.617533699543568,0.0054609001258239
3.520960982238594,4.0273362056036985,2.95849416291121,0.0496792702842886
