h,omega,kb,T,n
3.569999199264488,1.1528012807495245,4.284545111335774,1.921760527381896,12.077381296317656
3.822466051866547,2.503136368139564,3.5670616710063863,2.840912530968416,6.167091127453223
3.096774830119432,4.866913859634124,4.961044130270176,1.8150179886953528,3.275968995332113
2.022113158621967,3.344433247381989,1.5167188184509364,4.237040403812786,5.484572496630577
1.5500694005929954,4.36014323046372,2.7009178965364766,4.467464667611364,10.7250414587591
1.774804728572661,1.260099234039179,3.3246944584752014,3.304483086978672,30.368661756873102
1.6764730248637827,4.1047675625829765,3.032721833131937,3.302479198681887,8.653767489102625
2.3515653037855517,1.235446588590543,3.768626290085231,3.050180541645106,24.363715195395827
3.4832928575060658,2.78391222736396,1.461258711778974,3.762827723104009,3.086031607137255
3.891819510771933,1.859987558536881,2.3075297123006817,4.300857057733845,8.123960892636337
1.110354958058879,3.574739025692559,1.4152608781608342,1.5878954143739028,3.0807895596838715
2.5840854769054222,4.537086017280928,4.023816376784696,2.387080273540533,4.66373565862875
4.862754802903079,3.8577990480323465,1.6606350411696345,4.939154873732043,2.2774324757283395
2.817212583171924,4.473806424029064,4.961386632482855,4.633026009822711,10.966380841906249
2.210231633103519,4.918631112362045,1.9685047315888733,1.4779736201412716,1.2307846461015155
3.492843058994831,1.216109769180047,2.250560231767264,2.324819559518295,7.250175400356286
3.23263399967858,1.0713578965797974,4.223106153862625,4.707196014624774,35.56706997221539
1.0138383090324457,3.000454199687156,1.3530243074209918,1.2633795474161915,3.054293548832378
4.136763769091694,1.4650998787290963,3.5241380208240405,4.085088588545965,14.430306961328704
1.5969023627822605,3.4729661886775305,4.361702560945743,4.07634996811205,19.647336580823225
2.151501252368496,2.304845423910856,4.357025015464952,4.537050396374326,24.550580813880888
4.982770147873207,4.928619284991278,4.701335594182996,2.858601167795657,2.9626189976314774
3.30345980216292,3.274354707277108,3.770713845185647,1.565863730709013,2.9540143630707987
1.4674745474534614,2.1880161258673616,1.8425520491166711,1.2814052824775088,4.138267936034371
4.320363885165175,1.832264279045113,1.381030869701572,3.672138401530682,3.5459405610869354
2.9007606844302214,4.038226947064061,1.7205240547187124,1.0519929176625409,0.5552022855155371
1.809146909022865,3.836601741190519,4.76059403581117,4.791573091484787,20.15301442145433
2.5587800829222127,1.2737670270736046,1.6975194871876975,3.995635860845044,12.58185065695944
2.6921809920738,3.770847261499032,3.7846047709797497,2.463919420238408,5.285865348082692
3.7859379575239616,1.2815021167275795,2.5466060312213723,1.1470406587664854,3.304927265466829
1.9814200271476667,1.1312449703709322,1.9218310467174573,3.576273841848813,18.77037284686359
4.990632002273904,1.002325130789521,4.246717636543755,3.736984469767057,19.43799336445622
2.4984043546588723,1.9483449382638325,2.829217365417628,1.241517109395144,4.052248321955156
2.0829999685029272,1.3637698985367024,1.6173292473862109,1.6853190508684035,5.542605101802639
1.9810437187177248,4.833339051558058,2.875696771788598,3.588138586424143,6.283272289185276
3.545317834104498,4.859572381969256,3.8951511555811393,4.979701050659327,6.58560018555088
2.9769779755084107,4.683203343618217,4.692126291646179,3.0907454318415404,6.048476322555861
3.2987636134122167,1.1070864326492722,3.2518434714140243,1.183520847089402,6.134024265110259
1.1705691083943837,2.209071594192876,3.05438890185208,4.062534289233973,29.653254999303204
1.158174498230696,1.153175251029908,1.9243976172596196,3.8639501217644057,34.48375744515405
1.620854856851516,1.971693491893662,3.1942935123008955,1.343330295671827,7.94621351684734
3.40344683825249,3.462726338818953,4.967535101290853,1.4897265918249918,3.466491843987718
3.8687358276326416,2.428220982980084,2.919645288490555,1.0142414281784249,1.5224848211316024
4.435177510871933,2.115422308020286,3.503331423217863,1.4545472117548317,2.9369488747234973
3.767218567065163,1.4985939790205616,2.5672960214155784,2.395174539258372,6.355828552898582
3.5689531893680244,1.349130622470326,2.382197037978634,2.0208397713000106,5.795211393068809
2.5995095103693555,1.1370741305210754,1.5531410736882931,4.185039750844757,13.322916637592522
1.8684427157452173,4.299895576126374,2.2715174119450907,4.802835098432864,8.041864430983948
3.944886879861437,1.76469843706409,3.770328819819434,1.2781859587458857,3.868729660521873
1.837014535958605,3.37003360601221,1.0063990743946474,1.278428703677779,0.86901157340805
3.852741597123374,3.097610816705526,1.3904694215125213,2.4349625219281688,1.329036674412064
3.537026014133028,3.94877718488931,2.10993121870086,3.9503156566096775,3.2717480239941423
3.5318057972448345,1.1309005755404486,4.699858227611125,1.321641012405828,9.279929068469556
2.964919445509142,1.0180117516341438,4.182223153557151,1.2913378662238395,10.749869215994318
3.0251867365329344,4.805049296228144,2.9253880966829877,4.719899537878376,5.482193512790991
4.9968820045050695,2.5011543106344902,1.1657707704213056,3.548207681173862,1.619436834962568
2.642265641406998,3.927798333386185,4.437766930593208,4.291411141402051,11.036948456905794
4.530251710261783,4.604393263813121,1.5361020434975503,3.5656316053859007,1.2000427453718174
2.4472751736788503,4.383378970074314,1.5586933678475825,2.242043858850398,1.5874334236494043
1.1424901116070627,4.862023041326912,4.85733433915216,4.953138679206653,26.7168434629891
4.274696821310242,2.3450655073829787,2.4418549205621547,3.0888075583511942,4.245100588126123
3.857843459903355,4.8862568878708,2.610125246191674,1.3561341553394697,0.7496392248182085
3.629436313448678,2.52289601174178,2.18694100415384,4.81496912813955,6.737096107544102
2.7757305537406736,4.133523670207364,2.4207863607657134,4.600630182571836,5.61261932709495
3.734664561681669,4.599674093442781,3.199276096613048,4.563349909444822,4.855540495391895
1.790213656375125,4.184477441852315,2.028164011153226,2.33796484531146,3.498106940694616
4.172513526753649,1.3420410302338155,1.6732981549768553,3.6942901936955255,6.448195012318055
2.88718365411141,2.501694886072481,2.532436608100193,4.335666790279703,9.060091599882256
3.177280340460768,1.607995014741756,2.754859181890156,3.0665176842172355,9.89727741870149
3.891888112409704,1.3686009131909804,1.5918112587088018,1.946667395722471,3.178094629846504
4.616721673077299,4.244539616246699,3.276918829571603,3.143863267601448,2.82846544876618
3.667340933933573,3.998224079037284,4.734737671692234,3.1133380197488,5.829791209237077
3.507100572675608,4.315556407031561,4.207477332076831,1.5724215954883136,2.2768125461802597
2.807849996120041,3.96673961619773,1.9277909262936048,2.4485662665318597,2.194055498243958
4.012440643976531,1.047812679702048,4.878133459267238,1.165299276817648,8.005107718333981
1.255223187017303,2.9856684017972435,1.4877176907123726,4.259759168532657,10.13269476824985
4.839556125547375,2.496121781818568,3.8713752113788846,2.323964046522345,4.197335266673966
2.845481035571143,2.038396972696105,4.269464438718106,2.413024208327828,10.667627725826296
4.258606006984578,3.703740932624082,4.626006249941155,4.502124809550926,7.8065540409468515
2.96054367410896,4.861077912803825,2.301407172896566,4.557869742928246,4.097820421092797
2.736029882419026,3.7690683192169137,4.903462794461992,3.508173808775217,9.989101317132478
2.18399236897834,3.4625489649289127,3.253105084099965,2.758627896366001,6.967484384252862
3.0801970893503725,3.1037561294775347,3.923378586894352,4.722592578969706,11.684239648099863
1.2891583759046998,1.678723791908459,2.986009382467691,4.948541718693125,42.40248179761448
1.37789819373722,3.2171364431395624,2.8849719124409607,2.794224086947445,10.933341250963096
1.0666666982371047,2.3572581669238866,4.665158601015692,1.936002560440868,22.07290044048636
2.407382373210749,4.189003571287737,2.3925100694001933,2.527308660802553,3.289445258279536
2.1935126078306744,2.9811128411669428,1.361806591192101,3.909663151085728,4.632108787808462
4.13533152629763,1.9928767041773865,4.832788655913652,3.825393973746384,13.600846818790082
1.780027422347684,1.2438230366450895,4.529924202905883,3.668765569519817,46.66520712995224
4.648567433156901,4.279802876315343,2.413192563317374,2.354479040541296,1.3406203286459342
1.251290711060796,2.134687694892162,1.240080401530235,4.102051494220053,11.472667469857956
3.845966922120617,2.119669501143348,3.6420537539020064,2.817452501080652,7.419307317785869
1.978569946398148,3.3941500275975214,4.38799060400077,2.1255423214040663,8.235902407773697
4.284752351413303,4.2250398994908105,1.537514851055937,3.784046749553005,1.5603929584876095
2.0536223980032178,2.421568400585209,4.288789883474537,4.569654448811344,24.265077173939797
3.3886480207894216,2.827782694589561,4.31448110918771,2.262269811614209,5.913021024100916
2.4391354655710704,3.661458824766661,3.5432176803332545,2.821659182837747,6.545678613629978
2.467511493341328,1.2511123457153657,3.00400945151339,1.8702288870313295,10.941872501408092
2.630041414607623,3.1775277314877584,1.2405939483343396,1.1914039470259454,0.6852592397583601
3.321234678325704,4.434226247986416,3.039964069407213,1.2826597036497382,1.2133687162883335
2.070132597807777,3.910677079781151,2.9865945771573004,4.102056922579404,9.01716824495117
4.992873399643519,4.132485021167589,4.96747073743741,1.0310539035714954,1.1127445049133842
3.276659125357816,2.567702630594735,2.219465252035685,3.487065998860899,5.294205338780977
3.951844282838487,2.652572068857746,3.669379935985319,3.479820003850836,7.164424382258249
3.5962971006911864,4.608046028114268,2.779296462703143,2.3481906811979725,2.008019616503824
2.375388164709218,1.4338377073742437,2.035922972896325,1.2054795692871942,4.045974367794749
3.4414187766283426,2.645229010479832,3.71125198520014,4.618677497791186,11.337925581414906
2.4811773463602345,1.3417447493728458,3.4801581991550004,2.0217198988776595,12.78548150719704
1.1413354947498893,2.595637491119348,3.4112411690897857,3.8333350164928417,27.23695331260795
2.6780771663398544,1.0486659291700389,4.36735067108615,3.47266724731126,33.43378403670718
4.373987593466159,1.5386489502363725,4.933804824488588,1.697524228288727,7.32982588776677
3.062870975561063,2.2808960932326405,2.541314147711303,2.6083568252054823,5.475683942760016
2.6535807914160965,4.353858892067654,4.405257205485638,1.1617313417559516,2.313113878040915
1.6497203233345965,2.346446736134542,1.9359901146873968,1.7246187372044122,4.934816319147391
2.4159725195842614,3.698802047934104,1.743726883390702,3.820812476617931,4.202251296236365
1.721148264383987,2.3344644984421654,1.663431012044235,1.7453099524027942,4.058296990162265
3.75675482797469,2.528493186022483,2.352286908604524,3.87806282161824,5.547874360364797
2.400066640039284,4.096838071754968,2.4556222685744453,3.005948241195141,4.234490574491328
1.8289667811364556,2.116405448740488,2.026222397734973,3.853534663186052,12.180803678702205
4.809057780212243,2.215431753835716,3.2349710962631786,1.5380500188911852,2.462630506822758
3.244320146950797,2.736349560116299,1.043685752265886,4.10374826864134,2.5587836654101697
3.1620003663379896,2.571764961048858,3.984328395823744,4.774171763663222,14.203046832548978
3.127705546416213,3.5208390794544706,4.80848305858962,4.87727069894684,12.887356877603462
4.973058650272912,4.42732479159598,4.706994453321279,1.949284229276691,2.150135652793309
4.727522337345189,1.679781886440126,4.3550998032003445,2.1230292206920662,6.826945882082749
2.3649752645715023,3.2353733439606693,4.195057962269091,3.017365595108448,9.902304381774284
2.6501261646906804,3.210411455193924,1.1978035464481658,4.727863986265339,3.702091354723829
4.602591510905378,4.446963181546643,1.9701423349303373,2.507790309624905,1.071260081930195
4.309043456946197,2.1679083122406464,1.2911125445944585,1.8398508118535692,1.149554943448231
2.485297571823317,1.4957213963098046,3.13472826664693,2.464671800139739,12.565375887499536
1.2925136708812532,1.4783195729550238,3.4136558274002757,1.520600862429076,16.574010842367223
1.3376713388711088,1.4003025684637609,1.9073750495505173,3.3055693117058507,20.65299317584959
1.7182865470642086,1.0395337747889029,4.709018668120974,3.637339579687239,59.751783139571046
4.980855122813567,1.4906944542728469,1.949907394352098,1.6591764656300687,2.268121776387076
2.5967241757505697,4.481093605671104,4.277628538931003,4.481556717219462,9.859518394414412
3.8367891714591305,1.769025587795384,4.054100113406641,2.7159554731613347,9.7010079276287
1.2749888972926366,4.532150721552423,3.3127842099150606,4.664876951096881,16.308563844418366
3.8768526441495874,4.91990481745777,3.0077663642505046,2.363987772459394,1.877720441223337
2.537211066350024,3.190221318780521,1.7163643855373074,3.5331638036263957,4.225031254485374
4.513661675571555,4.093480835075676,3.8343084323977057,2.3959031004429185,2.6506538139908744
4.0904631544394086,3.572235267816318,1.4482910197402337,1.8008535131179948,0.69484440439349
2.787758654326106,4.252160757619047,3.899867681947689,2.3418330160800465,4.358043397270638
2.925591180612645,3.389344548568165,3.89328768246066,4.019523994639253,9.424519158373164
2.5568259329687013,1.7933249546695795,1.723898821113626,4.259625039534035,9.57070993784662
3.179875090386848,2.22718584275955,1.4405287070419086,4.921368885649743,5.802817221748507
2.754137591229388,4.961754871899246,4.129552768383714,4.188560776811961,7.46339846679254
4.3579670101763694,4.044577643877336,1.0783453758201622,3.051516291797113,0.7431927034601163
2.5119002820167635,2.5690032645108496,4.838839020905745,1.2354352251877287,5.334993042763325
3.5920542304513,2.7689087755643067,3.787034950195274,1.3923997877252878,2.8561091621883823
2.125568849872274,4.266351824118553,4.46650749004074,3.0536689399204997,8.958952234282929
3.166290068563874,2.406555781786478,1.760496797952506,3.6899186128218777,4.872099484156749
1.4701632053639768,2.665115192204981,2.157157437175408,1.5652859020501468,4.9300746352947815
3.332836451994857,1.6931536807039231,3.694785000495596,1.467127863657025,5.549486262273677
2.302022231977701,4.99402522654651,2.1576535908687617,1.3740911490594463,1.1714847894779703
2.895604625355072,4.173402967214393,3.744504970707512,2.5073840934697658,4.398696768020889
3.038537828621297,4.846062109678434,3.687002752693047,2.7554296659218456,3.854205699795448
2.5160997535500567,2.696104771769877,2.914850604839132,2.442609585588515,6.107188532640602
2.255732119060176,1.6744470670209926,1.8755511243985896,1.3561507657036147,3.7508208755349393
2.28869174121896,1.023585137498491,2.7055823855325807,2.786449817450731,19.72409473467145
1.3455291318118263,2.3977358149380703,4.611674624981305,4.326104551472355,38.35662483722127
4.063785936287475,2.3765878683401573,3.232999147192745,2.1890450560786463,4.122298714535441
2.77111681290214,2.925068269840112,4.293942587212356,3.8235025182877194,12.23297881736027
2.429107527522863,1.598247172613434,1.833335320342781,1.9748641593143712,5.373819447632632
1.120574845316101,1.8798318605063609,4.7381248090702535,4.200047748858857,58.85960316737351
4.182812320519233,1.8617138387849157,2.0927176807831422,1.7665432988027927,2.510749437761941
3.598192512828888,1.9654613631612663,4.273790628615559,1.308147847861188,4.48384444328188
3.8003217161135536,1.59923113688598,3.8973905856678903,2.259050116414672,8.611388875175322
4.918182163697521,2.309057669110833,1.4576773143109585,3.396467813486589,2.26959028556296
2.273767731147785,3.132885362522144,2.825711623731151,2.267953021375082,5.167372495757716
2.701952998997851,4.122416436849752,2.3243654560930915,3.1794200359655447,3.688689193096271
4.296531381681718,2.7088430491665587,4.972719987196301,1.6916107657159771,4.059555000153541
2.7422878551197214,4.411213232957395,4.103122949772823,3.1962611920709887,6.324086909812912
2.1045234420002497,2.4562679904131506,1.2555138232814662,3.2484699893444957,4.474161494131087
2.852717724187771,4.586478244354142,3.0828719536132123,4.284955508124961,5.8568440336444505
2.7683125201008605,4.420174578975832,1.0375166334723231,3.891547897188447,1.6132478895380622
2.7969330123425795,3.363458724188408,2.986445211636623,2.1260871556464176,3.760427579188269
4.630479882418104,1.773364748128834,1.309817595008519,2.1474759783821757,1.6908413450609865
1.3260614434606004,4.202011269071392,1.4156250203874348,2.7148459904783766,3.852848434142974
3.312659614931164,4.668423007266521,4.085909315980008,2.6582407444043272,3.931684945929092
2.237967105198654,3.808050352496961,4.723370246277028,3.288556554644121,10.959261397201717
3.0836222205519204,2.2928993035793024,1.5955746930087766,2.918601730659364,3.658452831801326
4.223735936044769,2.6418529065399974,4.4981018529020975,2.3897195822685684,5.566483325742065
3.228407478545084,3.2017895350015886,2.350272138373244,2.130647959920906,2.571215625729146
3.983680561693229,2.250697755441612,1.6941452408631523,1.8517424342603055,1.7361896481545207
1.296579379706169,2.370931550638596,3.7568493131529976,1.9902307123521168,14.787760307087098
3.9483798948244697,3.6739142643385194,3.2266787378664987,4.392286278914049,5.65229552913335
1.7355460952075292,1.2170984726447367,1.6098348548925707,4.447783381499037,20.802115059742917
3.831035624517996,3.995297331321484,2.873451030043217,4.464474437643928,4.781910291070518
3.6643603270660736,1.9458244112115235,4.197809242621018,3.8691551186217663,13.818367715740232
3.165424680105677,3.7073190064203576,3.54485880678886,2.3219103001817136,3.92578454563022
1.7271233320585933,1.88911225591348,3.7510832280540503,4.868483993313001,34.6704932374537
4.755100126487816,3.7005042979440814,4.032204362631907,4.616816566684683,6.159818931381773
1.0795282366508658,2.952106387976448,2.219718984656537,2.012681309541925,8.317652776379495
3.9041639110737023,3.850366860094879,4.324287982167913,2.345782869334061,3.759502540506268
3.170669037274326,2.2945506893965435,3.410298634336456,1.3646209596062633,3.539876832637146
2.206246898979056,1.2608286652593963,4.4496227324980016,4.87343654037544,48.482762236023554
1.3335754778041498,2.887843883621528,4.613261843780311,2.260920368907253,16.521854820329636
2.333103173900503,1.3467122803506424,3.629254471589781,3.8708780621273577,27.59595952195193
2.4546734639253907,1.906392078737492,2.4129778780300954,3.13595235998289,9.66827101175802
3.552258060994032,2.589311359669453,4.690547129783846,3.6250903486754513,11.122553507047542
4.1900359811662895,3.314680385111658,2.2954165203129326,4.285273062520565,3.968715446196642
2.185394414239707,1.941813623860836,4.983159860953943,1.829973148253206,13.00798270767557
4.258208264306388,4.914976534927723,4.076547861587208,2.354954211366512,2.410939752841928
2.5731998637382816,1.3042246131675932,1.610797085609566,4.704144491594126,13.692379601282523
4.976779687638521,1.3521388384192727,3.923207405692279,3.716567896543201,13.120363693380954
1.0037518006766288,1.9438881734622848,1.201783841773791,1.3222490945610643,4.633351279425352
1.637804133653156,2.0683455218637223,1.5486693460958545,4.053714146695057,11.151274879093323
4.391636576435929,1.0501890967203558,4.82713675452534,4.64700745123453,30.06241664101036
4.294063624098114,2.3577559472096765,3.1135867312160603,1.856852780507142,3.1111836528204035
3.8848094831990383,2.254030594288962,3.427759710520644,2.428293132761223,5.486523977017278
4.495237905342881,4.200980351311813,4.429738384032563,1.062429645991552,1.118727120397747
4.869250211692823,2.4374049694108497,4.367917503394184,2.0708357226777827,4.306007367955126
2.3001327390876622,3.535773713964875,3.123241804327897,4.993667936721806,11.556380425802269
3.458878142513944,3.973370963495976,1.3832691968928414,4.889241788473074,2.618863670797964
3.5779935150736084,2.13763559312338,4.477771328553578,3.7869969389875457,13.43637921409678
2.0679091397709866,3.978377034236996,3.780626486298289,1.0277467845808026,2.49554014919806
3.043988055149538,1.756412455205115,1.3389663579252185,1.480212001035861,1.864853554590401
2.8333329617692966,1.719734388193909,2.9500091239737745,1.756603468689423,6.194643313232188
2.926856470895073,3.065287742177339,1.5347291072600018,4.937078652685802,4.822204487961823
1.9249907490114613,1.5866072517264622,3.824677904690312,4.729486807605707,36.71489567175654
4.569476159641178,2.1390906273432653,2.2638082629471024,3.459515012507298,4.550842652182678
1.1890769958181258,4.492023255505433,1.8990887651978536,3.5672669362338403,7.479544997927356
3.887453397124325,1.9116681286014887,4.124631117617023,3.602780557427955,12.070550166787667
1.963679950756887,3.421040812188824,4.484330448105592,3.959920918421438,16.113693732105535
4.463520902745845,3.416700660621704,3.5826265989146764,3.1848475036484505,4.2186626969079
1.007071028097839,4.385049948224278,2.232894940948417,4.744161067498133,14.577599767129955
4.70166930927104,4.3333413601598325,4.242187418381837,2.9391004441562445,3.3667616600947827
3.5905048269556827,2.8600361350290515,4.839512884632901,4.5327417865869215,12.928153423674988
1.86306439719307,4.481159438317979,3.406156563459824,3.934055626163036,9.593048413911324
4.194994644150422,3.9925719121254697,2.7186459049276346,3.2160961903487557,2.805393777823297
2.3401640385082985,4.473047342661795,2.587107061636447,2.8182406498356607,3.89548055347257
4.044833944929943,1.855738273538095,3.064163383347818,2.0543258075090893,4.784993641788963
4.557215100399935,2.819889371407159,1.8787391437624383,2.4988781016221693,1.831597702808828
3.5761925116962217,4.18885719905733,4.7535711861841285,3.3591886944788127,6.210016389408566
3.9271004047516462,3.5912732499875912,3.6039063645594194,2.8548897791443237,4.101929786589338
2.121163203637424,3.781107255357039,3.8920378566521214,3.876191999815184,11.325734213999826
4.653479086031038,3.755811141744138,3.233383770827686,2.0091308048544523,1.8709876032015964
2.1985519719719515,4.412048798066044,4.884845589477696,1.2329071557392672,3.42241093664612
4.553236061410956,1.9394409277450868,1.277291247450251,1.0180001921625217,0.513535886528847
4.218886995480469,3.739199804398432,4.308834063304344,4.978649618213908,8.054014453767808
3.4340570790077085,2.23930666251073,1.7993138111418627,4.755087754537165,6.502673922615793
1.7788997745444628,3.8739404584839945,4.429759777539378,2.7445269417018747,10.592195857197574
1.244553480344288,4.743222442052281,1.495517920229679,4.503298700559134,6.679905267538636
1.453591533591299,1.5246198047731505,3.743932883061951,2.608511221207064,27.191335045125985
3.6236954193709376,1.708901061996451,1.5304206931324829,4.785609433659474,6.942417309575593
2.9078071550618394,1.1203515122789236,3.621923181487385,2.637748998666855,17.930590146452666
2.4493879359009245,3.3294249062056345,4.73220548126755,3.735103156587568,13.124304821689492
3.8823286373258488,1.3359350008860202,2.0922666329873247,4.7775550591494245,11.61634639398875
4.3595550470049815,2.1256269798299563,2.721093402613343,2.9407839903692805,4.941068335356991
2.229881969222677,3.8157775850332007,4.158063412073771,4.528494817051431,13.410638256741263
2.55471748392356,3.335155007357956,4.026405578650425,4.611478059085025,13.198455708421267
2.862780945517792,3.5489243524057987,1.2767723602599852,4.174754348407674,2.821637654896029
1.5993716269407492,3.9120204778586944,4.263284743701715,1.5681398133782865,6.226054636812745
1.7145524243334536,1.2584811250881454,4.982060857270312,4.026458250998406,57.915113973314014
2.4314619457243025,2.577180017166972,1.7226432474195108,4.302602929826021,6.943013746221502
4.270352794413444,1.6688853070301015,2.39910625868729,2.391471832564559,4.574761438922816
2.521038818592624,2.8522628074161327,4.588922446605839,3.9175072867349865,15.213682094500305
1.561025627671846,1.8907680039332584,1.7240684983791383,1.2807791029680686,4.218390833829434
1.1242515074846335,1.8206812059571496,2.710738176141164,3.4708072319485583,28.383108692496343
3.9304044691068447,2.7990459816541,4.2880107055431935,2.053771789603291,4.546240649155635
4.559332619939863,4.499718783802147,4.513541661905865,4.135596396022784,5.231314657185643
3.557303266502672,2.474255125469217,4.107169010587203,3.039038141417957,8.419668900760819
4.019706607545475,3.746752584811154,3.9008772866465486,3.5326466716297062,5.263496939367826
3.5779536288305067,4.2786734753287625,1.5394085260329122,4.82314516728627,2.5746326027534194
3.5613777294615248,1.923142907277672,2.809390893158086,3.884330050806127,9.519348263775742
4.624339576614647,4.177946408288978,2.7045371922288024,4.372187460760969,3.36720057825944
1.9486866197877115,4.653609248876624,4.94042866097935,3.4442011877246808,11.29672247983277
3.794804449922329,4.317810713076481,2.1023750897637243,4.898342957680791,3.470071956397685
1.6450083867633625,2.9818436942095805,3.5219724671151296,3.2830169776474327,14.316679911779362
1.4514424522838203,2.5981049786124437,1.8170562567971609,4.219168187147912,12.280277569679184
3.357499129079656,2.306255329645543,3.24388637698434,3.9132539875215686,9.80863484244212
4.741711344489222,2.628755538348541,3.261584456650647,4.598186954094862,7.070811365457133
4.512645982528767,1.0842200788875045,3.618545033691895,4.9063622396865885,22.3031248268278
2.791454124138517,2.9893211470870638,3.095918974537415,4.616944689466317,10.270437265482355
4.774995468466314,2.22070587197791,1.3016367638543938,1.6713104527415483,0.8530381592107207
1.9090195460445532,4.850634060884533,1.914068351392765,3.165745513937726,3.631787296991564
1.1530210170846438,1.9209197109925455,1.9597488994519447,1.226615046979858,6.331552709319071
3.140518166901405,2.943719763689804,2.8791790379886746,3.5890339610235213,6.534953235830562
3.923046069389788,3.031151116372747,3.8210379465329103,3.015094687122284,5.601074065736032
2.5779209403308125,3.804173909769639,3.0661380460244536,1.481342949875888,2.438608821577278
4.655159174664534,4.636101124335509,2.4201786206396294,1.3451039362054216,0.5340919152534875
1.2712420267286242,2.500783401506133,4.391313690225818,2.1450683881187693,18.12153828950004
3.835465853005545,1.0215263795478196,4.579378696774821,1.3429667045393012,9.370878872273146
2.594271413290017,2.7639643004228294,3.7985388766005945,4.5320475454664,14.590445631104432
4.551089575480488,4.276271921514441,4.494778327766131,2.633452041997764,3.343272845528257
4.728189970941729,2.141545385597011,4.733789118475006,4.805762025910152,13.622461378154936
2.3983346422957648,3.9511851667862574,3.418816199719403,4.626909763931417,9.996350020870237
4.306479667705939,2.4466436701312646,1.9288867011647757,3.013992186190445,2.990858153429374
1.4689799787176172,3.8562605068602913,3.948237157313022,1.2790662691179469,5.11623482943302
3.009844283809224,3.858676685826325,4.010440087538063,4.580499266333122,9.446459538667773
4.968327036861568,4.77436362467656,4.492992525430691,2.125782255414511,2.062784506920462
3.926372147715061,4.435433822140544,2.929077543233749,1.8584023280920292,1.506166021989456
4.87375064963987,2.503239009988941,3.413500658007221,2.1260382998805283,3.2598052121472385
4.467325279047239,4.5755276839345935,4.330456306746507,3.5910280373197367,4.2975928434398485
2.903445040024584,2.5609708091396173,2.644896226473654,4.75746257227234,10.14058736795215
2.558940402235625,4.574241189220841,3.587365438365574,2.064492140004837,3.496419004963082
4.770493479024919,2.1645692609406497,4.054234680528635,1.442510013312472,3.0819347649064683
3.446283923050737,2.984003134027506,3.825299583286847,3.6998659752562375,8.15694389574086
4.653879991355135,4.188544072688218,4.831247759230105,3.465320750910684,4.911836217077379
2.8551235471814747,1.5254060978279376,1.6898576566395365,3.32272825149644,7.610833363074714
1.9897168131731564,4.772060224059603,2.160470035875001,3.803303547417507,4.95272525610917
1.4032470216768744,1.245430914164353,2.458160731828705,2.7104298973340963,23.45728622739621
2.819754047161804,2.814324753939289,3.65332177583006,4.925601672786497,13.75344612356186
4.433484785261049,4.283814146993283,3.9186553528697927,4.4417521311559245,5.272779488437053
4.575143279974789,4.960992131241634,2.6406561416486016,3.237477938597218,1.9017102848145893
2.784410211864235,4.708912858210673,3.377891377662563,3.9960605559761375,5.98138012378317
1.0329535508483856,2.594109445086687,3.105421268668054,2.572124838979736,18.23382679280575
1.0267840055137911,1.3707705721793784,3.061557458524923,2.089723581723379,28.063513265252123
1.1740717601480788,4.459261008829811,1.4643217530726496,2.0136577519033203,3.062224000955872
3.742916919679815,1.7491883948413984,4.238319018569773,4.653051279050835,18.43065297932932
2.095055435424752,3.7307188792623056,2.9444629957454,3.8476321568964655,8.61648663142324
4.162802600825176,1.1784464386385327,2.61253193690244,1.121165544352381,3.273778124930252
3.939211815371503,4.829922980394861,3.159889730557762,4.909896945233835,4.639847424341748
1.2493048423122204,1.6416509361907234,1.320148396895259,4.9374593294945335,19.473200238259384
3.434099554123514,4.627710670332999,2.657119716393669,3.2926952477267664,2.983160166329152
3.84695135116257,3.788163826380145,1.2361172626462975,3.1227087813496848,1.214049939778823
4.968483555565983,2.125497914457604,4.186295937953745,2.337580273171544,5.336568430725228
2.271140544908641,1.2849153128618278,2.156142556406718,3.5259015430660967,15.873595386593852
2.7409606973383704,2.056411906909132,1.1616887957038036,3.416011632502227,3.9424247859673223
1.3795985982011605,1.9049007807271583,4.617413227568213,3.4386900896701604,37.46397305871747
1.6968696193341466,1.4130915858747637,2.454824418768625,4.560310700835493,28.837155759539144
2.8115576210142903,1.9877609876699824,1.1433501485553403,2.094319624531797,2.2229822461224247
4.304243227246999,4.303874135999585,3.1577792202779005,4.594034063484214,4.437314089735372
2.392436320292255,3.842483310985173,3.877156225287852,3.0600158430498188,7.619221210779675
3.374754746182179,2.408674808035104,2.6085339269859458,3.434826696502099,6.437682532871945
4.241387779615014,1.4783988335540887,3.3594963788360133,1.6399947891889153,5.03582162325499
2.9690979126341004,2.510606226331987,3.169705938797207,2.357407841967836,5.811628301513554
4.590410807021058,1.1752235725647888,1.0057885490682046,3.650139104345928,3.795335887336812
1.3327495131170646,1.4988558202927362,1.8501677473608047,3.548216956331813,20.152737296111763
3.7819336512635,4.4137918125547175,3.21738773570178,2.3290697010157237,2.3500732194363323
1.1116371426559568,2.661178815423395,2.7439498891011533,1.878496559921568,10.455473461417585
4.7906049417186685,2.755351453234879,1.6319577457393382,3.0837958495418665,1.930245882119
4.890126903989218,3.758149030185241,4.815977818194591,3.653182365784229,5.528929947969758
2.8517217161638566,3.699052907959053,1.9405401740384067,2.3285059724822568,2.222315880471411
3.248726150029491,2.049003542187825,3.9193909791805424,3.770305111224449,13.454205259556485
2.9902749464923497,2.0116428349063065,2.557209782665898,2.363050279030649,5.825054723646651
2.1349051639342544,1.4155923475079275,4.277884743168834,3.877245870055,33.98624659511507
1.0259309844386428,2.7387568865902643,2.5014693858160237,3.8763546676105656,21.18722089684728
2.412522500038349,1.9882643550879493,4.287324014027098,4.042599733051967,22.206574797524343
2.1456278938199445,1.5086363050153566,1.2491556533955364,1.5964700210313565,3.3924599163698934
4.240022575290785,3.807354294818335,4.139634206334442,1.1250652047137009,1.358449116115938
3.58206501387602,3.8425202850141087,3.1846768807153314,4.924029709412134,6.670042698899187
1.2340617626921744,2.198206827095966,4.560264346718827,3.1337838889956804,32.602935834826745
4.343346690389998,2.12487742437827,4.493136249084328,4.213247547098169,12.39454026284982
1.1000803934723224,1.3742863579599152,1.0531161788222256,4.91527502679996,21.01693981569065
3.0896173851443423,3.0438384912567518,1.5239651155852108,1.1792193928742396,0.7692851155544727
4.919077066405079,2.6140110229471403,2.2074890531103795,4.926718249693311,4.829960061675566
4.162898217018666,3.749729771954323,4.60123997137959,1.6875736742812042,2.652132915974731
4.971221171173893,1.7418799459061516,4.086677209400982,3.9593047936120978,11.247630645178209
3.1078555976868123,1.7916263597607092,1.4982654922979686,4.741053019251783,7.525977950960754
2.227089148296521,3.74112874960538,1.7386197702028747,3.742537443579297,4.423906865147247
4.733905173256492,3.61016447549126,1.1291379421152814,3.847116376993832,1.148881537169206
2.850038289110676,1.1875633250659925,2.427657882380522,3.91237200106452,17.13666290872942
3.2327849087074374,2.6478775101680667,1.0154576361167562,3.254752428458123,1.9602209416352472
2.416846395042335,1.829015367589212,2.791472200806876,3.5028479732686697,13.404499471949824
3.009269679764697,1.2182135909114713,4.153999415790654,4.046213438277666,28.310722166319813
2.2257197850506447,1.3638725157169742,3.847109681075076,1.01160940124138,7.565666764812285
2.990223205789111,2.004286795870721,2.477232295258123,1.4334484072367577,3.245119282559449
1.073872938655096,3.0699789176389576,2.512732818911088,3.714569832533353,17.293474684781458
1.8199557701232372,2.444165881878844,2.043931834562733,3.74913565023721,10.33165141838394
3.1036547530025795,4.590149992380953,1.4794583806969217,3.457096874945073,1.792587120530628
2.6122687968439,3.53219240265702,1.4973708163327697,3.4300346117573595,3.021196537715374
4.040045015153008,4.446816558907736,2.1090620613795124,4.850385923097868,3.1010127674594186
1.5007549152731907,4.568517209024441,4.589726903922895,3.183939270383808,12.898253132719196
1.521688922006419,3.77216108094566,4.18311448682143,3.622418933696964,16.09180763675907
1.8437912759536768,4.99218575195768,3.565414327630383,3.1083662528527767,7.076197409675321
3.786250991288471,3.371516224229228,4.83876817425632,2.2514363208507677,4.877691129292007
1.064366455590498,2.855645273721983,4.758102856689446,2.7108277558242184,26.1668109156004
3.611758130118002,4.333841213493479,4.69095214906291,1.4474123026413437,2.2559778203925864
3.9983099640031017,2.28012913367862,4.832778740995868,2.8320788821780973,8.941754220544551
3.818832546775336,3.784692086039937,4.797677745267897,3.3837202527201016,6.569195749783374
4.364085267591089,4.075531983773173,2.0763105246012143,3.2986418595030464,1.9538676736051737
1.2266217369533785,4.811406367530493,3.062510724264863,3.341311448660832,10.401758169648472
2.165029555209786,1.318468732504301,1.5994926727807883,4.153895148177097,14.130297464617442
3.577073714760793,1.5375124391941637,4.524961978354662,1.6724308577469706,8.15526267914299
4.742456312395649,1.953646451705453,3.922998958152779,1.4820444590778434,3.4639602066176254
3.3081705549019715,3.2556144211257045,4.425145268603652,3.1365550120450965,7.60757443850948
1.1021033022888225,2.499430573035794,1.2985761142285366,3.561758030667949,10.05779696673879
2.374556574891832,4.64393401089003,4.573281871033168,3.771343682879495,9.335804864361403
2.4595898168592,2.2250621232158503,4.753296634840783,1.8945613035092144,9.847060889708091
2.3379946129692337,4.444667974297028,4.430961945484347,2.68748968356159,6.7117254140946345
4.164283754722446,4.181544374638586,2.3371101207963725,3.609547932593761,2.5712589667621164
1.5878499250480007,2.108311755531208,3.4604707189625152,4.874553903059519,31.162247987403696
1.375068071457601,4.80586399051163,1.6978111582188955,2.611427109684985,3.7352729157333258
3.81408583830746,1.7078479112822555,1.151556478215733,3.2170825259018567,3.096739323229562
1.0600997485967318,2.676016979133034,4.442841788691402,3.9274120912884096,38.14878305070511
2.5429360624188178,3.3249843117782163,2.342855687812075,2.8381294908096817,4.458055074804516
1.0798767446296158,4.2792311161695205,3.7627793148514175,2.4074472912106706,11.823780018760884
3.194051881763836,1.182801890372026,3.3157054665881445,1.956400805666336,10.296188529383857
3.819918389939077,4.445314729589193,2.7380909278230057,1.068996724740768,0.6589193561200405
3.702449030394403,3.9312703598124656,3.769968409844645,4.593980268474255,6.987408367544221
3.4969991155899898,1.4439727664848592,4.374909829266588,2.614345253428489,13.737574964832898
3.5059011151328665,2.5608499082147365,2.1546307850807263,3.654066716908536,5.025037466655038
4.100631184202087,4.252861240901536,4.478171503998721,4.655186141885036,7.021883585348784
4.769251687110927,3.403502396052438,1.53253902011945,4.188075736838414,2.0178982023898904
3.959966978095638,3.353210399448116,3.5323988632320136,4.133919914130976,6.421757765695215
3.847869024866309,1.995312317911183,4.390166622374284,2.490821077535337,8.458263391391839
4.341943664931895,1.618760942691699,2.9796317062220625,2.6583759675362457,6.592721724198856
3.4313876402516725,2.604352128335384,3.192695945162839,3.403000830002356,7.149791432864397
4.118682386806967,3.0415417449949533,1.7099539099718588,1.7003826819106806,1.0150399828475676
2.9465325970900293,3.788929313876865,3.664216227614141,4.213441955691819,8.198597090601659
3.805889291673053,4.295584993777169,1.4038443384674686,4.931208649001771,2.191812324917493
3.1933421259833104,2.196648667169529,2.7243816560195757,2.9855239566044687,6.796984270186088
2.2690971869497427,4.06441838367358,1.557533104333356,3.2074106690487327,2.927906373663935
2.856738813146725,3.726979871066185,4.840609828680863,2.45794353111933,6.533273349957331
3.3032898522645846,3.7627648713240105,1.0665785185097008,4.4348535214146505,1.925852879613997
3.184982383704088,1.8697507773579525,3.461632800568528,2.77800453075828,9.6544035129363
3.2922219210324064,4.980176436176299,1.8432893693297072,3.292681539009834,1.8616092740387689
2.418594161518069,2.006389828591689,2.8131819182564834,1.64114472590049,5.491800830558896
4.269904616274625,4.056003285387062,4.759849684796759,3.013839638454128,4.7204752069632
1.4991340679769969,1.9771199604187533,3.981442148622457,4.257825626261727,35.438726048031576
1.2215809856874027,2.5181790697412554,1.6933024573173443,4.706502835214093,15.78322448030137
1.127066737325066,1.59483216776058,3.6265371231290233,4.600826493724879,57.8248822800758
3.993862244663664,1.4384448819560711,4.669982601516441,4.901533304094961,24.53793587373792
2.280059569868985,4.567974130929071,3.451956190049599,1.5536209755279289,2.761059714000192
2.0942315229726507,2.9226339679425357,3.629620698943765,4.593750759210629,16.62114984820162
3.5599924490653088,3.0051440966484284,2.205295933713745,1.0038692281937958,0.8636677292125425
4.179589158482116,4.544709634884397,1.6059236604899536,2.84996336066856,1.0685732193270483
3.5039047888954795,4.97207293830091,1.004022237036006,4.125961509756196,1.049393036589225
1.3031289710976268,4.068470501814444,2.3493427296379306,3.1056068688252303,8.156410252791744
2.6937693024211105,1.6595387973054856,1.931255230563256,2.79620876937753,7.1009683203840135
2.5464721349191977,2.2065291994802725,3.7621019941777303,2.6356386690643987,10.59537378316332
3.9623978187411018,3.922818841083235,1.9813692182754843,1.8060044286382428,1.003622417066766
2.513668019561561,3.2749762729704024,1.2436696550703576,1.2989005336096104,0.7998069787013048
2.803783486601409,2.011971484862118,4.314351723593561,4.53674736758323,21.30468691752956
3.267506437872677,4.342381623400231,1.4724008102635255,3.158688098004484,1.5998346597705808
4.713066017611656,2.287192229546855,1.9012660304328537,4.559391655560219,4.5691815429363976
1.4247184624948144,3.308295483652871,2.779789822129743,3.7538758607564087,13.416350909477824
2.401397984418333,1.7787278325327671,2.2478846062706404,3.917876808842753,12.461241008253776
3.9437131632607887,4.218185623893348,1.242728011940183,2.3667519230398826,0.6849268407336861
4.772030329092949,2.178370622296101,4.818810646423319,4.542686232288272,12.737444946251298
3.93558588738794,4.963369487217909,3.23242421324205,3.750971984803622,3.421356933905695
4.388353045013992,4.74046368856372,2.4237491098186648,1.1004109425330686,0.4064482017485448
3.949885643502735,1.5642620392508864,2.7596313595959936,2.7276444809840976,7.165521876383472
3.994433901467608,3.2892217559468957,2.230253039131296,2.8156533146604734,2.530763708430789
2.8503866897268617,2.2365941899409667,1.1733639659803234,2.5956286405231284,2.529389694276686
3.2178979369257266,2.073469015070062,2.37786547208789,1.7987616660137036,3.5484965508099786
4.824815064424319,2.945330104040876,2.05831778781314,4.3569737930925525,3.4861712066673745
2.148600869277617,3.1239876683841947,4.824758590319143,1.0576904347327587,4.294363301140551
1.6609502087117771,1.3311874044522032,3.531044024991408,4.68552606705107,46.51775815405641
3.348831860621276,1.834169453723024,4.371884918431022,2.034903081319866,8.609535129659116
4.848066241737282,1.3183015420007966,3.588709048924962,3.871890462435216,13.166325599782608
1.5365502402911422,1.1377860057529787,1.9039137110827216,4.472883087843904,30.10877557435777
2.2295188538202875,4.704370963463898,4.68151539827605,3.0900674695225856,8.175671632150705
2.578588358732574,4.205925774927708,2.76381983899591,1.3347487955652615,1.6760519734616244
4.871502661554983,1.0461450138125126,4.571008258477421,1.9867333994262368,10.703796225726084
1.5462038176848312,3.2660744537711057,3.428224468088441,4.358093023651062,18.093344300041885
4.153310253958573,3.748606566153193,1.7924482851687076,1.6766863320416734,0.7808110751872225
1.016870135551423,3.765929829836268,1.8748442800260543,3.874631478599981,11.425934229326716
2.947929751331708,1.967120036713628,4.972226964978944,2.1727303769821464,11.212582943429275
3.845160235624387,1.325344403406541,2.781594345099129,1.1449588680200904,3.4478330940810906
2.0194146215714914,2.327794239262946,2.130788954339544,4.288289258207046,11.720158006675783
4.689398522739266,1.4268745508086127,2.38843123880894,3.5269191335993364,7.420690545702695
3.12150103946406,2.7278925447026205,3.0412198470408787,1.2867815583033066,2.416432690175882
3.515336442149279,3.3109168171042977,4.180172050037964,3.1662152729247053,6.656611165824602
1.0587016140249208,2.593648006339417,4.914164377012728,4.342701932647728,48.3337567315394
2.856013802990178,3.2031023659690194,3.9915866042869466,1.2979124072484698,3.081665276384179
3.279885766943509,1.403062556426803,4.374884530664955,1.3109047814817822,7.341001762213452
2.026395777955625,3.628511309526999,1.7810628825762356,1.1197862138553032,1.252900260885038
1.0876274970054904,4.6070794578446215,2.3363204827146777,1.416652278903256,3.6702660573105215
1.3651346000189242,1.6251673609843411,1.0289019436110198,1.8351006494443496,4.862944219722052
2.2832339292781163,2.280911850870757,4.461792951641949,3.672303273313204,19.27249652028914
3.879899235273691,3.9238026756494784,3.078822693758739,3.1560364619297885,3.531077535437285
3.5557753341635348,3.290145182189629,3.440513178690825,3.4555030590271154,5.898106231743768
4.083198736415632,4.206938541146688,3.852503797656991,1.6527189682955423,1.8645961849964896
2.741077080786405,2.821039748932183,4.280179755194963,3.4312811616902983,11.44047934651966
2.3526651396952025,3.476112653116569,1.8732735820437432,4.461673675687873,5.934301314000001
3.9783869075559526,1.1207362118730462,1.7890086420220197,2.5910437045053785,6.044909559304112
3.257253062727609,3.6985694716245066,4.369168652762613,1.7049346398317158,3.4065162900434105
2.8779164483704345,4.866081381910966,3.483600721102805,3.4940507351240506,4.97634801812847
4.601929993855578,4.481874614578246,3.7507193998150976,2.0881453476766247,1.920743022168382
1.7484625951219872,1.9200733165923505,2.475996659991693,2.4114475323278697,10.682097419712324
1.5814040210221745,3.789873986727185,1.7072197725098657,4.339625217780778,7.277737098144764
1.8305819110024224,4.332076269977428,1.982524467855773,4.1827102457016085,6.0827631873684185
4.746489930795543,1.1476440266936367,1.3018733814151773,4.324809485189467,6.00717871371872
2.0297184903858434,4.624871526342275,3.0102347332992667,3.523419581986292,6.610929669261823
1.169686655508107,3.310571695650552,1.9335695851617236,3.1132691237973846,9.276038881726985
4.756358509707606,3.431809769794172,2.013797642147091,4.152722306354843,2.744918632524928
1.009273168466688,4.869530166933345,3.52751089445574,1.3918118416604313,5.789994066898296
4.514074467728062,4.488346057844996,4.850352568844116,3.314486343345964,4.502268431300515
2.549549685973314,1.145904146816059,3.7446574995910367,3.3119784410683493,26.175868423418045
3.067067953443481,2.3091046007529274,4.460393343166418,1.7915586306494444,6.601274063260192
3.302464643619361,1.9277199092714032,2.7182939348332145,1.4254379820901204,3.345982932545761
3.391916552797644,2.9996179125845117,3.3938942226290147,4.1676621759469,8.244471226195227
4.953805383887252,3.833127497134082,3.5388950495778864,4.789227157815183,5.123016415199281
2.217225529887792,3.7049583793216017,1.8185935164671885,1.9405476362765648,2.2300738929609847
3.420782230957896,2.105765458246354,4.290720385747068,4.2039571666013975,15.239071253293622
4.7711082625601176,1.494230143120935,2.6436111825367723,1.086380549679686,2.0640152957544906
2.5366297546535472,1.9769797563080385,2.5208062955989634,4.684482819151989,14.300860928079508
1.552159103003012,1.068989985813579,4.7348228422584215,1.1030065729470873,19.28082267151694
3.178571756485784,3.956055824791731,1.8090980539889736,4.2507360241887895,3.364143496990588
1.2924955683200996,1.7027324607839742,3.525472736226296,3.79151477257376,37.664480278334494
2.3692547481216364,4.953353028608494,1.349407775152041,1.7204698633691553,0.8092972619178072
1.5825076674351028,1.9196564190019525,3.920432158074672,2.9234491830208933,23.2085192789366
2.4561208122270086,2.77278298505541,1.2250164427291272,2.9770881693929825,2.889442322322848
4.876949756435268,4.797170745477446,4.115317883866996,1.7158664575235192,1.4401548348635116
4.74043940748576,1.255711030452639,1.6399747926209731,1.3260759137535891,1.831687675996971
4.39476952710768,2.7230363109922044,2.6424751154618766,4.232446757552517,5.386275080980593
4.779047233913759,1.4708511763676304,2.264178488863702,4.058967791697056,7.724924482985983
2.1937529909084468,3.854478289140125,3.852336399548024,3.561389559226917,9.70277374369755
3.1270607873712994,4.710189999209327,1.381746570715082,3.960318391728532,1.8699275497773575
2.5795597220439275,1.304818382938568,1.3439808617782538,1.189260293916555,2.511571008870716
3.0640655881367738,1.1808248982289031,4.7451000442875735,3.432111000004166,27.784483473566333
3.358664640353572,2.286925030626602,4.444912112992893,4.3568737878776105,15.346875112677868
1.9789462625974683,3.4206846398555726,1.9745743273665977,2.491338240126278,4.084268757163088
3.4432775271558103,3.3626378278897944,3.809095016094492,2.8400595944099782,5.384714203832936
4.976152138168537,1.0350836125077043,1.6457915751706549,2.990074091213329,5.516864872578821
1.1272733075176156,2.9876886452576223,4.911654446914181,3.357185818031059,30.26498693217193
1.416239952905721,1.57832360672057,2.2734637453547406,1.4502581364110614,8.776868091533851
3.4577485970289787,2.6218274205995686,4.659095915430562,1.2315178829817746,3.497650633983725
3.4517661514343447,3.538541327918393,3.1792886648864567,3.072556732509593,4.541665493703368
3.648890527852796,4.989652946429182,3.9341724172616974,4.233095426884404,5.2617430895649
2.1535762444357824,3.2883200104218373,1.2691231599324309,3.5155068380752925,3.479589302995291
1.7373502552495212,4.315927326920647,2.780458981363757,4.739794759911025,10.550731219437258
1.4145410766479718,1.0814705767694064,1.1446034265268763,1.5242117669159985,6.677182826614125
4.038175868723604,1.5627044402139991,4.489104126247703,2.116666871254806,8.969652841497844
3.1605645090312025,2.5930042902137487,4.419498245594323,1.531879351068632,4.706548702744088
2.070384905645753,1.1671162767709418,4.72359237755464,4.594438621925796,55.93270678429533
1.0262310581479015,4.806127706557915,2.006783686588384,1.7680504865435007,4.038382135529267
4.662868889898432,2.618626979521208,4.188782099373851,2.4217347717007747,4.735916972433361
3.52977756245573,3.411306363614138,3.0209360302135524,4.1684560097608685,6.083633154463329
4.146790967869871,4.60324050179365,1.3229614454832572,3.593931682145376,1.1179126919136355
2.689611824158269,3.377886055382967,4.062794775044425,2.729289796127455,7.179529320865558
4.295660129791865,2.704925971683138,4.019345440220767,3.6130559200592254,7.363409982679677
1.8006536795552317,1.99491609072963,4.580023226163917,1.1503594717051668,8.724697660763301
3.194315832783865,1.310060403128224,2.041750303254364,1.7285293083906712,4.814670087712709
4.042903106799631,1.2650840932257403,4.867975064473399,2.3737314468268544,13.701251462352497
1.9404322713799944,2.0591536303888707,2.1983018741400038,4.76909740302499,15.991086998628678
3.283760440384892,2.811431132108442,2.699835631592068,2.9499455978504634,4.935777092869714
2.400410479546496,1.1733138153812268,4.354541014362761,4.856562536840409,46.68107148489425
2.7228138366402503,2.3108608199509755,1.6631036859880526,3.798909521919664,5.822288342488691
4.08252116827033,4.701578350802638,3.510008357774224,3.164599251894246,3.158979489996892
2.8651895295956185,2.0372211278653056,2.529641394946338,2.816282634297722,7.179595159879772
4.64100052772881,2.5255364117574937,1.180408891892541,3.6325528098441584,1.8347172994956296
3.390869822991839,1.2641253508484955,1.765148586874386,4.548327936228318,11.27532394986832
3.922599348904456,3.643026034007775,3.5239249480778745,1.096115582497473,1.2471339338589345
1.1593241693471628,3.38359631079066,4.381341664549019,1.429595959693649,9.54098271019186
4.943977303653808,3.6424302526047256,2.273569214392046,1.4531895917825368,0.7241688107378966
1.7951517017628724,1.2569684823104803,3.0506777146516657,1.3899932950939349,11.314703699744188
4.558575498931552,1.3908503090777629,1.9176272760923083,2.2101639336774674,3.719916114400475
3.9945900298362016,1.457798729671036,2.675007016125312,1.643154783252799,4.260125490736962
2.676952766222623,3.2665061296154025,3.585255605790769,4.27236517618579,10.51394195869239
3.4942830140928587,2.5510843239512315,1.071351350713936,4.870966554180427,3.200901432250468
3.5124049566685764,3.1634897490578,2.4353832460843567,1.643796066973663,1.8004205598052916
3.708881457164678,1.571713657536031,4.536634790981721,1.381747821157965,6.268896309518516
1.7737054584207352,4.122781968548058,4.153700249581512,3.844025175377468,13.225292192222708
2.993532486727214,1.0693438930107004,2.8489643745318864,3.08338127911125,16.747035636268446
2.834940390955902,2.6777323153183143,1.796084351290136,4.660320139993789,6.440078110412937
1.8118522875038297,1.2677909761039747,4.2871363543173295,2.858105536527037,33.01870238076408
2.904504864147177,1.0294882046069609,3.3954481460995307,4.652159617376269,32.69486772597056
3.791179281858136,1.7578343225957096,1.073314797729823,1.543741003848095,1.115156821071046
2.094629243541307,4.064006609043579,4.568183836151008,4.94505108908136,16.178723408855966
1.1393827342104497,4.484701231163196,4.59170700445102,3.8237522504108297,21.093262728404294
2.192580988402764,1.6199678491283445,1.6296250935217893,1.7446724639201996,4.545995979774794
2.077370217761072,4.206322835731221,4.448793473242708,1.759507807388729,5.143351310908681
1.4023328956956758,2.3819985322393853,2.832513480953283,3.996141234694751,20.79511050405037
4.604815817500712,1.2098933286427669,4.212832371375534,2.828668552623865,12.945503698640117
3.699617753034376,3.8187156097504977,4.197825531409551,1.922577783408216,3.1125220092543247
3.3856369705532785,1.559049957968509,3.982871401130259,1.7527494439848432,7.819921433659423
4.902665010518119,2.159459174891376,2.4120762536062603,4.849611118152284,6.454255217196471
3.5782658462206114,4.78047523626881,1.6847292595210943,4.157337667056167,2.1049660388488105
3.9280959431581,1.950986953217204,2.23230265442238,1.812457435859252,2.842227916667814
3.319145793861626,3.634284950899196,4.222095191261754,2.3893139697374743,4.77040305231837
4.440462139946266,1.969393819891975,2.6704438861158084,3.904216742118646,7.002064409090621
2.634296299786451,1.4638905019438986,2.397923120070108,2.657644150611791,9.89140417576234
2.392360363239711,3.416298523233098,3.8362487107748073,3.953073134944791,11.165549984580442
4.805066771519476,2.2668275694829463,4.812722662070632,1.0722165703570292,2.5046443087464443
1.0692486773938097,2.210753377313773,3.6801745559280863,4.589294014052129,44.39449666884178
1.4352590905163725,4.766220335837486,1.465770989260499,4.414308451048152,5.456995209192399
2.055856492124808,1.0590733564620662,3.4585756565468246,4.722740028336757,46.63772723173158
1.5946099137455891,2.078097983218738,4.330821954465809,4.309234728403704,34.88822421771476
4.820826206023225,3.5689299206165983,4.14798412476576,1.723527139203045,2.142652686538041
4.182179556341843,2.8192564740723287,4.060971250377168,4.013173640690266,8.194406203326368
2.3675159707773688,4.634821137024725,4.215332880618685,1.663275997616002,3.535408678559408
2.97154217810114,1.1072424821801516,3.0963006389835552,1.6418335722099289,9.21653145129601
4.914162039777287,3.1357638877745693,2.9059428975245054,2.377835824359221,2.3469641522628693
3.9286168002711257,3.946829350000197,1.197313122302869,1.294570136108096,0.2554840707754635
2.2426723250337672,4.167814894368506,3.5012838911800857,4.809743002445568,10.827579256533973
2.440787549492108,3.3557666357338114,3.352334939211918,4.163201898387941,10.213924914674376
1.9195158814686648,3.4518304696105075,4.683344308797186,3.532940700022012,15.195606750121357
1.8217512477463635,1.2936506104864356,3.043339282559568,3.160337908265714,25.145591693746702
4.806241442199807,1.860665653600696,2.492752703447923,1.3450442140452958,1.8909785791309404
1.014848793816943,1.722174566339091,4.326866045657328,3.368144410886849,51.893654974738766
1.7910680498747928,1.4245599120926768,1.7323230863640535,2.2527350520256864,9.11872931473564
3.0087706752436003,4.508439068153631,2.9553430928014905,1.2789456797352052,1.2980935771198585
4.513163355770304,3.7363991240853234,1.260506809513327,2.2941329621398423,0.6537332180885895
4.826906725499544,1.0215173480069293,3.3333518547795475,4.642483706207376,19.223764924670675
1.3799116017865618,2.8211348275189443,4.57119032058311,3.797806770536489,27.52289637989616
1.0347950595120308,2.4355950274265075,3.53384370910151,4.811909338649081,41.89409370999986
1.4149904241632596,4.537715235296282,1.2745411459369866,1.7631912457998205,1.736851551535177
1.105316504357312,3.882721923520567,4.619268069724949,3.305993914151928,21.861685402425422
2.197063578194,3.380484564693835,4.008604943838234,3.0970917366315094,10.010745715115675
1.0234999593680263,1.0394379735344108,2.30960900396531,3.017200002096401,40.6582962489965
3.1295830953268973,2.102778032271524,1.569375291367733,3.3623924125505678,4.554726603366399
1.7207788439749705,1.1545177961922723,3.937368885833909,4.618001274113295,57.00760431575962
2.2041552062083234,4.418929508854852,4.120890231959903,3.1322404867197444,7.836587786319386
4.468357113227257,3.882663012749995,1.8625515298195217,1.4642287422937543,0.5706524087563586
2.0601312281863,2.7823284644633794,3.6572651612860456,3.943118542947656,15.313123491704442
3.7106384084346784,4.908113473055574,3.9358494043661993,1.5398971808897102,1.6306682421329466
3.3224031604018287,1.6532912717464567,4.430230704790839,2.5842990423389023,12.602622070203855
4.130298044713497,3.184641862616289,1.8788063969123796,2.9988043776626503,2.2222292942716138
3.457976030870812,4.392708785077355,2.8514669143918785,3.78074669718259,3.978019999884739
2.7660371366681806,2.0957984661278077,4.794331479555211,3.2796587754442927,16.547223103098872
3.8679093136035223,1.245388827341929,4.920779234609062,1.4017204124027924,8.506181355948868
3.0278112387154965,3.714684211023268,2.5618245618102984,2.622668958011315,3.275551670918064
3.975350338538701,2.0063201069535723,2.25995209272091,4.394166076410618,7.333768253574847
4.6980875677038965,2.933000065129614,4.852618206709002,4.56336008751531,9.605604918661248
4.455950514718368,2.9772519699531554,1.738339489521715,3.826332465702822,2.6766312483497696
2.0111828140796324,3.7199226573130826,4.428006382121257,3.4685661717927747,12.405358524309166
4.43738874200324,1.1918764734136018,4.170424514649821,3.6858625840333534,17.76623550284611
4.788100543640322,4.324619286938285,4.39059967184375,4.759908338401335,5.854623259190999
3.946576757712175,2.1165548386663176,4.208332704068779,2.514654901000254,7.470561106260089
2.877977448224433,1.0374523287626856,1.3782903202171402,4.265043283998737,11.877270666532876
4.986985440706978,2.7437601290987965,2.78630678029127,1.6038297434866426,1.5924762662027705
4.372994947544132,1.9724479952232,1.3515819759853835,2.3337139982461927,1.833812662997841
1.609649283491632,3.933308036524489,4.345089770989426,2.5352164765857963,10.439743251733953
3.5622357529170747,2.8858262662338854,1.345132858832795,2.052311467786984,1.236413819938597
3.5942380407901178,3.5680488122431515,1.5318321959740215,4.700096975475734,3.051037740262572
3.7803931676660967,2.6739214047175195,1.1987743853309745,1.1677533071750608,0.4638547199123556
3.2805987302343893,2.7245473687729604,3.920371435087201,3.0968319344567217,8.044245630205912
4.446241480261453,1.536684983202365,2.1282433659862514,3.028071548372804,5.440433406084787
3.394991112559895,1.692773547801643,2.7443265128858894,1.6214090033311814,4.381981810639191
2.8690321884060013,4.485300942059515,3.576867225785392,4.165639861134887,6.786524777396013
4.9351392986901725,1.6000454206352832,3.116371865963319,3.288363769950297,7.66434046224371
1.7888502105752655,1.5478991512278717,1.95652391664716,1.3371368865274635,5.450446109371141
1.945364333174794,2.9553805357628558,2.460003936629125,1.958496401872674,4.781129105730134
2.92465575951032,4.849415103813351,2.002652622315076,1.527734532868772,0.9163371535040492
2.3559669263677105,2.536124121491097,2.4966012264853563,1.156134432286562,2.5626779516820246
4.513700948876409,1.268243901540287,3.787426717267479,4.560769171247192,18.463884422799783
1.7883696992951157,2.522701379105314,2.007461194759953,2.3579503923939478,6.10496011536296
1.5050554121406177,3.3766572446504743,1.0097251503427764,3.82908232889912,4.297534892512612
2.755453251138057,2.608843854259744,2.158643807582759,2.691682296400454,4.594992428686647
1.4926528284542149,3.496524967345184,1.29105383537771,3.508788907163968,4.968906168168261
3.6901063496385618,3.415273081467356,4.279924342146856,3.7744019605582455,7.56412499469228
3.020104584137384,1.54457053784254,2.435505074101433,4.978872542667925,15.838260654517155
3.0406532530433736,2.340962717619594,1.3289219546591693,3.0579565634178474,3.1103487785699007
1.0351558970697412,1.5236031218573056,1.2368027208416388,4.305524191201588,20.71822868431943
3.831342359327432,4.404560865654441,2.6550381963687184,4.331475180702793,3.801308513755884
3.085409262114855,2.623863944192547,3.413656577972634,1.5263683503506955,3.564528353002037
2.580936543776685,4.676541607095029,3.518600400368379,1.9213707435869052,3.0429678399273183
1.661246179276802,3.769244747459261,1.335179493734667,1.074095934387675,0.9964926455453312
3.956168816279309,1.6475539186730352,1.978869828603266,4.852879884826308,8.766254317346936
3.1700202406553823,3.7428016251613183,1.612670343208071,1.9596753196071932,1.2230956259855017
3.28147762560197,2.3041670949877697,4.753241331178635,1.570937818916215,5.718474469917539
3.3517014093527284,3.721956062619972,3.98581272926641,1.5634781586189876,2.665221265417913
1.388624988869077,4.15083730101712,2.9824956969249112,1.7094840657565058,5.072800530921669
3.8513500516222434,2.029619280357226,3.342465222926189,2.082460948384373,5.10983451150153
4.947445715245642,3.943440685946237,3.3788254951903887,3.706880267529977,3.55428495676855
4.421905069452887,1.6467246688822603,1.4915985598453907,3.817315229189986,4.430093033012362
2.068053154564649,3.228585094644858,4.0051741866118045,2.545451377674141,9.102517421121227
3.3046042264140354,2.8056258357534114,2.47972929054289,4.167260391537481,6.5149188986834
2.326683216423128,3.349415294779057,4.972168474000258,1.4212583717823295,5.212225437495205
4.962787993566885,1.2724239910708968,1.2028264924291605,1.1834299618651314,0.974694994680824
2.258194214613541,2.836143021320159,4.976804232291943,1.9981483632653751,9.26447175350297
2.4383408855625524,2.190619420647279,4.268690200455187,4.865263285601765,23.93318779686614
2.751632048712439,2.4525133624547006,1.7534955381137012,1.1397374049504148,1.40531888793831
4.479730686781341,3.9607600609517606,1.6167553551276783,3.1249072294875653,1.335422561669637
2.558481805079569,3.344019423075714,4.541528435461343,2.683017434209174,8.45789364972199
3.798765678046108,1.5410533248986713,1.2358877101434125,1.2812295177171062,1.2482704160805935
4.133549579877982,4.167202937131471,3.425869517800986,2.391206442310389,2.515969400543326
4.719596653452288,3.9084335439264617,4.698351769005308,2.792422597442325,3.987514313606957
3.451282259391901,4.212230294952901,4.589091921682199,2.161917382433433,3.80740032410242
1.2033134834538313,1.189359662454696,3.316835589464149,2.9572494990184053,42.56448992995674
3.808276866207823,4.244961976445648,1.3417826973068845,3.444221091462879,1.3423404751868215
1.5640172243231127,2.23500073730552,3.503447182565278,3.867721084331498,23.8597254726458
4.195442264799291,3.5742919772224524,1.4785764737182068,4.025301667062532,2.027085617612967
3.1461829135760007,1.0957103912350776,2.887503993348444,4.736747635971629,24.4322338536316
3.419316766203514,3.2070784430171617,1.4840865288431089,4.381319537921378,3.247931367138865
1.1532546273736886,3.1587712764335385,4.288110593857087,2.541527318427182,18.301809619377817
1.0847662831891642,2.87539320578308,1.5049789818240251,1.2222629065291044,3.2279168715885325
3.247662279835983,2.81758843991438,3.8445559814792944,3.251807343271319,8.093957279657149
4.131847247325508,3.929322779727928,1.7930593754481157,3.9291627872438544,2.257039962757823
2.5668990085947128,3.672561292897683,2.084387540425708,3.8062660335969816,4.803606255993764
2.106753879361692,3.8567887559872274,1.0270450248490786,4.808608772228869,3.3407913044195805
3.1280179058351987,2.332142207397476,1.2879656330090072,1.706827013891996,1.4372391668055962
2.5240378244654025,3.9721083086476794,1.0810994230934994,4.144997798642202,2.3379713588370525
4.618257218168361,1.197235432028409,3.47436715243678,4.38067468328515,16.80054810617124
3.1935533642085554,3.5789874844806016,1.989575288939923,2.863662478105962,2.658604624189609
1.058085856350654,1.6786306545784155,3.756673391330733,1.0386434870725822,13.309045141774096
2.3776278892922007,3.040786123839888,4.576470927749536,3.779762984438599,14.538533444520835
4.386888322547524,1.8982714748295075,3.7263188799632543,1.4748809338500442,3.66677047988516
3.4020499475987003,4.58266536537794,3.5252498308085003,2.782741143957462,3.474574073781546
2.6481918731457004,4.326834021783794,2.6587341063893017,3.8753967635009,5.164778096716197
1.1421542769282325,2.073972621602082,3.11609301611734,3.1259303831173755,25.34020792803709
2.173948054940064,3.687146061167832,2.347485193718711,1.9850592171464296,3.1755081912443104
3.7288747828683535,4.194304577487165,2.79861272299168,2.1572200239060004,1.9596394940220387
1.7612117654237007,1.9640696640093955,4.448231274240554,4.930951776911203,39.34302616763357
2.960243401047979,1.136517985511869,4.828608467679348,3.3797404389109555,29.980383929105287
2.569777991214585,4.636935837512894,3.793940201700073,2.793898103217568,5.104160422246781
3.2605074154052422,4.316911240553031,2.107237411920725,4.615289020106723,3.860619146226556
2.6308199050494863,1.449083404340774,1.7343593951261962,2.229177890181406,5.885122812755197
3.77317251856136,4.215076780897332,2.9328390171196315,4.359196036100409,4.567313412243856
2.3186748939344355,3.840569499090649,3.50077494611238,3.5818017166827336,8.356704017370587
2.8083044239579555,3.751852132395262,2.120092825437369,4.744179312859748,5.511879935562836
2.626845897068818,2.296926081805214,4.176475448271223,2.505634273450525,10.405120597200185
1.2063660250364523,4.031274805621031,4.512121656582446,2.5681679969665865,14.476972059525991
3.3712599149343867,2.190240902597036,4.552379556218828,4.070974159547797,15.27531527616012
2.6052229122701287,1.36214451334566,1.4201731820452612,3.759721593310136,8.96266486256463
1.0036492046287449,1.1315098289458811,2.708690004931269,2.066265098901774,30.46867885867642
4.860858883343656,1.3807295253296683,1.225128462809343,3.76912097170305,3.842207185475557
4.995771638825877,3.5952637987107634,1.1348929354179087,4.483198321991111,1.3264497615373498
4.03189563217552,2.695285521384322,4.623287237663368,1.2711242257023776,2.922343691850793
3.161997998441556,2.545380755749304,2.2774100793636785,3.758391560431609,6.194502179568143
4.592422900511516,1.7971681415294785,2.7015245889156616,4.276573115787199,8.304842551585681
2.8957355706410413,3.648923985447431,3.3077544844093425,2.625165119963442,4.679650912912389
2.6597841262105573,4.99897962395289,2.088904847467524,1.582125777956385,1.1147487649242975
3.088483726901626,2.6101394469084065,2.139515136990073,3.34142074321473,5.08702782035271
3.6768729549954617,4.327090146602187,3.150826359708517,1.9247372426763136,1.929670675565349
4.128165042246732,4.72821099960555,1.170921059682645,3.913169530960537,1.0310371065720478
4.594072087846461,2.5729847971575928,4.869918820096412,1.6597219270226593,3.8157509002866674
1.6459299225363373,1.171160947058075,2.60974048119446,2.981629670144957,24.86642261528705
3.704079463110741,3.1070638437166,4.946574145265855,2.274228894206861,5.655255308362808
1.3268545020588416,3.59871847968831,2.5857268183266853,3.3944463312597684,11.05663721594759
3.616293996621928,2.248334483324113,4.404042243790677,3.0136941530344785,9.764781365347703
4.85144626023309,2.6656968914592465,2.473800793500444,4.802612512092788,5.286613620176345
2.3467133018120774,4.760416957733242,3.838679668588476,4.85160757710748,9.982673374369435
2.5084313886919025,3.0769378941639904,3.027495755074787,2.288269649651534,5.154386244991676
3.2325128858645806,3.249833949401149,1.839070347254704,1.0726183807914254,0.7496367579376836
3.622574512431426,1.747824629076939,4.30588427956593,4.676986608047302,19.48866419226692
2.2835641591966227,4.864428429263148,3.701862910542721,1.108083316613195,1.856017087551662
1.6234168415282029,2.6416737578881784,3.333294903351184,3.331140740888542,15.773241884114793
4.830071996536288,1.204747009537252,1.0498898567367585,3.785603795234973,3.810902533536863
1.5752024733173395,2.644714553546479,3.602397655738412,3.679488961596765,19.495597052291576
1.2959975808340003,1.812784619763534,1.4825924748712072,3.262274086760294,12.441598843885595
1.917658488741516,1.2132065781973416,3.214115543918981,3.536194964254956,30.19798998967956
1.236351781418663,3.3574630346423118,3.063029832306688,3.607215687024191,16.229357846479907
1.3703571201346367,4.222584694817662,4.497951703998718,1.603400327503822,7.341769497022343
2.0168254248809365,3.254523369608432,4.096647990332988,2.7584433947585807,10.32495324661757
2.658063218049328,2.177839096462093,4.745023785849892,4.323419802484567,21.77037655923915
3.610443743298304,3.129531063696592,2.585910143035269,2.342909989021169,2.893761015670961
4.383229399431918,1.6258899706817438,1.4565810510714852,4.011907739615781,4.668215114039453
1.1693093459128303,2.372436641007436,3.4721306209638585,4.976477058543996,38.637899570403526
2.770798808001829,4.148563169746367,3.3805811591585706,1.668540940402046,2.610207003672979
1.672480224903616,1.940608466233232,4.045905758848611,4.045932293410996,31.192125379386905
3.2583785865427712,4.296534219055966,2.1506450371569605,4.109294063199945,3.487383030145676
3.960395892201424,4.651973262940693,2.6878211858249355,1.801094338088355,1.2011457122084588
3.9492492544149225,2.7813338103597305,2.291705081922247,3.789525371987432,4.484468211559321
3.7380755905540513,4.617972833498545,3.7760871276597223,3.3613038900138963,4.137898669430758
4.768469583553626,4.506447398333503,4.173440474564336,4.377480388934526,4.85735868490324
1.8762951182223409,1.667187159405758,4.502781648195005,3.0930073932163715,27.477084387601632
3.747035013922188,1.570125788530309,3.898889198048931,4.726102644914837,19.18317499004745
3.0414525440842444,3.591661538378957,4.216100948792743,4.499796029998043,10.419708387415955
2.955919250808109,2.1364220558275093,1.9520970306135756,3.619113092747881,6.541017452781612
4.855920877345569,3.421447712765628,2.5685435719326994,1.6558242518183863,1.1599001901469257
1.4681731322969362,4.720579970218716,1.4622876156396694,3.852587439370863,4.6236198642090365
3.5645275020638274,2.7682650564497115,2.2410136525103312,1.406049081001172,1.5477523689381594
2.0207992210648262,1.6579258088188005,3.851582144994983,4.371684997045428,31.080276554913613
2.956898969508506,3.99317164336213,1.3976700211231257,2.70413213928009,1.5524771701026487
4.047798621495736,4.436195672158204,2.7564971906747444,3.5932719055464557,2.9897669148174035
4.920234799099974,3.478629549222543,1.875478711648676,1.8542134241610209,0.8412276269487962
4.892671810958473,2.5396020903560523,1.4242221711700047,1.5260244135921508,0.6738231493718446
3.117374970346796,2.709666913787377,3.854289197402222,3.5241501412694776,9.611787774563645
3.5451496743592994,2.082250188002773,2.295416700715328,3.567522352505355,6.482077587221421
3.4052917106783687,2.946341931174263,1.2367152178605672,2.5803484892126334,1.5399632994896049
3.1535506372060964,2.3960879997963915,4.475962033816721,2.997256572373848,10.662932450527247
4.194649638962055,2.1867847488161747,3.7951232394392935,2.058547140612517,4.866931567532789
1.268745964774737,1.771410008064532,4.399978344583746,4.856850375202425,59.24499143160565
1.6993036590072652,2.4133936218961507,1.3609851525245875,2.1980686990556237,4.101436841371989
1.9034386760412,4.574815836997485,3.790423029520599,1.5948425285159988,3.88095959406752
4.118124792669313,3.106044082291684,2.621274578149914,3.3739913449069925,3.8635591378612686
2.079406612043748,3.7847645657958617,1.8947573600375105,4.976590991744384,7.039196691874968
4.6916824916965645,2.445606012705216,4.368883009532291,4.646165578693093,10.62301793387983
2.4368220182543507,2.9437130103545868,2.685855968388298,4.093584321628352,9.139111972524343
2.821399482540261,3.310160772375388,2.9424708463783293,1.3650713321083785,2.233068707914012
2.652699594577956,1.3586884148186802,1.1838242371909256,4.902832441199781,9.62650317418917
3.9563569583477904,4.8443883821287805,1.6243080114837696,2.106708974247833,0.6951269089747155
1.6153804349423857,1.992767158673608,4.416001479712058,2.7163505927642526,22.916907390634908
4.791458834870497,1.2493671297933011,2.46681273492602,1.6274536656096732,3.733489449407413
3.4572478325698737,3.8544548219360735,1.110942846725531,1.968409702396901,0.6106648268091681
4.678943246989493,2.172001137658947,4.098265653168518,1.5722578584380522,3.5046814773255144
3.512222894596088,2.8018957456526845,4.692490737538529,3.131894853938106,8.892197101458256
2.656196702782774,2.296269442965677,3.657557977067072,3.93613755045888,14.336203314489673
4.215263778524864,2.8182495416393287,1.3293015764943292,4.315212663824924,2.5613186764406826
3.991971270153108,1.637222807478508,1.9174052404010329,1.8987311122202843,3.023729227793139
3.7342931114178617,3.121019649372553,2.2177186112035225,1.30386666865531,1.1119807024354806
3.354092417075648,2.920599102811386,4.589951093903381,4.382668157772061,12.409126564901236
3.816056186081932,4.831173322414339,2.471425742277745,4.261359837680399,3.1124748975254586
3.4762703922269225,4.488451026891995,1.2087539327236718,2.456907291453742,0.7647880020039636
4.356514136921165,2.866380127571281,2.5059596933330868,2.989194234898765,3.291162263580996
1.6777028588430456,4.621053895609337,1.9404854388317656,4.023657561608324,5.8409994948232296
2.5284799793789787,2.6898221529709145,2.886255927147148,3.3245295686918,8.374053283230309
2.000414225728409,2.6875663223833453,4.8683632012633336,1.0696992752046213,5.599874787052473
3.2030312075485585,4.159931969814953,3.961612831973278,3.6837401478669904,6.393769574948827
3.4008653936404563,4.959623788204148,2.672725849052908,1.0560462361918854,0.6295144388771795
1.896738159891881,3.804384488725035,2.243686664589692,2.317697163257097,4.046394898026341
4.233505938200194,4.830527182134876,2.3263587668142254,2.9385232799679786,1.6398736122746944
1.647486768277843,4.247891655263501,1.6932231666000854,2.7188172452220827,3.653269363009167
4.917578757585519,1.9895483076983649,4.300674044054523,4.629550003084477,12.292948347597966
3.4375001043294686,3.445263160634565,3.8940674537941393,3.875920048253906,7.517832037325734
2.379076112846915,2.819400762314629,1.7663337577833071,4.64204202888001,7.191471656699897
1.6332323878084942,4.036598611049744,3.219061169100043,3.0291421388012485,8.802163613023689
4.90647632433301,3.3241387764527484,3.5551554291004943,3.4483074671742417,4.240388771664551
2.098299971634271,1.713157421421664,2.7759672833729354,2.870192787181012,13.432433606443055
2.865186249237335,1.1695668140157678,3.3283771654409624,2.5799776026572063,15.606086117846768
1.6982524946415647,4.387013010257746,4.363238579808758,3.282566658605183,11.58590430229174
2.6054571414558536,3.960732695422928,1.872162395891932,1.138707551267328,0.8615791383908168
3.4492089052370334,2.0289636745279966,4.721820600257532,3.672227770752685,15.073079012953835
3.704406379019365,2.2242115812640715,1.1688859845464887,3.073336807734893,2.269827824371575
4.603459327974561,3.190815564388732,4.921652136594538,4.971341685850675,9.973904581834825
4.4192136797230575,1.9648640390682013,1.0458593744697664,4.137923590445242,2.6581070005447685
2.2633345044666635,3.0328456264763832,4.05278275411196,4.952423131879513,17.87634323840755
1.5455683731398304,4.989922669137222,4.698445637874459,3.852930638778828,14.253992874644176
4.854492874798257,4.296009450673749,4.5585547684727565,1.2552909900753493,1.2720879845869444
3.435817576948536,2.2658156993283107,3.45503478366594,2.8375526634359125,7.423171363444831
4.3240244813236215,3.52141580324473,2.662546354522914,3.26735493029404,3.112964684186033
4.882867279271764,4.949821768828112,3.21339862399126,2.7046786060964805,1.7961760490838132
3.9825730718772094,2.512260512528633,3.896515460555855,1.740807754214809,3.779241787253549
1.9490077579077911,3.709823099764488,1.8105299988386572,4.407025329405349,6.4457036573746604
3.4360713286636364,2.789170259900168,3.1771965996616798,3.4479739883649447,6.693687517366359
1.9484020519722631,1.9752364423894804,4.314957101715765,1.0824261718115578,7.136225973856312
4.066202636250134,4.031826887976386,3.3280653491657066,2.758419260518853,3.042020059115404
4.675450146559886,3.8762418861425423,3.3857002691006244,3.931053663091329,4.132316270205322
4.4099965941989225,4.386984595823261,1.3769169052994834,3.078349022751207,0.9365895782070742
3.564810108686729,2.4065866915343146,1.926136125277845,1.0416556707616371,1.0257220796589246
4.62361338945264,2.602015056986533,1.8861046456024384,1.474776308893366,1.0096310916689375
4.640703552179334,2.943419157851697,4.094436193735552,3.494645798770303,6.0944036700332855
4.3942061396774434,4.506113573683841,2.207560649301894,2.491318384842747,1.292667212765424
2.890756753067552,4.094553234842026,3.842391079300042,3.088949507971804,5.813708700839609
4.485337692519234,3.798167603486459,1.6230098115920928,3.4978004756262884,1.6334097213932135
4.67025437874034,4.578691098123853,3.606647464759088,1.398335268552079,1.0376924996146015
4.339322991854952,1.557472389380364,4.786816239067074,1.8120529996239536,7.574417895645244
4.089095165105402,3.115926203439276,4.201966632003024,4.865744376470748,9.590743957815222
4.369698282810199,2.874689200713556,1.4513546455928048,3.174236840180513,1.840410682344636
2.4785484395335367,1.9000824368377829,4.626680171234028,2.6211199793831432,15.684698537603238
1.2008677263798626,4.240997827975805,3.3471354399573667,4.01954582210657,16.103446581891586
1.3719174362030264,4.135192255633429,4.9309190966438265,1.8095474509383649,9.39064033891628
1.5520529951260462,4.220015892771464,3.781520297309688,2.8129164165444926,9.712448303539125
2.8026168009668506,1.7248818353484427,1.0983747638750727,2.051927534115116,2.457729924898226
3.0840970011784554,1.4997673738112156,4.014084173110135,3.337663220595964,17.703972622002638
3.0706520409586657,4.272721122670308,4.21962747450268,3.353021530801533,6.288009952105784
3.954520619582425,4.967352608904243,1.0424002975604627,2.185996665529628,0.3397616645157447
4.1949562503696605,3.6045229850571183,3.736413552026478,3.934493485814906,5.622330114778881
2.774711763892559,3.060850364933247,4.41280084874574,4.920566736280929,15.569026511215936
4.381201404782383,3.4540561914752743,3.665136076386942,1.064921371252876,1.1716583571364376
3.398832593690339,4.710747359883268,1.6111445336332195,1.9669165093803052,0.8098985373361103
4.989084648454114,2.724141375009775,2.7988981524141874,3.0315944032533384,3.44394290655071
3.843448955734174,4.141212641713427,2.2292036619135707,1.7950075688041125,1.1320073542936675
1.2228041747065013,1.5113971725331383,2.7968656110448418,1.5605014078345247,14.34377792134212
4.198991821156568,3.1842884414619923,3.4974786782202094,3.2695450552434893,4.889092876202769
4.070623443043604,3.92128485682638,4.699716599864745,1.467762604093958,2.245922465821144
3.273125764978685,2.575760618135968,4.709083337429545,2.612570297368486,8.677961624860126
1.9678807288819755,1.4420301357743883,2.6881824181076515,3.647427444282383,21.21345517175082
3.258494353927364,3.290242505820285,4.539195988135765,2.639957009353444,6.534669783578163
4.491156401495132,4.837016231814805,3.835770715048041,4.437112758006666,4.43954760535929
1.947019907004664,2.9465621539218514,2.494954579894633,4.712640144556859,12.383651513004883
3.47863464870481,1.690111022870144,1.5409380149779088,3.604630655866085,5.450139241337544
2.3028885397398757,1.0726782094857552,1.4599813663312702,1.0437392613235534,3.3974143850872136
4.878695214474669,2.0845266898470194,3.1627736115195035,3.723948217689672,6.7882486887203255
2.1175298666749973,1.3002153747852705,4.340268509841899,1.99056631684408,19.22065615049948
3.424513529379169,4.416293868407136,1.07912489710186,3.6204261253238927,1.1741532864681783
4.701372773696006,3.2284824451180434,2.0781779029831133,1.4349592070703792,0.801244345720313
2.2149536091360367,2.1252678762246475,3.811595213085593,4.443101217161774,22.108167235402583
3.931406628044265,2.018765470615623,4.41119519755494,1.1231134874194266,3.4433896273820923
4.640814495097764,4.217102734372158,2.972791457663166,2.289188195024411,1.722838143123318
1.653261291629866,2.2459661364568606,2.749178274327156,4.59535432183829,20.881405811943495
3.0556133394691614,3.042930588359797,4.797537418389965,3.592260108420227,11.1531221096479
3.242773081216264,4.021453454044276,2.5834471637650007,3.9643180076120657,4.451434988543379
4.932129335645227,2.5837096092894525,3.032456348752385,3.126601277300238,4.1926739918148686
3.5634938996641905,1.4508185106985243,2.288536337964934,1.740919311973839,4.359225305933673
1.912311914430308,3.649495131622244,4.289608675388556,4.39731296202865,16.48708525690226
3.139910543496743,2.38245687736458,3.0834682466055554,3.7558793678130296,9.235783763580407
1.82229979460106,1.6598931855828467,3.333575106019345,3.0842042688302747,20.860559119740117
2.3313154785549663,1.5240664777273407,3.348230246692569,2.261475781132622,12.896271967624145
3.2450641252646766,2.844219414026657,4.526870728762227,1.6155626414217927,4.495420161542346
3.055536618902593,2.196112511034961,4.000699816939214,1.5497822458531756,5.319911220635879
4.593749802539188,2.827552864699112,2.8075924329244346,1.0767046460820229,1.0188354992822042
3.229475660454693,1.3468751701371011,4.592457935424854,4.841651385900104,31.621386916132217
2.1879218306587758,4.338331836840295,4.420365221470421,2.277818608854896,6.177535737142085
1.8463807309654827,4.911632753995071,1.6360031600627265,3.23290460284822,3.187170809938428
3.715345604020575,4.212516899115034,3.4341413416247586,2.2756562615471063,2.6638729245737283
3.3215980542253103,4.991763516989826,1.5119270977830443,4.951506854571408,2.36623350600959
1.5063618213217906,1.4534444359024796,2.99154088853432,2.102512103275139,17.554964611283662
1.2719794522671055,4.36603811946485,1.9200001067091736,3.052824833331069,6.144116609995162
3.5019776323773084,4.771445857685791,3.2955423334198195,3.677030390464442,4.074870781125074
2.878890960735499,3.941896481427699,4.151638893390578,4.622452002606542,10.133147098625502
3.365059954403769,3.189901679089292,1.879689324456454,1.938046266295006,1.6712951927623632
3.4471365582392526,2.1119044451571107,4.821130619303196,4.875910474230199,19.79269120474662
3.243064606705637,1.318666625150554,3.5567391343799284,2.6445009111284574,13.325296060978657
1.318416621028613,4.893197524635566,1.077934219190265,4.8180006009172125,4.574635885760097
3.51579101640925,2.709805093837332,1.66284319130646,3.377060477826225,3.2259446771450184
2.392733808096631,1.5268317052920546,2.51634033873733,4.877701748898142,20.61349549632746
4.65129216209594,3.23447265445668,3.8797651251570913,1.485791642650764,1.9420139166275732
2.813620059921505,3.392540164107409,3.919341974233709,2.933515071962325,7.079178215679859
2.169358833690282,2.365050612198921,3.546513621660278,1.3542220006456422,5.395816329496687
3.52366633794883,2.883915526364018,4.43460491694103,4.4977670891351,11.839350924506986
1.9683119474463049,2.571972631270444,4.8806393070237855,3.855106180206801,22.85602933410884
2.114987230713878,3.331037870990317,1.9492873726397808,2.813363598332025,4.407988293900522
3.914296753388872,2.981641908656027,3.9492451753293394,2.004953189071137,3.782272565405964
2.826023713740247,4.893920465152121,1.4657768485966676,4.427178953694097,2.476311955508256
4.541411557032088,3.37185482843225,3.7418882655341625,3.12010569813303,4.30787650653946
3.495210901812779,4.087839258117086,3.937439285349358,2.822472887814739,4.40419694352265
4.972795351167271,4.172609582735545,1.947894993720129,4.968709400804702,2.459141780110157
1.398721400408634,2.160834508379005,4.821697399083606,3.60128016962932,35.6003801615692
1.49379993375508,4.986764092573452,3.264410152068313,2.566608988873821,6.578754632795517
3.803225540107852,4.015346177489494,1.2133563749134004,2.660609561179612,0.8903883213027667
1.9049596300352676,2.813959350200022,1.667767782371398,1.7956892770770765,3.033998040553869
3.5986612601304424,4.3791095476294295,3.525611265871018,1.7322661035749043,1.9691447750366389
4.102223056471347,1.4977095024185425,2.918703009063344,4.067378930666656,11.647390655324491
2.0485776979692347,1.655370158050372,2.3512316836851026,4.381766330669478,18.59309143916296
4.174983033453993,4.970115310908249,2.4137745643747546,2.7420554458702293,1.545565216493752
2.0302285849355823,4.5685990760556106,4.3131132290232586,4.337469110275883,12.179566290076972
4.353683808659488,4.283953198939313,2.4485862394521005,4.189988156620215,2.9803377479204385
3.9133642202719594,4.597515531410092,1.1592366333056043,2.9128270540734422,0.7490512170413284
1.4889523948813177,2.406919343097812,3.3607392486504275,3.01901347115235,17.293104960848662
4.874889667689467,4.619664104369205,1.1702063918221404,4.755179493653396,1.1058177870798518
4.940621354848648,1.7972807803400164,2.583244925016301,3.7324066206203743,6.334605971614367
3.2518049324989726,3.319650795745241,4.512592392217053,3.6858711386825447,9.189807200739072
4.303606040110488,1.869022756017845,1.322867716184822,4.069757263380753,3.7252972360304737
1.1720773991764983,2.289197862304745,3.41148662388746,1.7370502019878231,13.383026964481656
3.950057313913675,1.7239556081406384,2.0101617361580217,2.5977239284032123,4.335367786377771
2.325260021921278,1.596034490919816,3.373740728966004,3.805407399494365,21.239799129068405
2.036819894630548,4.150279553368218,1.670327454295546,2.2984411637787785,2.382689973096114
4.031618008340055,3.593147255710924,1.9141744491783608,4.4068659912805295,3.181532465182748
1.2688948407733331,1.1072057395741268,2.8162255983737463,1.1339692078736454,13.788017903202537
2.5750934288034397,2.8476996522592013,4.527001202173841,1.250734342734098,4.368579451274956
3.399787416688447,1.0336557877718056,2.4953983898835563,1.3684287239716513,5.619044637971854
3.1908399072464624,2.56585110418477,4.229321683606052,4.222225434587669,13.210338704329146
1.995554151128602,1.3398288388959625,1.785772489378033,1.1954376945062748,4.53332290898361
4.084950176448498,4.28515187200155,1.01472117336977,2.1843699338558915,0.3976927039924209
2.2462197100237105,1.3729718534779924,3.3863536323109744,3.004117632962509,20.230008632532478
4.083233469278247,1.7457931859546183,3.681978002945226,4.044317370538575,12.631649697907823
2.2298491024783,1.6378055300924093,1.0553981007635145,1.4206966004982533,2.111867194076598
2.9983686222977157,3.3727179730394794,3.2935883101406604,4.451436698292289,8.618432207499417
1.136093457126501,1.5750736482849157,3.388982333935832,1.0876050895671834,12.44856000962229
1.6310447483359334,2.363504574079887,2.176428464147792,3.695785455535684,12.616536962989631
1.353963506170845,2.136863419419911,3.867471254433131,2.038579824389961,16.626727565490107
2.8704404532815544,4.592794547733671,4.756449462716804,4.147990599526503,8.91204509419681
2.202527648638305,1.4735044534031876,4.238085686947937,2.4241277713871883,19.394075232772604
2.620792423075464,4.346632242239073,3.2437005158516894,1.1894054324987793,1.6669852300744603
1.1525818313197165,1.5588882169326048,4.879845466486742,3.116245500744713,52.67942729263789
2.6933424298260986,3.8556856234562815,3.53150575297676,3.4502462098269246,6.883493080143685
2.522445856977181,1.4119144933644554,2.455503338994511,2.134361744538851,8.755102331611218
2.716377648194919,3.041507195937017,3.743449265970317,2.1916737508587545,5.752834869692316
3.6485486714255178,1.874429289272048,2.9265753918811974,3.700752508063239,9.458770753978651
3.8934493750168624,3.2453153555015413,4.710359934421958,2.41615805852296,5.174084311251841
1.400151283079719,4.001318433983209,3.4207532940149465,1.014011702375111,3.4115495312409974
4.12931605944215,1.3377286145747167,1.806926717653781,1.368986194097149,2.34322626023694
3.7414008344861274,2.9972317186424715,1.9848399840475015,2.2972415341395287,2.0873386153242524
3.067733835742084,4.689343180328493,3.206585387102983,1.303250374984852,1.3706728561509478
3.298175104427137,2.1881122137147915,2.5229411374979027,4.068394568639656,8.445808577916385
3.4863606099613547,3.123334592587846,1.1505178359306791,1.7034255485906509,0.7035993881314198
1.980988151987697,2.8693749209474,4.086022508731367,1.8122757457655,7.695499472045007
4.090997688296387,2.242322232226992,4.327197427871827,3.3684989570627226,9.492142392039096
4.5167236028231486,3.203314968300791,1.52480806131757,3.061156531528032,1.567962679268652
2.8134734825217764,2.9136084029794582,1.967388345829037,2.226466267607863,2.8822531539018432
2.241526466824101,4.682040274272935,4.817187627163548,3.546419714896603,9.736001020491786
4.947766725824035,2.6988721645759512,1.2523218399958718,4.373115881845627,2.109144323326404
4.950928795582725,1.7940821074230229,2.818998120966397,3.941586299729401,7.370493671333377
1.768147301526461,2.837864122453722,1.0102018038543896,4.075426418049073,4.67141992798765
3.617005054065768,2.216469962230679,1.565551183732942,1.7249634206967008,1.6557168928897807
1.5638807934580052,2.704004283138569,2.702476130276356,4.360430848764515,17.013709812224064
3.6587620134700334,4.370306206928191,4.350782714170389,4.768425493782526,7.662446055734723
1.596942759091596,4.955593967075231,3.0924290023720675,4.567906229227912,10.722750654760151
3.5365425271402016,3.410381418594373,2.1528965487608307,3.359479004096972,3.2899368656945667
3.3151044901087987,3.653099572502229,2.1894942630850114,4.30273359558432,4.404792270735991
3.0809381005481704,2.156341868335381,4.502799531571743,4.4727771339438345,18.55192608629918
4.244416721934602,4.108947126166234,4.11263419682583,2.601662132042001,3.37639762494701
3.703775157896354,4.0865066595846535,3.3422025278936047,1.6351452808025693,1.8052880739785584
3.5762011410120773,2.750342233680985,3.198937739226132,3.8002521523083295,7.276584858874806
4.818957743499187,2.909774772021191,4.060109669118203,1.712239559944042,2.64178904535546
1.540560525889652,2.12270749515232,4.343255225380826,1.1907677863074553,9.445341029867208
4.1703512428767695,3.564983832290421,4.68358317300364,1.2067088134384636,1.9233157852317455
4.34443708023792,4.620832241503397,2.490110250662499,1.1048575758916046,0.4557632317994484
1.3127710962885843,1.276546547466917,1.820873087396405,1.980017144986568,13.02386515545042
2.223047492186029,4.704456606501638,1.5229157320508229,4.323339698565428,3.4766857783335112
3.70758834113194,3.4404359234706945,4.743220638278277,4.206473482187748,9.336505330236202
3.0934636815925485,1.2170756921591543,1.858803155680245,4.714691653128414,14.13096952289329
4.813885060405411,4.79938650009148,2.367116449715502,3.139572259291787,1.5621677488680803
4.283841613915936,4.85063216292831,1.527195275303244,1.5683614950208624,0.335814510317463
1.5360175572231642,1.3571739981950373,3.4130799459219627,4.593966433228879,46.76053578236468
1.4272696075870512,1.7193780618050654,1.5531541333524577,1.0460121492730576,3.679635536498438
4.66107526921699,2.556287352599002,3.125783584991257,1.9259935029415385,2.7008704631486515
3.37467761872266,1.3247646684195726,1.2854354251509186,4.059276224854133,6.844799389040563
4.7224787410113525,2.180311239789264,1.648430272918303,2.6309286505224505,2.1779081352873275
1.537776483483587,1.4104258039189776,1.8314610600034245,3.315066750384258,17.093139387072338
2.3808994953668137,3.4211310349365847,2.8978328321713374,2.699579837048512,5.548265868816997
3.2962823627162114,2.8284626548873817,3.100190635887012,4.7030532696407175,9.334401467954814
4.224476196232713,3.012304373073569,2.273044823991055,3.510793596315813,3.4613555422474738
4.975717688148727,1.707444784363473,4.347384524573718,1.6643212564886285,4.866659355613832
1.4890185336169286,1.5186423498169197,1.4822224983700618,1.0865572782269557,3.993578222915663
3.4676442012306623,3.212391095133602,4.279935354591563,3.340712949380604,7.575124628410959
1.3574048510825096,3.475485549089849,2.447334480416068,2.2130752663107778,6.725023204719349
3.10633397879026,3.406239685254112,4.845999708321559,4.409583616714799,12.195861203994824
1.3147343993537026,4.321928819672046,3.997548563653576,1.7355175032227603,7.182477637049386
4.719958877570992,4.76504528974907,2.0749575911335936,4.493938030735597,2.1369304147161703
2.039569340549006,1.798980903182945,1.2026895905308883,1.754007925738199,3.1354732507991843
4.452819001495447,4.332476814112143,2.4606839378944327,3.965343241277742,2.7041156787562963
2.719833184596639,2.637891620162681,2.3316818741662524,2.462675636475645,4.5452771944054895
4.546367096191477,4.0262504011305404,1.2377645624940965,3.656011978863809,1.1065991744854484
2.4861063916607167,4.446529202984069,1.7397668257474344,3.504083393997864,2.9890266021477987
1.532451920325355,1.4446214751140984,3.7300218492170583,1.6875935535376931,17.37028771347863
3.2642048147020755,2.7370858668716083,3.987265458049397,2.299517487807535,5.960931817699284
4.153476817741241,2.050500252044222,3.115648000842236,3.5377320070723584,7.641949481839204
2.9879847270576123,2.76307597917243,2.409959158044592,3.060358174963412,5.127781485138258
4.380914369867051,4.586909073086181,4.97448327417483,3.3436419851096173,4.716724544829182
1.0037428094656846,4.774107710945029,4.067573007965144,2.570229211334944,13.214025766346987
2.595588824331375,1.9063029737220027,3.658488531400296,3.522686014282196,15.870531501252774
2.351159925233902,2.385329812718445,4.194454978077189,4.574914450013688,21.002357126686366
4.230616128356718,4.787672737802836,1.3754614401307037,4.243180542263044,1.3562677899863826
