m,v,u,w,K
1.0993588412003517,4.789285764511279,4.909516472664018,1.069249538103607,26.485700820083206
3.321012231596986,4.6741829052970925,1.8793141310763857,3.690596396142316,64.76025193575452
2.819494470689878,4.762950345081709,4.063574987509552,2.1271142426333114,61.63831164770751
2.286649569687172,1.0460169455113353,2.787791365248742,1.546751951510743,12.871977740782215
4.921623952453394,4.553699204830982,3.842209096843928,4.661585752242788,140.83012582911087
3.2328890658935627,1.418216919614034,2.212016247463916,1.8919429696810623,16.946486545988684
1.084057608498016,3.668177251065036,2.673044697140156,1.1522043485633104,11.885752427439252
1.4991546506928275,3.336971930448865,4.026059472124858,1.651834273163773,22.542108618598707
2.578713204175923,2.864164930672252,3.1392796873008035,1.5336721082521143,26.316629333589187
1.78365358704125,4.867642660945758,3.800109848967972,4.463008843716204,51.77342407193351
3.044970193566452,1.2047739410397416,3.641923779289863,1.5354405025609803,25.99288046095548
1.897520729635028,2.273709127789157,1.9554270485241525,4.320769688206909,26.24508248970268
1.4963234064382362,2.1602277743434053,4.78344204797753,3.046076505161213,27.55216494714876
3.5505200528373795,2.176106160864531,4.391396900581199,3.1996099069343336,60.815630070247806
4.339341140201804,4.874173334965545,3.9415622634922713,1.214639001649629,88.45492342645065
4.370997260519259,4.299044596181106,3.3187361988043613,3.557659825732548,92.12475079536448
3.1692924398521383,2.461016134851106,1.8299672955323825,3.8404360056791016,38.27606682995241
4.885995330207579,4.32123008505517,2.860070550498188,3.928760869439567,103.30996157573496
2.7604855398910995,4.551669575722753,2.0055061888807093,3.8732018334476894,54.85283997915438
4.204762713876031,2.085575197215232,4.821649105869385,3.8090300533851367,88.5242022219149
2.0756883856003068,1.1658698129809215,1.152718984514392,3.6552023821005646,16.65586113897636
4.8017185107423215,4.675740458910901,2.344328197727455,1.000727167186965,68.08807654000726
2.2756047356234173,3.769532173532441,3.930365508342124,4.980391321717546,61.96635943007238
2.2931011065299693,1.5757384935097103,3.0190177594054526,3.291143501954528,25.716034621237668
3.2545015100913237,1.6354958249556582,2.739931656111008,1.35000621732932,19.534476287154646
4.101308698168976,2.8624585579071544,1.34608389666692,1.2208635006302204,23.57456548117628
1.116650309864085,4.780059287394572,2.4194053089735825,2.950987343477025,20.88739915998868
4.4078400925968895,4.942833706279708,1.2641820471733247,2.300739012135148,69.0337430987426
1.6081076685978777,2.260378776897898,2.3627776811317456,4.926681713571737,28.113117801495783
1.3566628488861294,3.5963481642659527,4.556975065147212,1.427849461688547,24.24254486402016
2.6478248758962373,1.1560895843596142,1.9274911705303737,4.647945614038971,35.28910285144332
1.8526308195214023,2.8129557479782896,2.036545350287071,2.6438682025767206,17.646564289817054
3.6191722431041455,1.298901864561623,1.684144713326762,1.1209620225821713,10.45948980253181
4.522251819017563,3.956813591657693,1.6430421132061324,4.61492196727548,89.66147925896728
3.6540935512513646,3.735147146909781,1.708625829874313,2.164570174450412,39.38398559872727
3.7419851705453753,2.4544174578105844,4.801707307587569,2.2971502288381758,64.28254785487127
1.6416532761303486,4.747929770434903,1.8757924546112368,3.4657215979937117,31.25105402921936
4.113509425403568,2.258132193196241,2.260566743307647,1.4817849573799022,25.514062085106257
3.179689302556888,1.0514663586007753,1.626847423746618,4.104723665620099,32.75234262467308
4.902115316964288,1.823455092677716,2.2160685503179565,1.7450178412811583,27.65046860766852
1.4039082297751615,4.2818589249187085,3.92243189980033,3.4123804003357234,31.843536218260407
2.6116093408393266,4.990466544024962,3.4736528429422995,3.467408834071388,63.97652144971711
2.872174071679963,4.913217678573327,4.141931318215798,2.494605209213732,68.24049810605548
3.1533453101010807,2.260744341758238,2.2725675958823253,4.340284655496454,45.902615981117975
3.59490857236308,1.0755166306292132,3.529426820672177,2.3894339759734904,34.732181186918574
1.2288256779832882,1.647948699838861,2.180961002506554,3.628821806568965,12.681894813410482
3.349317899666482,3.7166535163060286,2.06411376315733,3.989524095195849,56.92229657662689
3.772319393408715,2.350979884667783,3.0432565923390285,4.763311625794405,70.68884191523523
4.65528185001895,3.077720818055075,2.593961218216525,2.770528853394277,55.57668751240708
1.8252855765121665,2.709364943193161,2.150266499393221,1.567277635675166,13.160914637414928
3.8018262152411753,2.012798066149404,3.926119250172085,3.4436173952407403,59.54471388319882
4.199532085908154,1.8995226679851007,1.5564254913212383,1.2195923357253102,15.786150596055652
3.9260058523,1.649120700484962,4.645486054241549,1.428723580498268,51.708227286773294
1.4383496587430655,2.5010164787443645,4.297003453650917,3.620673940319161,27.20537830942104
3.981894912540747,3.904201075324705,3.446784509545908,3.802811549839726,82.79252498028887
2.0415657431575958,3.006223315185786,2.4752156620133245,3.531771234234336,28.21186542712264
3.432491018504301,4.813973185930598,2.807742953456071,2.1984110900740035,61.59737223284387
3.8852472996947687,4.986342124272064,2.644287371035756,3.340571074009528,83.56249747703703
1.3323284433021514,1.2422615952854217,4.127669440180535,4.411050178335724,25.33970958252919
3.0052313740601795,1.8328211383182484,3.8006886171172103,2.292078125929752,34.64744688252115
4.341372437464337,2.9083549618163134,3.581521740370347,4.829813817223274,96.8406681382044
2.7639215322328736,2.057157966407944,1.838679191622679,2.554390037244045,19.537537398679007
3.5468133966512974,1.3402584670943187,4.755293479410423,2.1388261083728333,51.39986281618022
4.775705368977878,1.3387790209987709,3.586261257992187,1.1591549462272033,38.19905072813005
4.454771789088592,4.010809874506565,1.2914090967726972,1.7709327766558562,46.53128567048076
4.166974543974723,2.559781554123643,4.557724673601564,3.3542336870522047,80.37306218909687
4.908339380511026,4.041639524896136,3.451630537568724,3.253484502180413,95.3046485871364
3.3487064878872155,2.848630653824884,4.480790653955102,4.460359238080935,80.51460103274542
4.527527943836419,4.160450655908466,1.4872352477357729,1.7740534511536403,51.31609735435624
4.208668132710224,1.529956369130118,1.1705998326950111,4.354866706518802,47.7177414364654
1.86580569500877,1.18516042840157,4.941013906318851,1.77026140420684,27.0094490490046
2.468833951952316,2.899807737445457,4.697997037278818,1.3410728609535632,39.845174643282895
4.138338092145686,3.947378442791873,1.2731864190262785,1.9203201049144496,43.22583014998675
4.459888328948896,2.4698576635818736,2.0992800339365414,3.243686913645056,46.89277853526334
2.853806246976478,1.2598051440221285,3.811144066724555,3.450874240872096,39.98248350019967
2.491556687241617,3.260830580800421,2.8423082537463658,3.2446314124642304,36.42576805793969
4.872034514889316,3.777271953284107,1.3997427045802744,2.3000458667148065,52.41645088750325
3.174249880068917,1.1594049036647125,3.3009017305235715,2.480967434078944,29.19575268914996
3.2497223900306738,4.723902004728892,3.744491335536373,4.128752825605786,86.74007145102149
2.9113273758973137,3.164252516957227,4.307471429387755,4.327313445021282,68.84189600350904
3.1808442131702632,3.788270972943729,3.164949329216094,3.581586519539888,59.15680505084882
1.4505214259040593,1.5151706145175805,2.7025333186898237,3.740029558945225,17.106905339274462
1.1705518936921773,4.755786431160828,2.946105057678095,1.7700886437653611,20.151199156773835
1.1041647192598243,1.507536074376037,3.787615024079126,3.211767639892642,14.869865751406246
4.162742259916583,3.9075452239747728,4.067794690467907,4.62064667622017,110.65867500065715
3.1226127248249327,3.963625469255777,2.8689215299260344,4.144053501874533,64.19188863736382
3.215651645618326,1.673226619642021,4.521829059302917,2.713316204839004,49.21347464584447
2.7265878106040957,3.250363541247105,4.409445177983328,2.820682009833988,51.75652188759296
4.225371315848447,4.236558998102723,3.247548914825163,1.0546441638505422,62.55087669431526
4.278717590425693,1.9454503369464533,1.5947348496234492,2.8619873787188923,31.061196335415737
4.595618862436484,3.5772261998095147,1.891930471535268,1.5182941905127922,42.92575814032045
4.474876130524264,3.605027594960976,4.887469232503788,2.3598318629493518,94.9845841302101
2.410624921640917,2.5951081088373726,2.1589810206990245,4.798837089291951,41.49242652320379
1.5304348349210397,2.170422655227413,2.3719163021498484,4.382413976369236,22.606262391986213
2.781305993441836,2.598951695310878,3.0316470965558877,3.943573626672997,43.80168527730918
1.5730028711834727,2.163206089296485,4.037134731435488,4.005441909929859,29.11744899112001
2.040025609765552,2.649386380474139,1.2467338733929378,1.0995315446036242,9.978339689493897
4.0860221790948845,1.8880707811410256,3.4757390965995403,2.986569884758437,50.18692130261135
3.669782246867354,4.777081504523615,2.6976328933560936,1.2833701323915636,58.24819636714162
4.256615535945133,3.2840499298868138,2.430780468504313,2.502097666716707,48.85353908847149
3.949456899104244,1.7829693596784877,4.502835220155614,3.071237953309579,64.94290898190087
2.856721925339215,4.641175938876256,3.570463775877181,1.853099545785368,53.88163722437542
4.033181922397011,3.011697542549713,3.363517657849071,1.6166038541778769,46.37550430945013
1.3266374659848248,1.842792583825521,3.146606449065716,3.9019146649826175,18.91914685746101
2.913785161292055,3.000025824854053,4.54067934477812,3.9245955131107206,65.58984857210565
2.186969818056531,1.3568823016486702,3.819286075504575,3.979187949813365,35.27802374568796
3.872521696372056,4.487143100319637,1.4681364129294143,4.469314963121993,81.8353947428887
4.699549165404942,2.447031609216175,2.458947882342837,1.998130760212558,37.65963731695037
1.4102934324013532,3.264699632351032,2.243403868586197,1.257130245163362,12.178942256572864
3.452051895420876,4.5566931465995895,2.7204550026445053,3.1991294815125584,66.27725144783648
3.844409607039962,1.4994909079823486,3.0647962451950805,2.4289720508668218,33.718075364180486
1.6994961233279169,3.895742584465205,3.892333272703697,4.437803499853064,42.505390969534886
1.8227884444906064,1.7015304282600925,1.470139896485227,2.6628654246572374,11.071042271480662
3.6302391967595096,1.2618549523478353,1.5523842959118088,4.5841276880832025,45.40776079534777
1.996519257006367,4.414022640280242,2.13477054085574,3.495081291526532,36.19333470044512
3.543042019896546,4.443714089224118,1.0418445233363696,1.2736796745365648,39.778255056516656
1.6087585320390725,3.676642111922016,3.207790557835285,1.3831081512930994,20.68912188649752
4.161022852551946,2.2897504996757347,1.7180073798244635,4.173203166151787,53.2821709517776
2.170940363539001,2.286385931380081,3.365649221409252,1.391819650237032,20.0728589640606
4.974902891854104,4.68810159146369,3.0669499083882394,3.5652095814971982,109.68466310926802
3.76353732250172,4.64253503347901,4.043305940965747,2.8058352240771263,86.13639064841642
2.9601908476249283,1.3845669769703774,3.2075840013990837,2.60795617926711,28.13225700940737
1.5384552121109345,1.58620510559059,2.159465960098122,3.453056483015972,14.694507993072865
2.975328489972733,4.59042837145215,4.130227652528368,4.301639848233149,84.25374323900054
1.1512688485730045,2.237596298489953,4.952151040965203,1.448090366518937,18.205936950727075
2.7700566144384458,4.3973624210596105,1.9169293452894285,3.743617826918959,51.28218110885407
2.125406078136085,2.739130406137523,3.4425184511309403,3.540972539962992,33.89199652056002
4.99615360233849,1.7945421816374592,1.4715666213533116,3.7647280797667664,48.86005271765116
1.490770497169335,1.4589727347929755,4.167394092820426,1.6225585693847575,16.494236063476954
1.4116254037544596,1.1874219128279422,4.928429457566509,4.148233604543308,30.28446776353936
4.835559699148428,1.2750863183744348,1.1356973059538538,2.227215942743676,19.042783091294243
2.3474482464704995,2.0944119121087024,2.560644806540163,3.768577270163586,29.51404159083722
4.664067723630771,1.5631231723122945,3.641764590327124,2.6816622723611947,53.39684967777704
2.3554220117095874,2.151132563762976,4.228893327282954,1.8861523513069507,30.70113671199412
1.3063946487709974,1.388775642461794,3.620535916666853,2.1770047384448863,12.917844366057173
4.364252333065874,1.1207317734436997,4.428889223030755,3.843795333673065,77.78376825348663
2.689347527370966,4.529441598511145,4.773667558353654,4.167289549058351,81.58141820720358
1.915563277762454,4.112157546160871,1.271262742054022,2.586931032670293,24.15349139168073
1.8042998114434703,2.5813202177386776,1.2607546245489876,4.5443488885169945,26.07558129403944
4.539328789344979,3.507648710703095,2.178476280569849,4.2929560323649,80.52503693992095
2.3686753792862723,2.6642809364742157,4.105376143127163,4.582246212246778,53.2353710331134
1.8355843109545589,3.648160729821953,3.055697858363877,1.0380889925104069,21.77369638698055
3.689651448395405,1.7168408772988717,3.1967758499635406,1.1216758959516038,26.61174989179733
4.179261529306516,4.735685414050229,2.2128665815563484,3.013854966599527,76.0768040278213
3.264296319603042,2.323533053276932,4.128449769835175,2.553157769820805,47.269488226039535
3.897202886734256,1.4457732495545574,4.923092530060841,2.4345836197908035,62.85077115126558
4.489565012531033,1.7923981170467322,1.3369988723572377,1.2853405054130105,14.933095089387995
3.90268814592885,3.309462899377652,2.81620016673407,3.6239463697270553,62.475237469349565
1.912211379114356,1.9757021875512903,2.5103227998168824,3.329580139157285,20.35666001800491
4.729798292479563,2.86287634979814,1.8151553507475024,4.351116150323212,71.94747262894154
3.3726810937831417,3.385225371546635,4.415337259720015,1.0597584983468686,54.094502903071415
4.525482300487052,1.3000055997146651,4.704999341194479,2.6698013276051737,70.04286378097686
1.6965913850653245,2.336709420551791,4.320149475485545,1.7167588877493771,22.964351376427476
1.3077204889564094,2.074735856551392,1.7571008126066738,2.0917456196124857,7.694190498141724
2.191360264917039,1.3067633673650296,3.629059070306025,3.0065960045645475,26.20573209224513
2.4795468625160386,1.602015307728924,2.504469773924317,1.3894665343521084,13.351664521251772
1.1339830700173543,4.645561869385446,3.708081244099153,4.188554924574143,29.979736353092218
4.767841620607028,4.012715431599517,3.574196237760621,3.249293341609158,94.0091330847782
1.708171665588099,1.1779978482966849,2.456482659134183,3.106917742839163,14.583450552895092
2.3166274960787425,3.7163150096989184,1.8053710181255127,2.9057345459608097,29.55281736775615
2.9895013563200945,2.626289854381303,3.575255866572069,2.8562006814476986,41.610473633491765
1.1180909394550276,4.475525403457912,4.728890356576013,4.9876144737770165,37.60644635177872
4.609595254767431,2.1981174149917493,1.091468918620956,2.143997794011743,24.476377164344527
1.3124943759534131,4.808895523562189,2.6792885169919223,1.1840400156227089,20.806982445724145
4.276354022156523,1.7498307447973205,2.0527919543552144,2.261804774897308,26.4954840337633
1.748410471988228,4.996332299364759,3.6121151316325593,2.0746651770956355,36.99194889863941
4.170169512475463,4.877560246989999,4.290277156625628,2.7706250857858143,103.99033991390267
2.936605388730688,3.712186676469281,2.1269873837471565,3.5164159640982686,45.03223646973483
1.066949163890026,3.8029391000499273,2.5787597940171407,4.458768172042146,21.868702991401964
3.2385116610303792,4.381491834529838,4.4581420622340975,1.9451584387907377,69.39505893245001
1.0320640040828963,3.38711124784348,2.605978347337648,1.5744227106387243,10.703769354727704
3.059588946785817,4.21842070379817,3.570572046943014,3.5323441238103017,65.8140728024655
2.6431424443805263,3.527318741093305,2.2444066886977745,1.9663708030967548,28.2101972225288
3.541595065283816,3.5895370589590354,1.9977926293712829,2.286806556576613,39.14425137592342
2.8745013362748666,3.283801023911255,3.5892376004887123,4.814314291115146,67.32599225187573
4.032839558720779,2.008557697711283,1.1490677072791304,4.915112880225472,59.51058736281916
2.140143177001577,2.6905793099890074,2.346308344656346,1.527710387214522,16.134837853041272
4.349335315121053,2.191478896405391,4.343380556206808,4.888988523870703,103.44838200672496
1.951191394761627,4.110056838765457,4.752720588770757,3.906729949355594,53.407483167458615
2.09346077514763,1.2125209753925303,1.673910147651966,2.9980439246618946,13.880115624974616
1.6724321003542983,1.5250419245173186,3.6774282921910846,3.993313767261716,26.588147049098307
1.8344370335900368,3.2461152520607794,2.227864561924373,1.5369663917191576,16.384192205857335
4.401888771851814,4.07312953460162,1.0475350737338591,2.8266481792686173,56.51508811948132
3.2798404232198206,1.1651773162431147,4.729945007687993,4.112814149923977,66.65498040508672
2.5814135715456707,1.5468698699939845,4.604774502340726,3.735742330277154,48.46929931838771
2.0909639042001467,4.945751201574892,4.759724691828999,2.792169517275181,57.40913349720889
1.0996241882701927,2.8182383758732743,3.6747341197688543,3.1370457075762057,17.202077743833172
1.2795305801545034,2.9772635423515315,3.666839167979229,4.563753032399704,27.59797079775087
3.912500097150817,2.020167591102924,2.9039609743462536,1.8059147113380165,30.860616024705948
4.625702013560241,1.7937368075143745,1.7410709776597737,3.909688255204521,49.8060486905059
3.779686337716234,1.3825331588134886,3.605910428906265,3.857870495901911,56.31194551867949
2.78236669448593,3.696844086033345,4.51877486116986,4.487860837251639,75.43952872410641
2.797362260454953,4.557985190013552,3.4253654957091277,1.9302951783505136,50.68036769474218
1.5268540596986049,4.188111950281838,4.774584603990986,4.980380010123451,49.73049549886778
1.787629293437249,1.4874665015861233,4.213830207308094,3.038672503323077,26.10157948914444
2.7342929512719327,3.723328864698906,3.230839778488648,1.6528063269568252,36.95844289980544
2.6009782205386136,2.0193484570712497,4.293874548630256,1.525338386483016,32.30646960252204
2.993048819897387,1.3048760862516793,3.1661583307358376,1.1587838782570326,19.559634276530826
3.0136588576976067,2.3021793673777267,4.5232633434827925,1.121402335931195,40.7107404564502
1.0465168506012883,1.2252634368707218,1.0052620569340704,2.977325501169445,5.952739294349029
3.967854343583002,4.208394196395123,3.6006988288954247,4.207232642455183,95.97529466035816
2.2849583763469843,3.773717804513085,4.878277728554744,4.897092063671119,70.85661676872948
4.5635912031171495,1.981641320442017,4.83515309111935,3.914487975652071,97.27026275819236
1.9734389730977089,3.858587655370376,3.676038421644459,2.3657293403032,33.547113187141264
4.201263728338689,1.8977421790423812,2.361922278035072,4.292300066849992,57.98572032983725
2.4907296540363464,4.649969898900363,3.6161960347332816,4.879043411045815,72.85902114198679
3.32113991880848,1.928788475102035,1.3549855172764254,3.201011114564247,26.24146048392833
3.5155830070027645,3.0372620062274223,1.388237533713946,3.643683490299047,42.94037378383656
1.6581652172972956,2.704844958384451,3.750172299231617,3.2848130700098914,26.67156714778508
4.356271574605774,1.72521084275184,4.431924995393484,1.9642988276482525,57.67002532001938
2.0936762149361696,2.3519870636903843,2.5625451421854084,4.090233907704744,30.178766281471965
2.661347716361628,1.558124929892872,3.428397270084699,4.926990499946401,51.17358687290141
2.3307510041925,3.040252176670028,1.855662905274189,2.2130083371393536,20.49199081652524
3.137877760772513,4.669249578300387,3.899931547848908,1.9710456698459355,64.16391866431798
3.538221651656176,2.212138829796786,4.267598167154665,2.066654940078207,48.43297354449835
3.34139229595428,2.837475452993385,3.859857777916395,2.577984642297543,49.44554533084843
3.691346927410028,3.580232201261223,4.200419704366164,1.5807933487271182,60.834312668542175
4.401027249146492,1.3785329319251312,3.935382128854772,2.395194603784509,50.88587134931564
2.775089907337032,4.108688291825735,4.258318099266209,3.5617715060892725,66.18701650237061
3.226632091705586,3.5235066787729283,2.6899316559113062,3.8030944845606336,55.0372432322314
1.1131600594344837,4.508470186461378,3.4271561931114776,3.719719275237451,25.55148406396457
1.138357084408438,3.1601271563506543,4.359370346608589,1.7647592397876166,18.273413712384187
1.5635951361469904,3.5571847306717483,4.740691434471003,2.7676518971374704,33.451253748380765
2.337140925989341,4.555566472594435,3.947713483439196,1.6281376676171295,45.56076263476805
4.329814547987297,3.025019286059758,1.233568140128419,1.1442968380920724,25.939588356255516
3.3602686006944125,3.152314467524435,1.530312499761974,3.670953848058626,43.27159849078854
3.888039295728629,4.675172703593066,3.473907262723454,4.247484517591239,101.02369525239138
1.98295983457947,1.7265282107871165,1.3394642126168388,1.8262235885923075,8.041057429732096
4.794005311158347,3.877075771009492,1.0931175203688777,1.4158818656662242,43.70057975508308
1.242578496279776,2.773557596814794,1.714439978022904,2.9169848364652387,11.891927711017756
3.654159454852552,2.303021750914558,3.541167814761104,1.125259028126806,34.915469031266284
4.629952300191055,1.3684746400410717,1.0145764634483228,3.281035799122752,31.639436857125677
1.184466576447607,2.643525750835836,4.005305050544935,2.7579847239710453,18.14435588762931
2.908785864739981,1.6885177978789607,1.588810614973089,3.6696940019028377,27.403767027684783
1.810973475351918,4.0868836480283095,4.989608164660056,3.22614386548678,47.09147838103848
1.3224792837344754,4.581985063920881,2.365602730102236,2.6991100007472144,22.40006034331641
1.0420522881783452,1.2067376078453655,1.4679329916584891,1.9870194312560876,3.938587273907869
1.0372271870773613,2.471072275560042,4.195097979486646,1.6001023103532246,13.621579296754842
2.852823642306789,4.137945704391241,4.204986596729729,2.090868346353025,55.88144809708389
4.021149875728989,3.773877105527661,1.4251545016991378,2.3729154248372297,44.03951556856492
3.252973052126884,2.756013973208085,3.609001036961593,4.8510575409652965,71.81468372590167
3.107308789927034,1.3647750893214776,4.769796602583337,4.066944995699073,63.93849057577821
4.327799146268536,4.467249664654961,4.515761480775327,3.6132383111760498,115.56070326978563
3.161405300340142,3.2984474269824893,3.8799691641262593,1.8358768190883303,46.32147925747018
3.685523846041764,1.238353343395461,4.965320916865352,4.429566422000161,84.41506157800231
3.843436934713452,4.46269034991813,3.408465735513939,3.458800416022738,83.5881121540713
1.1471325721518046,3.0285519655341684,2.137524947176528,4.496973981519411,19.480556528761703
2.2908497621546995,2.012876461932924,2.66778203456916,1.2406354191924165,14.555955015701002
3.343851758533123,2.771714477612764,1.174982255732512,2.21507942056192,23.356071036216463
2.126061134265953,4.413181331121272,2.204804452635607,3.669302543909904,40.18373890367071
2.3064764826245185,2.050844959674617,4.440590445858654,3.098934508499712,38.66600660527822
2.0142407375033646,2.808822167107917,2.2081836369384167,1.7493283949989973,15.93839164241909
1.3787501516061955,3.008649342759648,2.852544575068602,1.9457253611144028,14.459524056995509
4.48295762771261,1.539793664348244,2.49952377137784,2.119271903164285,29.385556404216945
2.238337144976604,2.484137763289388,1.3953986804098566,3.9635968859813047,26.667748157421208
1.5591379952551407,4.8806584822705865,4.737150266335689,1.1707744845739394,37.13253399068062
3.876332067378999,3.965161499994613,1.3680303080095872,3.448926496027648,57.1547848141001
2.1390210577115223,3.8114037995839736,1.0549901858591828,2.9572895540336765,26.08040432031555
4.151584999080821,3.175885333667509,4.384388788937613,3.757958039086773,90.15449409095136
2.779530745426688,1.0397288059662038,2.250243911037733,3.727658376293709,27.850996213670783
4.103469559927786,3.3166270681392915,1.0760260958394938,2.3142149308270423,35.93292989028024
2.091778439399389,3.5324755080617734,2.9344359361165053,2.069357882297154,26.53581967455567
4.660386125408076,3.1158049621381667,2.4815208531131416,3.4192679272567736,64.21448049399501
3.7694439491007783,4.289728307999631,1.8581887802617485,1.2412060836381502,44.09349850490728
1.3569648962262535,4.082502960622876,1.8896494643511723,2.764452444976545,18.915956885255973
2.709593100685262,1.0486554232668523,3.547003651221229,3.504932544638653,35.177922736535955
3.447268930906602,2.665711933727017,2.4464533048850767,1.7029296314464268,27.5628511168493
2.836188888144538,2.3821709680319287,2.0921312022442984,1.468460530260094,17.312278230194853
2.309526749091408,3.4968696377076576,1.1507245026686177,2.5723741767584367,23.290853285016254
3.219914804009417,2.3032308692234835,4.336734393981912,3.2216271634183515,55.52907169747864
3.1241611988030207,2.139145262610298,3.1959066331438706,1.1307356258254542,25.10001830660904
2.9524256600573304,4.843472033755123,1.0719356987715891,2.5693047921455388,46.072003967053305
3.9446657913929135,1.0470527832023897,1.7943075937584974,4.9024507050645685,55.91540522736625
1.155330277238833,3.484015756962368,3.041246934157729,2.335757204067684,15.50644463803132
1.666433456668075,4.285821148981584,1.8830178923278476,2.5373564731775664,23.62352497195221
3.9161201266066006,4.735607672391984,2.533283480542922,3.7958864491559736,84.69052129806207
4.49353420308989,3.269434162727278,2.2736765108410717,2.0251423384498035,44.84548507759608
2.20620816792631,4.105365159899952,3.808873238221244,3.178176885030328,45.73728403448167
4.801800269639228,2.9505089950859618,3.9678036175484817,4.944017185259863,117.38546917254396
4.232135167874088,4.674198494657478,1.1387797540052071,4.912756850744534,100.0479520869717
2.9004039531771006,2.8350645139231108,1.6277037426012029,2.4197418503565773,23.989474425743776
1.2680548677164665,3.5593999988640834,4.542765428329334,2.3707173979750618,24.68037194213992
2.711896627651825,2.8554618111304912,2.637845703295476,4.982806914800904,54.15692394228639
2.7529724441118,2.634525235326145,3.510681425419607,1.4554063738335712,29.4345267216002
1.7036770448898344,2.493620331951811,4.637098301881036,4.072427592221446,37.7411227247569
3.144089985574852,3.400090818327923,3.914169376745725,2.015410041152516,48.64412952905851
3.0359202946901958,2.042251198669561,1.3498740039671775,4.664925813341839,42.13019854105943
2.852722525306352,2.195815226318385,3.2463975259282982,2.750875306316694,32.7036343588039
1.9101331163125572,4.052925363046315,2.5489822753291485,3.984995500647649,37.06011981149389
1.970220591479202,2.7865470358575117,3.7446772594112674,1.4287917680285176,23.474092831372687
4.03389203337388,3.046849065126245,2.971388324631686,4.148675430450794,71.24649142936008
3.5710223796706737,2.3211092957362043,4.3533735132500615,3.783255801128953,69.0143530024839
4.842900054440101,1.225368777321484,3.0919667490720126,3.4999354284223734,56.447232820960366
1.8189158643382992,4.8039185547059,4.9056957825628285,2.105573752453429,46.90704393859064
2.034347466596121,4.029747594594715,3.708418530111677,2.81654975204262,38.575486035287504
1.7874506506010706,4.194971951076818,2.444196548139283,4.108069294845237,36.14950899701063
4.493157779875226,2.187757596287613,2.7327628903352705,3.029071737116813,48.143178927242566
2.087628192440794,3.6619454304877497,4.471345906477653,1.114077780898486,36.161841117828
2.3988910704606194,3.598823966451119,1.4095896853193732,1.5010228986647078,20.620324010715493
4.402371236546927,4.430236749724761,3.611721645149048,2.7105762999441985,88.08870747957872
3.3921196784018868,1.1039325004351157,2.3839520252315074,4.385181293592981,44.32094250685096
3.0558836494413057,1.735167938082892,2.223330292132071,2.525358113997913,21.897605003357317
2.961570000840242,2.747963520732483,2.04909153836951,4.51005445322565,47.519383996204375
1.180652238489206,4.57109015219411,3.988536754598963,4.5926340192995045,34.177271798041694
3.5745074387908047,2.869154678618636,3.4800011060738663,3.416748580167288,57.22183591735281
4.176551413090392,2.356768615344398,2.0882794500620707,4.671135902787495,66.27097010595394
4.394039571744337,1.4731844144602575,3.655982308020044,4.476258930843084,78.15540426863228
1.437450829819471,4.196902674651422,2.2821396628202546,1.3563369119248,17.725064823419178
2.657296133843332,1.1045966729285612,1.4508762040497285,1.3371835034803148,6.793690185504689
1.914775549890824,1.645590104314831,3.835748224499304,2.05486817784522,20.72114041350668
2.5817498475864844,2.2702041033502,2.368903453558231,4.163733607385933,36.27643534762975
2.7977431543727205,4.696721281832702,4.040454330677616,3.3423919125032158,69.32254379947487
2.0984756297679885,3.3066905403280407,3.1100753870134707,1.0455312314741092,22.768362792328748
2.8330741039006577,4.113989135003595,4.776006344614002,2.025571901641139,62.098271314287366
2.54869251224394,2.9269527372976896,4.887616585880936,1.6297399750482144,44.74471907904399
2.313986888116636,1.9136862418326563,3.5822655205646914,1.179599838425618,20.694305309549303
1.0188641798530211,1.0153652729445124,1.6797455461220905,1.616693390475468,3.294094495199344
1.757342915661491,2.9687687079324987,1.1213423566848384,2.4078512211045404,13.94341227071631
1.981117205864916,2.028921782209029,3.962148322878023,1.0985419317439766,20.823460849366523
4.619448441206012,4.5556539569738295,1.2442069035846544,4.743894327287197,103.4908134648511
1.6725506689725211,2.8927805553712647,3.0439184844774694,4.731634729545548,33.46939997608991
4.328059311497754,3.4472506515434147,1.3783386723085385,4.280475695748336,69.47796117046954
1.530253509551648,3.771816309167897,2.287216314700608,4.113059175004516,27.831648307739385
3.9098844548149176,3.20901481502875,2.2996983217382936,2.371618579565738,41.46620752836576
2.6309509003670217,1.4138932454500734,1.1028966790999384,4.423543446988067,29.970755827764044
3.565788416049009,2.9913778377417173,4.544639139387121,2.353675018297099,62.654240702505774
2.912015279482332,1.281332191923168,2.2861278871268,4.243716248197569,36.22156870075656
3.346937884954436,2.976415061775464,2.9635329714880427,3.868849086356573,54.5710985159489
2.014731425664267,3.8169064012644793,1.9253192373287624,3.160315823505168,28.471403543127757
4.839797614351383,4.616598587522496,1.2999643442397066,3.0488436263658523,78.15870783982204
3.349699195155837,1.2993253510721368,3.542408622794728,2.655257001414125,35.65301740121084
2.405992411120921,4.706207885549202,3.318586840972018,2.229988707508733,45.87537118704217
1.464326816252464,1.0167683308760438,4.587763417743219,4.684392040177604,32.23343532466855
1.548453763182592,1.337475596583804,2.8050022781671795,3.101527490205187,14.924269529254811
3.562108804414517,2.3300710428955376,2.4983904180485084,4.180650076445874,51.91599182944933
1.999097069415189,1.571051398880758,2.099652632725227,1.2107308089249806,8.338846367602702
3.994385205494904,2.02815885971688,3.740665914023047,2.1765271598283573,45.6224304737008
1.9096198151966728,2.1646466551609818,4.247575623443286,4.409660366218463,40.26691022807202
2.5563718816052496,4.204129917846464,4.9566023605310185,3.959389176580636,74.03173463173934
3.3379190517510278,1.237729992940909,2.849793481163075,4.392334001909903,48.30952954019551
4.521237746470076,3.700938757016367,4.069712258739695,1.836929856341524,76.0332411483246
2.6407505781685714,3.3053813880259924,4.495661304693421,2.5262925043226425,49.53872541307172
2.9338825695834605,4.211531314347793,3.714275802835369,4.720228675147284,78.94109739705631
2.3359335350740325,2.7347154467606827,2.6354762060724544,4.04312481307865,35.93981101600219
4.77316857045243,3.2595397602057683,4.934205783190555,4.782040965389421,138.03741447790796
1.6782131106977456,1.052507857947584,4.596365808081551,4.142969514806811,33.05957975819948
3.0496242787173373,4.1962769481930975,1.10010673884994,4.909469961103185,65.44778897161257
4.384503370625362,1.7182740452798853,2.490369978036572,3.318214329076772,44.20665582860406
1.5849533016417583,2.779254522373937,1.6304892299699802,3.845081285726197,19.94457759334587
2.4724335951273737,3.77576439884837,2.660813266432937,2.4916721699245503,34.05128787231155
4.172305535664936,3.167747742657657,3.324087833031329,2.954666515412219,62.19705908845193
4.248161356322077,4.785640021243869,4.297139657501509,2.1620295102873857,97.7972013744854
1.532966862989058,4.377431131105504,2.527905867589197,3.61613395817751,29.608209618142432
2.6709331958573967,2.6123155564651044,1.3563279729726658,3.5542679738245937,28.440949988004878
3.480896809566047,1.4272433881231523,4.09176925888317,2.4143208846861093,42.82990235168128
1.54034168713638,2.0577407864533206,2.2243949577564064,3.039315119785321,14.186290063199165
2.900647962287596,1.9401722345179475,2.578102787840633,1.9219920557218817,20.45672656567621
4.405017216619809,2.325480449681478,1.167735852774555,2.6653007496620567,30.56045542459012
1.5039170396170731,3.1213105183324643,2.6765343445369085,4.889486608068443,30.6900550927679
1.3813626696080823,2.5332745916644424,2.4381819367282813,4.121595126927375,20.27132982694751
2.833840402652709,3.1352121448775474,1.1425516970707368,3.477260695854223,32.90984416532185
3.4747536645839654,2.8310564791730366,2.037886612194854,3.423779259260965,41.50615325470835
3.7859705327924686,4.297369166943302,2.408752861812647,1.6886036450764514,51.3393777466997
4.083877849790049,4.524345148407056,3.773204895390709,1.80188579138483,77.49886499896174
2.359322916573558,2.361163859795981,1.2045418338381195,2.7083857582928386,16.941553754696294
2.644439740369062,1.0722708158484546,2.993381187192656,4.585839080419135,41.17394752414466
2.1099399242544816,2.0702307066165364,3.378745933999199,3.280279765210209,27.916630543729063
2.911358919633855,4.321212916424612,2.983320071584255,1.679146845344195,44.24190370696595
4.224558101930715,1.3954784100340327,2.0004528089246927,4.555556743357364,56.402642736622376
2.7000798765153267,3.46200856279644,2.929035491800346,1.8829600918085256,32.54985564941212
3.6690990470282414,1.178880870124437,4.412440989721577,2.4177172862304475,48.991190919140536
4.32251258448227,1.3457352784359808,2.2489149590564814,2.372788384125452,27.012994839275912
3.486402043343729,1.5059948995760966,3.1621325984988675,4.109320366185205,50.82061507925656
2.07163743173796,3.685054068040961,3.950735838659495,4.180115425118486,48.33265004122887
2.4333517571146714,4.76931331423819,4.174731378960551,3.8388100631624056,66.80912553946098
3.502631690926317,3.3564891860928965,3.0480438462724933,3.305401621106251,55.135399741678526
3.842741294382584,3.0793601611220525,2.8616713999646954,3.4303400592729982,56.562952125119104
1.3775629499131754,3.4022675109007903,2.355160938165479,2.639812112137655,16.593307259272716
4.953822890004759,2.406728367657354,1.0169939754888708,2.341198884740534,30.48540598035737
3.261449036349829,2.3533041319154107,3.9265983866124494,1.9366121374823368,40.28979177087746
3.172913460284891,3.9410001873922327,2.5016270110258887,4.363311949777776,64.77203203083688
2.646193474262824,3.760347656214653,2.677949945291336,4.506945147185391,55.07282331271149
1.4388802225133626,2.0950470941864863,1.303777601871452,3.517460257285165,13.28200478334018
1.0503392079644152,1.0740327097865388,3.510162917233966,2.584210885208881,10.5837093480613
4.6516211723097545,2.508991169553548,2.5629142843113906,2.4348693956713507,43.70699371387436
2.4396566193016653,3.398172296866015,3.607965841244985,3.0239221010837816,41.11931123323237
3.920155953348869,4.888428247653707,1.9183852389854652,3.264077600373721,74.93600620498565
2.4505071698073064,3.2462278682860437,2.532155955523372,4.942359221913092,50.696979209616565
3.533192397636981,1.2528938366579505,1.579062942908375,4.164518886138666,37.81646539437394
2.053144703073444,1.3555534071068136,4.521685172315431,2.350523838195966,28.54705140150036
2.545746490369636,4.700928222822797,2.657339442627198,1.611831482135151,40.42413737844891
2.954883607878359,4.950976391194108,4.837595855700263,4.785314617015379,104.62317514942416
3.292962723004156,2.9416430050071165,4.976816537869295,1.3101986983925964,57.855028646991386
1.1086505517912149,1.2309687679885513,3.7298829271631497,2.786719457451787,12.856530476935278
2.863221972535192,1.452743351575534,2.6184755767206944,4.15380843318053,37.53827466440886
1.2059589287632204,4.471945762834881,2.339061336323345,2.738303489801603,19.87891412995309
1.6461714816821886,2.7148522675172564,1.4836534195831206,2.6074344374582075,13.47421371539502
1.049870805720111,4.942440135414973,1.831454120016323,2.363395431917519,17.515822293065728
1.363148905118544,2.26521036777298,1.3754087503936376,3.985311856459045,15.61189756733761
3.246805039890651,1.6552695063592564,3.4637094314629664,4.640856120636798,58.88851357446414
2.3141047278857823,1.3315083500333378,3.0241981193354563,2.5946472517225927,20.42299603050281
3.1930350275878405,3.5351379684555995,2.4931097326129383,4.662679314150098,64.58452164998802
3.7331185431272216,3.635967588544598,4.307583237065154,3.4533510774338345,81.57081902661533
1.3420219348200009,4.554567299557432,1.742191693118354,3.822866470081935,25.762542265833485
1.338758310450269,2.8351258279241214,1.1472124726638389,2.597770866065716,10.7786433004735
4.400535804086861,2.5590121502306893,2.97385885409867,1.8536482980031963,41.42750586460896
1.7077851882118744,3.7800968461899807,1.7475263603380329,2.14393566488266,18.73392591702201
3.1639493748840954,2.831764015203827,2.109344231904464,4.092114738259269,46.21521299650585
1.7855692023821503,2.3273962836735724,3.958730572315124,2.0709598584557485,22.656369757332616
3.991201698584323,2.724958970561309,4.064091682077274,2.1266816404353817,56.80481288126859
1.343187234329552,2.973156824959508,3.892315187597945,1.936672668195142,18.630329338091265
1.91422545552709,4.118300716380715,1.797585597549289,1.017087541455366,20.315848799013647
1.923842175085714,4.428771609308302,3.5941151923020658,2.339802151899152,36.55911538650393
2.6442865553669503,2.982535822739393,3.0825548247954475,2.1450677616995306,30.40794664730866
4.5345919881964045,4.830866945382701,4.366471634796433,3.2314680529875357,119.81692499144415
4.943765359025891,3.833432537169192,3.538305123963138,2.046108871324622,77.62050182646932
2.6640992537885744,2.424703199126765,4.673086709883465,2.522161692158242,45.39388636809286
1.6340475799537226,4.133517868134492,4.982277625883543,1.6800825106060464,36.546893745360414
4.261209243758595,2.7245260306523558,3.757528372295976,2.8041885670772224,62.65156895036305
4.384801638630263,1.8269177569706403,2.9253773231029907,2.857609478940342,43.98261424676361
2.837127422125757,2.4188670969620194,4.576279002341606,2.3890828467549468,46.104688656352295
3.324230167477815,3.9332084511115792,3.616466485095795,4.80044530299938,85.75389189313921
2.4851258109940786,4.959397849188134,4.672187216210573,1.1708660642138775,59.38939715367537
1.852044100406173,4.291057758375592,3.1717975916526324,4.515638780080504,45.24957691400637
2.3459751166601075,3.276553839324521,1.544295341383518,3.886383240406849,33.10713731208986
3.0359089083055726,3.226933282997209,2.6150553423597107,2.6803977031240205,37.09295469489622
1.9193897338403367,3.9520909213136175,2.744649802089235,3.487101847636503,33.888749442256106
1.979311780181788,2.2879641148284104,2.168885594942351,3.272399843892445,20.433865809959023
3.841496542490447,2.5018802496293557,4.101952462420324,4.952657108673945,91.4549523092851
1.2827857625496266,3.64688518814476,4.593057425197376,3.5140105832787736,29.98140896488916
1.850951641665428,1.1524452108627266,3.9418890668274136,4.771464685511166,36.679840969887536
1.3193012788731258,1.9784629042915025,2.2803280575263725,1.6014432493764463,7.70394899309224
1.2732161795144767,4.585407959893693,4.545393661222954,1.6144088741925424,28.197209359905127
3.31861694175932,2.1674075082646507,3.982091525274579,3.108050289984008,50.13548247942117
3.55174048320805,1.0161975437408135,3.1109211829979992,3.610090624283572,42.16491756455552
3.0592298273196765,1.5128150071674993,3.2469197562546315,2.610369037604447,30.04947413401325
3.400330395366119,2.4954910848421967,2.13904979782443,4.032042356411918,46.0071084165105
4.319978771149381,1.3555357441596212,4.704755285575482,4.960101988206034,104.92107656427532
1.058823534708894,2.6835831196314675,3.30278329237472,4.626650648655785,20.920178254637328
4.582468928000863,2.716996875933218,1.5962281443286943,1.387613792393323,27.16370349374228
1.5408319321896742,3.923247069125309,1.5922484373439727,2.139272876495764,17.337141279861594
4.419855946556112,4.331900879411302,2.52557594270207,2.754832952968356,72.33758046010033
1.3263229372564105,4.560214344304363,1.3960715342551504,1.4206677813951618,16.421779605173334
3.942927637834322,3.160430005688221,3.75578869853156,2.3193669790025564,58.10639181492428
3.7561845487865546,4.697206929624134,1.2288076008323583,3.76811349574171,70.94005333213738
2.9505253699525067,1.3825357325109873,2.9140471543425988,2.109197920892027,21.910294157433537
2.1695800727189587,3.557929190652555,3.352337590757793,2.947101460302599,35.34510026842659
3.342381189849671,1.0697438279686682,1.8992777335924915,2.442655613458024,17.912111939122536
4.587634109380627,2.9442976323642744,3.7202344422205407,4.52537949308271,98.60681951738442
2.286036193439477,3.2888429429872907,1.0243955219665426,4.1950044905106365,33.677812922391595
4.94782085350063,4.315832601562137,2.287399694251445,2.4081293328012885,73.37048160999412
3.688888130515696,4.626785254866494,4.854088399201087,1.7873704157908985,88.83582053169133
3.006685605384957,4.066219262914476,1.3328350074158477,3.994404013800386,51.51332149607633
3.538177147440148,3.725367153481351,3.423769812295652,2.915641982030549,60.32862410297127
4.617925795987155,3.497728046020327,1.720951456060773,2.26592452049606,46.94165287358685
3.465044990126312,3.848556424355394,3.1716703452818016,1.030063999238492,44.92761944740021
4.003367901522129,4.78705595448735,1.064852902130954,4.007856115228619,80.29300196714244
1.04007432938534,3.8443566789878,2.560703834229716,1.627301005287284,12.472774673656502
1.0397789725185564,1.5072901505966456,1.8906201116674484,3.992730350103837,11.32748919723088
2.6813579612606087,1.8503558663563768,1.032909806633053,4.457246931663914,32.65594986606918
3.77912103455824,4.609159153492259,3.866576390419702,2.4201351054733182,79.45944933022264
3.0650689262665227,3.934770929527609,4.485936015347215,1.6037971096064485,58.509421600896296
1.6808458774891897,2.325881095198994,4.487823540947067,3.877335553310672,34.10773630911612
4.711092821350739,3.751343807598293,1.1403791815029218,3.840465794392563,70.95429322879326
1.1688732109316713,3.9266591540884495,2.962661553935455,4.8877014946985575,28.10300908805584
2.284398580662902,1.3751992375079922,3.629961036546412,4.008945027862636,35.567435196967054
1.9498409356410635,2.7987333044430565,4.803670370980467,1.8484252162542187,33.46398217068364
2.9291313408831114,4.109479776851922,2.6505216542783145,1.6311841425803042,38.91914958845056
1.6914431615210743,1.6763901004175734,2.518361080270414,3.997827194160371,21.257253012299103
3.927790665006593,2.2304919252444533,1.1715659468772843,3.321270416143367,34.129551449074285
4.979498512256008,1.3663224151407394,1.205562282877629,1.15200740583913,11.57070738194146
3.2044759062278154,2.522221438194065,2.9009685391100173,1.6184566722619569,27.873527140231182
3.9979408063126702,3.89902626664692,2.1968959457735564,1.9708910468552108,47.80171736279408
3.2493091878898968,3.083603844702799,2.166673201950478,2.415568442964558,32.55492028287343
4.103887458440369,1.7559479709493364,1.260652328355636,2.3379239364141107,20.803602570658036
3.528913570528068,1.8961332790935144,1.4887618396810465,3.8600236935198087,36.544575189699934
1.0670426227530214,3.865934660871467,4.708105468876452,2.734910200963879,23.79048446023776
4.573367532329312,3.316729258144224,1.1045643694913003,1.0802128636804973,30.613242457639235
2.850568168618369,4.212584382995603,3.5613447627050405,3.129734323589575,57.33102699749544
3.442125209966895,2.448533119842293,4.991444973045499,3.349662594205688,72.50849981665068
4.482663980709083,1.824271476277372,3.428129205117738,2.988616877105345,53.81856588891824
2.985594943261814,4.746479702662064,4.649166424552999,1.626207757103054,69.84555996038851
2.537784773455213,1.947876207168902,1.3636813447575298,3.8876701541576,26.35213852848683
4.067220322598731,4.807570934484996,2.227938070394053,3.1470572039713525,77.23735864852989
4.741427982007173,2.9894344959127364,3.930192567261328,2.7605766416719746,75.87213051692945
3.715440257724064,2.485587396046232,1.3431015316135828,2.235107911795554,24.10907162532552
4.691043952032644,4.221907842658325,1.7460553435842647,4.910131167162875,105.50768428187352
2.8525489564087847,4.942743073666453,1.8811999571328075,3.629890478392952,58.68510067256562
1.4026915337718415,1.4718895655409114,4.222919262408578,2.125018336548849,17.19363800081375
4.889979621805935,4.755508380074403,3.248724034653571,1.8432233851724915,89.40481834085746
3.1652127428303465,2.4596602605205797,3.88144247347586,3.9756662552509257,58.43211638608111
1.6489687382719902,3.001113775086603,2.4576547882886297,4.696970258245903,30.59519728414886
1.2914754535824329,3.771858212627836,1.082545218759941,1.98005495044092,12.475288771794853
4.261696312088639,3.285653758849907,4.445789142480479,1.3258802513634729,68.86585909625673
1.2041712681976977,3.1533794566076856,2.2115997001144123,1.0285493824124288,9.568880189136452
4.789116092194877,3.7599327516549215,2.94107431107198,4.1842101553938384,96.48782335652854
1.2890500917699672,2.3770295259450878,4.099144481503361,3.72281263509578,23.4043729389864
1.5843396051520822,3.608448820740616,1.3661914938478414,3.7258440371190136,22.790167436482957
4.774304521696886,1.021149067681677,1.1402655593875752,1.5315113522581272,11.192110825287822
2.4658513537055318,2.18322349811464,3.804708608722651,1.871755507525076,28.043808265842777
1.660805406952829,2.09573140834211,4.686301219593307,4.454564588169544,38.36182714282113
2.827187317923694,1.0323596701514188,2.6778870557469032,4.791819413192048,44.10183052714323
2.984748075717365,3.1951914872275258,4.3993060245296505,4.778305275582088,78.19345026076805
3.6155421674316672,1.6608644131400374,3.767452157757706,4.3567222242818,64.9589906846229
2.071396591020936,1.897472920551264,1.597730493354694,1.779598924761483,9.6528308927033
3.3732619338936405,4.976739683966576,3.889375533445908,2.742538236757801,79.97446765897448
2.4556443936100703,4.221426975260156,3.969270829907962,4.977146253426541,71.64040652942802
4.74747152314143,2.836538907922193,3.5719363315926493,3.2286871122165515,74.12963764741927
3.231130428871192,3.789104959596128,2.772087036419705,3.2471195507676374,52.64411065311934
1.9043275660785608,2.4319695869311326,1.9827469732829064,4.40948176517246,27.888202186996605
1.053212194470032,2.100732421830409,2.946978072215381,1.1558246683726456,7.6008676483809055
4.897472003032609,3.639703487901734,1.0975576579933914,2.84884775859248,55.26309329035341
2.136777350733592,1.8363526866245732,1.2099511389014284,1.4323724420171304,7.3589156395639135
2.82747425482285,1.3984498272707042,4.931528857996124,2.447769307158445,45.61735755017376
4.666446535460199,4.05572622465698,1.5811178753413078,3.841637358037581,78.64601859924078
3.625529207626347,3.5710424213047105,4.916393845200964,1.6914659498103042,72.1196242591841
2.7297342324827776,1.6424212422896312,3.715620098211109,1.4605672953055762,25.436533101635167
4.218178220208817,2.828356175644784,4.009684239754366,3.3947985981606963,75.08741904709578
3.205274937785028,2.236920518811759,3.9395386993362647,4.104722984717064,59.894615847303214
1.963482787380174,1.320886570081262,1.6918473878851843,2.7352815072861345,11.868128216031788
2.068473033840633,2.29238777562322,4.488719759519501,2.114394328233948,30.89710249416537
2.858342677452541,3.613435807684331,4.936500597729943,3.913405161706976,75.37549174696959
3.633544794368766,4.907499528177826,2.33237811818631,1.0337299780480804,55.57895002302177
4.817764419947004,3.3004292974154525,2.7547977644085506,2.8695391116344484,64.35569467236911
2.716330056729302,4.387524714793335,2.6857059681698447,2.188392804779326,42.44598835990768
2.298978613136008,2.551120467397756,1.687385430836481,1.074511140417722,12.081200917278432
4.33328962091827,1.903535682601724,4.2051529282320645,4.588639746279427,91.78421771192916
1.953292977699452,4.344883293423453,2.744586631425031,2.1337095379371487,30.240376957585777
3.442929802906101,4.683329834375716,3.207392233523998,2.6585262335622644,67.63412670129168
2.0780322298799283,3.0474605515826685,2.3054856267300208,4.3056972191568885,34.434353426691814
1.9711512151671648,3.70393622152009,4.6881627925726495,1.4733552983119491,37.32255545430195
2.558308209860509,2.2384321706783745,4.584316801649731,1.473045509377319,36.06754360984025
2.061472151962576,3.2335166436376683,2.6563703513752954,4.092936733488939,35.31720732052156
3.7471183503492234,4.07983276552431,3.29800340902948,1.552413398308624,56.0790907732903
3.402540226858082,2.891264968493204,4.750727587325643,4.367745779947298,85.0737625018136
1.9353586828916267,3.327635635719706,2.4737063244242843,3.877430797700434,31.18525843113193
2.970708559046239,4.124985847194006,4.378120884923527,3.729069344521419,74.40051786662168
3.7832298099184327,2.948273097278621,2.7597597249845074,1.8694755360563329,37.46064641966653
4.7475217189931325,2.8514435949403723,3.323676184833883,2.315285514786687,58.24758365308976
4.18404284264906,3.361214576468691,4.926964813089628,4.465666172564034,116.13840197548316
4.778059032947256,4.178589726345815,3.708090782706692,2.781147582436561,93.04154583542451
2.0824822193936603,1.285781698828575,4.558767293737183,1.3373631992757278,25.22316431573932
4.106402379355015,3.832801677760457,1.0875872109347924,3.3235906289265,55.271086415079445
3.049360019745791,1.3133591442850614,2.59405225730845,3.25005836400863,28.994685335764583
1.2535105991659066,3.754779115733292,1.2380467136359417,1.6720024016479909,11.549043100382631
4.958389318017257,2.140037427604993,2.388161154413329,2.496994202471994,40.95147110074674
1.5690560921506425,2.1019578506835623,2.3491433527552887,3.573451946459349,17.81369787895211
2.6176970894041443,3.042096533939324,4.3444130193421175,3.872643378012922,56.4449344748134
4.673418073842209,3.063434277978367,2.202077037810639,1.9861351386588504,42.477878418301984
4.8561702500153565,2.002821383951182,1.888360429789191,1.8250844921210263,26.485873080409892
2.4148920845276867,3.207237538901151,3.459776270207588,3.3592163281921668,40.498656480169096
2.840982748263143,4.122911112529396,4.5481360791034655,2.814237609185469,64.77990560526324
4.423158872750207,2.3537124372029337,4.471909292771667,3.3084320961701,80.68650756386143
3.1651757088397683,3.446821769860762,4.938258166404443,3.495564370228595,76.7332665555524
4.497872151178411,3.595807456076744,3.57676168816137,3.396717654675446,83.79703646897374
1.6558115604113874,1.4017300294168575,3.988804911194542,4.098578142570549,28.7066017601406
1.0527652936841312,4.882116799882029,2.5757242709014743,1.6843761994578474,17.531986339772875
2.6765925398441923,4.9593304040914585,3.6220236583716616,3.316805949466227,65.19539071722612
1.572921032362216,4.18076616069516,3.27833159343679,4.605146865960342,38.87760711957549
3.8672986126444657,2.2096503834005365,4.428769412153078,2.5979783545673696,60.41889295664221
1.6627734360816435,3.3119863993573566,3.186014677213708,4.3075474264489975,32.985191770224745
4.443357468685992,2.4161161057415788,3.9468862093458377,1.746067068182958,54.35176616708423
3.5757048686150807,4.607612239339978,1.656568689890685,3.2084824544315613,61.26732513868927
2.8630644238959877,3.8467382800251184,2.1880247879927626,3.0223415521057952,41.11274094760635
4.336056477365828,2.887096939333324,4.229106770446822,3.53328970159002,83.91311872940068
1.6455292877848424,2.3472297294361235,1.524301708276547,2.479980646022528,11.504954235596411
4.238128773782879,4.657311081185344,4.221527256465562,1.3560578234199916,87.6248629268494
4.485129552081316,2.22860587437063,3.06933419018738,4.633430933952063,80.40980343236811
4.211978085872985,4.279258135676051,2.828080625925531,1.2416373321976732,58.655487662170586
4.302382003992824,1.9031126075563591,4.412436848571517,4.927523604475966,101.90605969426994
4.608598337148454,2.7808633526155666,2.175796998908192,3.751372538928235,61.15630615076907
4.069926623529301,2.437925963307096,2.867303869006522,3.871263221953171,59.32242307581792
4.589490389695154,3.2307581225707924,4.1559839837429,4.318612246683431,106.38533417554628
2.312925364743405,4.891893451003522,3.3903855555223426,1.6779881648184536,44.22426634471857
2.845669781207929,3.83818853367089,1.0214479316614749,2.0345723498559294,28.33509059525612
2.720736990381849,2.190831619767381,4.673000449233872,1.813337081278172,40.7088473167261
3.0490651398008466,2.965013923914605,4.654328589699032,1.4981671643309895,49.850060935522514
3.816298564571969,1.118564899068368,2.5912656917085672,4.203188683935805,48.91090444192659
2.8116122042281275,4.419888731784352,1.0701871890739398,3.498705838528873,46.28146990899774
2.8174513884462047,3.310853697996956,2.4776272535258204,3.588573791725256,42.23113227633999
1.8170784226401988,3.127418299501384,1.783075103794614,3.2072295105704023,21.120286981336285
1.529148895274128,2.1853389861295067,4.427832720268812,2.689461391762775,24.171724247788315
1.9130343733832,1.0317625021419774,4.113483157466831,2.357075922251304,22.51745187059296
3.8263712470230833,4.909621451271709,1.3651867654323104,3.5174813077699096,73.35305290901555
3.9805087327016153,4.399880689025865,4.65022031785923,1.679999319344517,87.18487736874188
4.601395307859017,4.305425670948107,2.890777302102897,1.6160783880404197,67.88206811610716
2.519342405524692,4.062509782935758,2.974207806874104,2.564716217333247,40.21836280512437
4.721206626483701,1.8510598462955707,3.5175249068935206,2.3119490939791176,49.91380659093758
2.685049859957371,3.5491495152770227,3.8033840417439295,1.5149693345578146,39.41294006629516
3.775178710737604,3.51772144920861,4.417329568223021,4.096197395361603,91.86141943509897
2.0339595615340142,1.6760172747033657,4.943105978489871,1.000155493626682,28.723212474076337
4.707489758901538,2.3605168448620946,4.63804142836752,1.461861606350999,68.77761972008413
3.659478829239701,2.602080014304601,4.874174802408224,3.217688375215639,74.80325832967479
3.5081004652199224,4.322994661735876,3.979136596505948,2.495982820900193,71.48060102812084
3.233326428998531,1.189365228984358,2.031819587252458,3.182551483798419,25.335560894616524
4.0060493135399176,2.47810720955306,3.734721224598236,1.2410239008977322,43.32401778370826
4.971918922740857,1.7506401697986629,1.0699800870391123,1.2776526514815707,14.52296196942782
4.286424849662224,1.263680762945127,3.960089895941327,2.129888919852219,46.75552469679589
3.003655105792848,1.236120916668208,2.497708237677281,1.8231451014844888,16.655867424965365
3.21198316722038,1.9473531419299184,2.272503759925405,1.0059510480628573,16.009158647730235
4.723488960925554,4.787594982533436,3.966768567014369,3.3670376121549697,118.07130790281468
3.2456940571330897,3.100201712527236,1.1847595560397337,2.228995123996318,25.93849168861381
4.31880106598358,2.94816868572787,3.664824367858016,3.533115676714388,74.72722720357314
2.421423210590344,3.091272328097653,4.927681355814998,2.6595824710792084,49.5318911160436
2.981935384611881,1.923939194479407,1.196814362935415,2.145584610675257,14.518208393507752
2.4843124369174934,2.550161035951411,2.4885950456960457,4.778620691587978,44.13585046582771
2.8509248046626614,2.365836983552001,2.4877098172836125,3.346724725690822,32.76632188775952
2.9867772227887865,4.336898077428736,4.241389928477436,1.727397347143543,59.40994848488756
1.524599839077276,2.015490726701989,3.2337267282366997,1.4713066632451328,12.718162094372255
4.951781142513682,2.9486517073485112,4.726046345201246,2.3037998955044974,89.96780957618938
4.965444880091235,2.8117189230966515,4.970452320945397,2.710147769835318,99.19980804805589
2.47421396360863,4.608040399111038,2.4127950628498542,3.586559195965737,49.38410230915949
4.589938701458719,3.388938694246173,3.8430714781070265,1.826390918867152,67.90770164549251
4.811812729184889,1.086635308677089,4.496517559222102,4.098618166720784,91.90109360217424
2.4124104974819542,4.058015969549729,4.594296091995045,4.9880504655412246,75.33439030332089
1.130219954333456,1.8143796838836963,4.385598613862669,2.707780102813272,16.872783532950233
4.390528626976075,3.8031610672286487,1.9533103523518276,4.703920746133747,88.70256511575906
2.6048155648591584,2.171982612190577,1.8922983184476216,2.0477846482544084,16.26931771908928
4.195141473369144,2.523520528597991,2.226069247616909,4.772637849536203,71.53054381665483
4.51941098160932,1.152818637371106,1.9381118039686156,2.621549003337137,27.021077737755174
2.7653164236365235,4.790656873905901,1.041649545249994,4.413479015111388,60.16529924882081
4.407416441302647,1.625282454230268,2.7335873270471422,2.9166394047801085,41.03487206538632
1.931432535460564,2.1485528847094337,1.969521040403979,2.8200677713703173,15.884173467183931
4.469902896585895,1.5359249153849026,4.180836268161334,3.062192576737296,65.29518073295607
4.422800468266313,2.986952052928231,2.157383807420634,1.2947272375565202,33.729395513518455
3.4438778322169568,4.014460222774879,2.462338533827525,3.993888998775418,65.65779134883508
3.858399068315416,4.4308113228390855,1.502018575868024,2.4279545888345115,53.59916724158612
2.337721035892428,2.660897608195278,1.2935962890713113,3.993496009973294,28.872932819298256
1.4071508047411303,1.330946206646478,2.9820564488509005,3.316296515922774,15.240780747816409
1.6999129460021227,1.3838340873344714,3.829745186685724,2.229195704529056,18.31763163390244
2.1154959535185744,2.2857110055334253,1.5200079296185107,2.27482801350733,13.44370324882328
1.1352819428486072,1.771029508340789,4.747385773307898,2.870109772593991,19.24969718390452
3.241354036778179,4.256613297025412,3.6190908303249794,4.894038262503787,89.40981073194
1.974473398125022,4.812984649618413,2.9976500100342105,2.12961751947988,36.21776317184312
1.0108509344932992,1.0061668323148147,4.51466989186435,4.548361180402132,21.269418303989774
1.1310145847526707,4.078985875390958,4.7205421941213785,1.0333042983974927,22.614275913985185
1.4173483755555498,4.861040643972631,1.8546535575844687,4.173618389960906,31.527884503883783
4.880560389736243,3.0285650754262363,3.283267480291427,1.0314432692358806,51.28475038824276
2.318070801160122,4.876504965828564,4.995870305156565,3.5309986381901366,70.94104750803984
2.434005489665794,4.279561560217437,3.4859621681406767,4.910790891115571,66.4269872852381
4.56765288941976,4.769965634719053,1.445716749841269,3.3018544224695194,81.63517461422308
1.342357992726157,4.898159351782347,1.740717344295983,4.086098131133993,29.34277776580433
3.3819329013848467,3.723105495394463,2.1919134948766152,1.4944678038027592,35.34024057492927
3.770768806880715,1.371268640449547,3.5801101281103445,1.6771367909320274,33.0137483853282
4.574036003434348,4.015039999958023,3.3059814244474617,4.047223301870619,99.3253652511796
2.5932345748506997,2.611977168500266,2.5659922262682278,2.088862717077664,23.041003669188783
1.2559092858303225,2.110278859404961,3.959511361001134,2.770340106304229,17.46077580136332
2.939147911690194,1.8729261824256944,2.0551407673466446,2.736289217708197,22.365056216835228
1.1322597300881414,4.185643298579982,2.525657876801797,3.546771506001738,20.65136767354389
4.724803867880385,4.770032166867869,1.6177065842080969,3.636931492301892,91.18269559308295
4.887671556803205,2.488644290360094,2.071298157289473,3.325320173473087,52.6435969110058
1.1771507625925373,4.31880993547307,3.2116809006963654,4.068763983143624,26.793042467751174
2.6311656039956706,4.317521826273127,4.765994000505552,2.36287446693125,61.75196916956547
2.418173294808972,1.6022119977907767,1.4172393608420255,3.849507237149376,23.449457673392224
1.3483597897440371,4.227858534352896,3.7915803519540505,1.4727352752730751,23.20514964673815
2.7495584505499773,4.831449054696593,4.535713731007592,3.517758320655249,77.38662864451831
3.908433411809342,2.6997628782819776,4.306184639561622,3.517767787146384,74.6640462562213
4.397453649250194,4.172875200734232,3.686387772509893,3.619532230692167,96.97123149573214
3.477039722184953,3.964251575210333,4.477499564098975,2.7407836034204784,75.23477323740201
1.5735707265144754,4.076918101890297,1.0079156288411184,3.598752429787697,24.066327729877912
1.961860101566564,4.800991813324773,3.1116380323980275,2.337252512315732,37.466194566933375
4.572764715959494,2.098936681670691,4.9105986640510055,1.975509953856347,74.12944093805896
3.1251245282442186,3.600919271724955,2.3172081768053783,1.0826462312398468,30.48277122032229
3.91180857588501,3.0540484744711813,1.258893921223482,3.355095930048185,43.35984500057538
1.1392103086253045,1.2639356189800557,1.115489794645781,4.842625153399259,14.97655376514074
1.0617773946922655,4.974240705305309,3.3156526606212107,4.088903560773372,27.848167700131068
4.038678928338215,1.9777723395777325,4.2707264699314536,3.2108495652486084,65.54824958289427
1.0679893750676586,1.6112321005758083,4.918368120920006,3.3527382178797365,20.306358779671005
1.9624030565323127,2.592602630494549,3.28693705347605,4.605490151295125,38.0079039630978
4.208729675164012,4.520243829501367,2.1121151174902684,1.818880966444318,59.347218273199886
1.238284022369676,1.6301264312923842,3.8671817168759697,4.5481473964082095,23.71193253902821
4.5236588232218224,3.5600470495460987,4.850479287224508,2.937228886281897,101.39418871258653
2.771546546142899,2.670969295407513,1.9576857108149928,3.640500727822844,33.56322894037293
3.32270496169823,3.13061871945676,1.452711491185691,4.015259268653573,46.57344376058945
1.3312873578236104,2.291812850995468,3.721066789480591,2.428269638452506,16.63792193316755
4.564696784136859,1.4254977324249565,1.4576355712888338,2.908689225256581,28.796887792017294
2.4026666489551505,1.3464134496716365,4.44314327042953,3.456909547115819,40.25016236899868
2.277274809696853,2.048979636914063,2.403779441901856,2.508280462314905,18.523289578720497
1.850242121680151,4.225974785155192,4.269776266440675,3.569584391125978,45.17531271933947
2.1788689077517045,4.399420365566862,1.702728789877272,3.700133301249588,39.15990809939617
2.4048392733264103,4.727317740167436,1.858705205534141,3.428499722619879,45.159188207630784
4.010754356154903,3.5249230230680766,2.5718410215104046,4.078915099630528,71.54583546280662
3.853158459607284,1.8012002916566487,4.888049851979625,1.5060098965564848,56.6518707502663
1.399937405525924,2.2950870679066067,4.488670461062329,4.566135399638784,32.38417777929009
2.299712268034495,3.067550425829826,2.393917767911929,3.1334087001326925,28.699210928072716
3.622822134552912,1.6536916978670666,4.019991924481584,2.043885551776905,41.79378085935425
2.932845043656318,1.8903714554940476,4.494010017152462,2.493976972212611,43.97735360999248
3.0088022858186454,2.484916932843568,4.782296050802594,1.519090145377176,47.16719199028748
3.6583536981845,1.4505124982213085,1.9759113345716304,3.229076806766395,30.062794306525863
4.627784071511414,1.567582373332919,3.427200462565677,3.0875712851368187,54.92280502544595
2.1550157270965427,4.7995603701280185,3.647999609253293,3.230008934884642,50.4021959380723
3.9477309691252462,3.910924434335192,1.4421119379454588,2.2040788445579693,43.88491248380548
4.80801663887631,4.956362438015645,3.854517635812068,1.7515518956727836,102.14816185076825
3.1761005593731597,3.405722175572399,4.352722799295913,1.343787015173619,51.37486031404599
1.6315368812296955,1.2726320680694414,4.802471413166914,4.866874058145889,39.45854583852607
3.338745044459676,1.4265822553608336,2.1490977208184576,2.059522992584262,18.18846952936448
4.748542645230515,3.5150406521006747,2.0783974503619778,1.987860557862509,48.97370601044181
4.933091132413376,4.88181683889392,4.230407378182613,3.0708569696804404,126.18512841116257
2.671915038007901,2.886923265147661,4.122480830216238,4.918526625586068,66.15805690533792
3.258037662020012,4.484904501574495,1.5285965333862197,4.391773742957831,67.99305067453628
1.334565548876887,2.233658583587261,1.519483236005546,2.6919016127872477,9.705223757983749
1.3962885146242772,2.9044173791040744,1.614532851995333,2.451261513752893,11.904085413561246
1.477871517936014,4.893256363182703,2.978361421598793,3.8468626181845273,35.18290883012204
1.959347420830539,3.572951370739853,1.7077568327467811,1.6839602174277997,18.141731897914923
1.9977295545680804,4.728732241379867,1.27999926020982,1.3994861627037745,25.928400274722627
4.970594601729053,4.37553969181633,2.266563764970841,4.4561563202701056,109.70099315097131
4.829679881801445,1.4615996755355547,2.479917710133176,2.807831934281697,39.04841011528037
2.388550097390826,1.4972565946706142,2.6785420829831925,3.1694912954474685,23.243028855313568
4.189725302292855,4.284579185030514,2.795146712412936,4.03588468221115,88.94541530308834
1.9181259186193735,2.307084857998855,2.604365539915277,3.421732081404747,22.83875208829894
4.403401083900604,3.790491216217432,4.014074432632468,2.5743981909831444,81.7010191189852
3.805942378007501,3.3708816979641645,1.8007311541902349,1.343154092359451,31.22687999352383
4.344310955032962,3.2978372888795917,3.5277479353507006,2.832845423484762,68.08784141388557
1.3489142848979885,4.859417894061379,2.668179065364342,1.625106736822441,22.50939586875271
3.8416793702230088,3.233503760147358,4.903322198145792,1.2520998977070126,69.27675302862855
1.9045333659929955,3.682602329930517,4.473351657504091,2.3982877873714767,37.44714385820116
2.3587478207784605,4.712140382549317,2.018179052380403,2.2999550793158545,37.22942246848478
2.79575119233425,3.690355755512804,3.239569629254204,3.718384920323471,53.03529304231888
2.318766422344337,2.50540782370511,4.410410736502778,3.1019660660909008,40.98533816297099
2.662313439054166,2.9181544672494235,4.928175097388024,1.5102040515471162,46.70130606035087
4.176968434102669,2.156895652642007,3.374192521767621,4.178187594685464,69.95299693568242
4.137816794577789,1.3787226896816809,2.56452455665169,2.50140624473901,30.48473557819164
1.6793791224721364,3.0763237388669533,2.2421833163819165,1.9174331617700344,15.255231148883642
3.627169417446983,3.840159701592608,4.640016650842682,2.7515168809682087,79.5210216733581
1.8856822459140483,2.936286183483221,1.070874006587132,3.6097082903549498,21.49540259292416
3.851465501108508,4.036181971960575,4.808219817897854,3.424327644374812,98.47381265561329
1.7762311003248792,3.837008328111424,3.3540228072903147,4.627784490140197,42.0864559236886
2.113186131982152,2.0798209535991927,1.447965400475927,2.81268271083761,15.144616519231317
2.125897142263843,3.942012702518861,2.308662168406572,3.92050998979161,38.5210263389373
3.4410492128138754,1.3668485364545977,2.4668770958227797,4.028772533026933,41.61048440165608
1.0176103813808508,2.583991331303107,3.0588890812143354,2.9072903769241627,12.458680701953304
3.762918340417409,2.212209029052532,2.7838092224003765,4.6553614174843485,64.56387537406597
1.7967919788757558,1.4918833322776537,1.6381787869366908,4.207171082574602,20.312404627878987
2.7479626518650253,4.780712830169051,4.7810860917606535,2.666022501669629,72.57599555017977
2.2706145042342545,3.193147202433021,1.6932925739444644,1.8339597811286668,18.64950748899376
1.6711916053074891,1.6053108969133645,1.0957099339110186,4.017180394433167,16.64117589653511
1.3410860625248144,4.062301485912997,2.1263207755690448,4.747461535920136,29.21014486035332
4.260660225885583,2.7936891359875604,4.830035834198877,1.046526323517342,68.6587553758837
4.245666960082405,4.082028997667072,1.19545186554642,4.078688532755669,73.72126445344776
2.105741287131007,1.822311907663804,4.269414848453758,2.8899096737836247,31.48114995647376
1.2635670527411356,2.213942957039939,4.061104200753876,4.405453430166776,25.778113999247186
1.274721089989598,2.8349943970282827,2.2940122262712546,1.6879397119175072,10.292624410703649
3.2304820189587566,4.238467162009641,4.749489657939529,1.3295322635886624,68.30840004344257
2.585843059121972,2.821300162033259,4.926446431402621,3.340618529537437,56.09901339826207
3.44293181710988,2.4864039916287632,2.624706767680653,3.999999577680028,50.04522956980453
3.463713523104863,4.930042540302851,3.6407529884831606,1.5651966846721646,69.2920088907677
3.900602205621232,1.3110785825584688,3.3447277995638216,4.495019162114654,64.57706023669878
4.650454000899306,2.2638344776155157,2.593412477384407,3.1041758786924536,49.96132176842428
2.794394361628384,4.428445700614175,4.461189584147803,4.817921908379749,87.64019264352925
2.140052451715783,1.0707881021993648,4.3654559253926575,1.889104935961218,25.4372092137812
1.6912910002232713,3.925608260390305,4.975287827337013,1.722506084071714,36.47346535967403
2.287207556754695,3.995194920523697,1.2788079306160225,4.79570615712565,46.42542989592487
1.3016064940889789,4.751978806515982,2.9038672735379905,4.291379362721364,32.168999208578946
4.936671476476645,1.417227863944047,1.4327771253081223,3.145247333213773,34.44307271183304
2.4967210232893486,2.30860009195149,4.293279076657624,1.0140321329755988,30.94703282952664
3.888710691873359,2.5170521542669584,3.0867594495968773,4.1607378920823965,64.50471822776501
2.8998633752441187,1.4816055980513485,4.197928842288877,1.1327032559396293,30.594687205368057
1.6251923828724086,2.1222851225881945,2.2465981524909675,4.3241403086871655,22.95542539146612
3.428207507429859,3.984225023381621,1.7847396872216597,4.498663977991384,67.35968779386738
3.5811934183410075,1.3532152855741737,2.687943090892309,2.3019475193312533,25.704359645570285
3.197446822016176,4.222849245585891,3.276899608866488,3.85127497630311,69.38914558992296
1.0801169002490685,3.0794599894016925,3.783847455776873,1.0093213800099226,13.403875414723087
3.6254002416432978,3.5814549089981558,4.7542392796962005,2.728725598135397,77.72052152403097
1.744181468845856,3.626595214669384,3.7139301097533104,3.876787362686409,36.60596494380776
2.7503783935586563,1.8271516472470903,1.1304705304750753,4.876044285185843,39.04472184406483
3.0955467018005582,2.134281842075709,1.589513147144325,4.51489343626173,42.51110225333328
4.881122456825526,4.918100311953362,1.7167934744244415,2.6688478109668283,83.60835399958052
2.305762755624478,1.9687513365272344,1.610715631532822,3.309744218590239,20.08871989598629
1.64900765629658,3.900842667502586,1.884606541268512,3.235942487970592,24.108194386015352
3.993216008155193,2.265023576684119,3.2915936247406146,3.9985001329355576,63.797463225986135
1.1434466952145117,3.8189962936563457,2.8121735270945085,2.4058963511909006,16.169130902968703
1.5752922985957816,4.028512429552021,2.8668295444970195,1.4451397973162554,20.90102001503356
3.217850177926099,1.2070791297965069,3.150167858944013,1.9730844754296468,24.57417463318169
4.024090374143428,3.4232267544588555,3.5636452288101284,3.931479878479869,80.22946233711315
3.335067613959535,2.664514315162871,4.730289440530048,4.312957145605072,80.16981284017078
4.061772093408786,4.904547124457073,4.075432682891744,3.720137247726395,110.6896973782048
1.498608814760484,3.8107840965812816,2.791493072018961,1.994374360738244,19.700740021836918
2.807098601747707,2.1540581263984704,2.8858921949367016,4.472806384423273,46.28110781890578
4.269946643723108,4.174552667845563,3.065441225490784,2.4223396226399454,69.79558524493949
2.1426918216637123,3.3318930387102643,4.255358869024684,3.089184222665295,41.51749256196603
2.239830094316835,3.471354488903433,2.07733220567571,2.389627545634996,24.72316718063261
3.1388034151382667,4.789236073307039,4.663362484701896,1.3378183146892382,72.93557404904509
3.2004883531842854,4.581334663403636,1.7969061836410352,3.3812186926961774,57.04892729544387
4.636153356880699,1.851846715632941,2.1035345468498363,1.687753527353701,24.809692750795197
1.1908756811280998,3.2326556256265566,3.825745398296093,1.6530188931421832,16.564402942101704
4.603661415758433,2.157190421536261,3.5458785733375606,2.30565567090964,51.88964815513005
3.0847680575966896,2.059063338054277,1.3370266278627283,3.855268571720659,32.22113930317026
1.32879680355471,1.3041135130769592,1.6924133539551232,2.5258132987991213,7.271646394175805
3.273670805440251,4.848899392126768,4.893514559485272,2.822480273969813,90.72111925698805
3.341627118215189,1.404938632891846,4.9805240944450055,2.293494397361274,53.53218034473971
4.0943914479510894,4.292919395617192,2.869560224579549,1.1510300978953665,57.29773915954048
4.614757681205756,1.774318458552682,3.748051632546991,4.889636883125302,94.8439901572587
3.2517060184792985,3.070018778032908,3.4954034657154414,2.7854798053351453,47.80293742285671
4.640210632621917,4.645181182228505,3.1550866274643186,4.473388439983159,119.5863111974072
2.145738259426732,1.6286183494117092,3.984706232573185,1.4916444383084078,22.267704145372115
2.081074696120184,1.655232320757642,3.7661959958874234,2.9070320283186155,26.4034911225586
2.061244126737116,1.503307372144118,1.4455959721843166,2.019836612381736,8.687546965818045
3.688053101008791,2.451887365702848,3.40267179648755,2.7141128277459186,46.02014517390545
3.199453996955215,4.521710043917379,3.3613840099054366,1.1175299956727385,52.78081264600349
4.063238327689193,3.0142565988114653,1.1820576921266817,2.981541568749587,39.35773191780743
4.138933225439953,3.4084402683720567,2.8790146402151486,4.923788863879297,91.36671738681515
3.6244521046833262,1.5447892016191158,3.4616563822457365,4.254558291803795,58.84425725716858
2.2152315427368414,1.7067829241503438,4.82479500261727,4.098350596559859,47.61444416708866
4.574862718823943,1.2881984538173876,4.038960715952705,4.557240314874107,88.61760294118956
2.1887184510497075,2.4310015735262374,3.234072443558636,4.128352372558742,36.5650440129223
3.341661026911461,3.816507638329471,1.0922592540168137,3.701824198891442,49.22644840167064
2.6194601772096995,3.471482093492672,2.7809222097283044,4.981768871981616,58.41754714909025
2.7234126481544454,1.872146876633868,1.3199183906231116,2.614504940371435,16.453163308637453
2.4099352841124477,3.259527450706148,2.213789463625067,3.849008645852108,36.559020161023945
3.520200112939635,4.305374163033884,3.9204408910779462,1.2674601578029088,62.50565660102071
4.629902231097805,2.630232016393679,4.754250757174116,2.8176237091477745,86.71812455217268
3.682811957461955,1.2499584474466503,2.300682614026929,2.7300445673256224,26.34808880843888
1.1684927718499796,1.276177963623963,2.3658442713070182,2.8043191909353054,8.816310351635833
4.499821532786214,3.1719059485001853,3.2850624941463664,1.478357080474629,51.83381005808237
1.945417200659901,4.41485808978406,2.9438021667536654,4.472334536149323,46.84440049568477
2.6535731121359305,1.497333786706105,2.61119446148664,2.53308567302772,20.53450040757506
2.2259864054652003,2.314293850244973,2.489466957425353,1.237208001903184,14.562498111243023
2.949093292280348,1.0856791075689571,2.6591108870716504,4.370287384858731,40.32734918300171
4.104577563386261,3.669420088204351,3.3554430702501667,3.7611359878688098,79.77202555071655
1.525113229201939,4.832974379213265,4.96557479667897,2.331719565235366,40.75978767342385
4.378899017937042,2.04161927469524,1.0195889842119978,3.391111908854988,36.58003267414604
1.4330088753287369,1.0117884138150672,3.291176653278668,3.152916909928534,15.617249280009196
4.231061045269341,1.0842734701193817,1.5557304402194796,2.721773999015186,23.279297579859275
4.794618866739619,2.4400800772011007,2.034945704232197,2.675261373444489,41.35842602004782
2.2946281962107995,3.761751509924044,4.315189873443291,4.611547254860308,61.99856628950799
4.8145025715008725,3.684499923003093,2.123855445465968,3.3422203343594163,70.42832112846067
2.454442331149515,2.1617259126358723,3.6424352592791993,4.01034828911118,41.75409785442874
1.0340059255707683,1.005040572735289,3.724483139745656,2.764995280137696,11.646567159917154
4.725605955014254,4.833276408143296,3.518982711275602,4.433327107157529,130.89500686005667
2.746080300213788,2.681151739934232,4.733136788067215,4.203074590123871,64.88575084556909
2.684280179002289,2.4180403595795075,4.029218357138864,4.173702350600718,53.01629316345412
1.5145811868224506,4.901757506891497,3.5175201303383385,4.139503940910018,40.54205733439984
3.504592444074296,2.962661094370355,1.819131763755982,1.9546298934242263,27.87408993529417
3.4238128140338877,1.6777879362386177,2.139728548807036,2.6087400380698096,24.30724815504473
3.5431346615507584,3.486937519095564,3.2345022352340544,4.530617136038675,76.43822238199708
3.9703014646216936,4.062958244920432,4.847418609393841,3.0625284850435093,98.03503631999791
2.7811932852896564,3.3330360921317195,1.762243486420188,2.3940488253819794,27.73698174526047
1.3862953045250277,4.681209679814403,3.793951925584192,2.1972110400301013,28.512997176997857
1.9593847303639509,3.89920022447072,3.43317754487561,3.0649700526525274,35.645628488743654
4.740864466306782,4.7555868232084215,3.667334724760829,1.3606385724854624,89.87798967566815
2.468998110526222,4.627175179809713,1.9012876395303773,3.138496707804747,43.05415007428766
3.446038300356624,4.317378961809046,3.4350487119905835,3.1716548280915293,69.78006167866458
1.5040805645512303,4.90700548631624,1.7757674403003048,2.28893747860071,24.41971631189265
3.432038777631809,2.9937734597498187,1.9652266989284364,4.911830773540928,63.40842145908121
2.6972461110688144,3.165454621544556,1.456065099177422,2.922578862702535,27.89181170630944
4.1528583349702375,2.7728990573838583,1.8245512553652776,1.9565137099444168,30.8264646843683
2.373802172781696,3.995683613584208,2.3920483360115297,3.0247820225377717,36.60009975259638
1.739313137790884,2.6974645359629874,3.1272387669922,4.396597497094032,31.643329812110156
1.3331054474592965,1.2491389540045683,3.53895698541702,2.805479290065059,14.634350829744807
4.659953944616385,4.85512518898818,4.461704071524142,4.937731510846589,158.11278790462978
1.881275179137451,3.249648829601117,3.45986922462554,4.225285061867677,37.9866580189863
3.765220462074633,1.8503530190498465,1.162948932925834,2.272232298280441,18.711820589387745
2.439330864343855,2.643100399276683,1.9982024892035084,2.575940704935452,21.483508211251177
2.4318140788785856,1.346602691718938,3.2890833983884145,1.3275064086035746,17.501378873032337
3.5442779196355167,2.2616865287161003,4.968151703194993,1.5789405702171535,57.22380355161922
3.007231091363124,4.069871952494929,1.980967535556191,1.2869248709082224,33.29646216925104
2.924118772804944,4.509318514652136,4.091623822224515,3.9130021570080817,76.5927952016005
4.035642577635565,3.0948927997076945,4.768035784809669,3.3976799311779824,88.4950951114631
4.482548371087979,3.570011139303504,4.031198121592954,3.8728049116685255,98.6029655168811
4.184529408664254,1.6388869998656928,4.810357712193559,2.7974805155219555,70.40761377513118
2.721019569085631,2.023674463996872,1.850654063123268,3.74187673386588,29.28064708440349
3.525176598789131,2.548150365758954,1.8687094069832084,4.0480300379708645,46.48243632301198
2.5917578154575684,1.437432693809014,1.1444709849420338,1.9094439659364637,9.099665375105868
3.4388310141371643,4.210554916325536,1.798477863867023,2.6240459740934865,47.88385218694986
3.7629846528210793,2.148535926888007,1.0972272530542069,3.554371811469555,34.72044461046805
1.2997647381128123,2.9145990293458603,1.9166384121986395,1.7121024775759794,9.81301918893773
1.255638394464737,2.763097478637637,3.0589734816991934,4.078722725277933,21.11230742248992
1.9965149176565424,1.755765833957526,3.920653395635459,4.20186856197261,36.04701307408875
4.457863582741602,1.999153348886112,3.813720487831986,4.042865243529905,77.7581521587016
1.624074634727486,2.259150451730956,2.3824029573639405,2.650792538805158,14.45938471164803
4.0464350925819925,4.373152809934992,2.042360818163577,2.725893027085648,62.16577888956171
4.143057329990062,2.026667296374148,3.661119957153089,4.862353181214439,85.25098248512764
1.49298014389359,3.787494331481775,2.6248696990509117,4.382003773002325,30.1858274855557
4.824749316697442,4.571078767004644,3.4595875033558823,4.482635777943794,127.75340407709211
2.632724857750533,1.7476988935584288,4.3625422308566,4.418715080636352,54.775511264212
2.4468928698297434,3.253661305976693,4.334344101985046,4.886032399053391,65.14382865374282
4.6189834289613705,3.9988250511654577,1.3215929291022266,2.6430139316553807,57.096945413116025
1.2307621062886795,3.456127766353371,2.751984303875066,1.747823987331803,13.891073704073218
4.612685943933265,4.17181157423635,3.8616662952715033,2.8299550423827764,93.00356616704669
1.3393087612702494,2.210519917314596,1.4957617613198493,2.072564498300198,7.646934145883224
3.0048676460453434,2.6281087250265007,1.6693746713932955,4.808993693050683,49.31015993397536
4.224835038605997,2.885789970525659,4.447064274324394,2.279965560880724,70.34858876918565
4.415344382800267,2.028880981159084,2.5420203828025048,3.191713717588058,45.84289172356901
4.2564169464926165,4.883870895748718,3.1566251055541765,4.765318391049581,120.29642285113049
2.3111024726572964,1.2374560215357988,4.525705437314183,2.623174739676229,33.38890513036009
1.0979123169110745,3.729897315404768,3.327901494963349,3.822857308499606,21.739377707120862
2.473051160241595,4.2245255458045605,3.187445399730544,1.6585258607712825,38.03198085301919
3.994075714269801,3.840237180001114,2.9225279286310597,4.707901033691481,90.77120841839012
2.025888784692548,1.0748913590499414,4.352790991269062,1.6969465311740204,23.279293921556903
1.4195445565262128,4.22062612637825,2.6837424174114166,3.45169035208953,26.2121205917052
2.643093968219985,4.471813028419279,4.711084958400141,1.6972494204010364,59.564883075963984
4.327589629480446,3.886043271660452,3.760690431027661,3.1517739049659883,84.77272822906947
2.696055777827889,4.817888986224876,2.5213219501869397,1.557603400709738,43.130485287541006
1.1719039813173335,4.319659478188032,3.027697349358082,4.286470349823144,27.071121018776907
2.070619765074443,2.519837234154916,2.497731828386023,4.524885009245751,34.23027290439274
2.6581854378453005,3.1745146136889133,3.558719725160281,2.368619900726781,37.68295424766752
3.537633598122333,3.97085067398182,4.126982715406419,3.651048880316139,81.5951640006847
4.456166140363528,4.9922403083574505,3.751997516244532,2.9466232587478745,106.24065407311704
1.2452435903749492,4.339686350291528,1.3386542132151256,4.120944335826493,23.414972058734268
1.9761767094883669,1.1467479055420051,1.2850082160135856,4.073677019153298,19.328116192370604
1.5659464056439971,1.355883084308986,1.0208751331981345,1.0855414650906965,3.1780923395553127
3.720905293744188,2.1031363208039173,4.238229136794097,3.4483078208770963,63.76998268862786
2.0148621822839115,3.089260996186684,4.300781664167889,2.090735197516233,32.65228238258764
3.510049807217672,4.422502593943513,2.5115880778023416,2.618339659276565,57.428462701045255
1.7485575896876462,3.873487149747717,3.243745890753877,2.909417901036812,29.717175671922348
1.0048313466053371,4.5621607867757366,3.146250051566904,2.541672991388394,18.675947150870314
2.907261931970664,4.977871068633087,2.7020489929775917,1.9375563543658465,52.0899844208145
1.263546283072957,2.028358079495792,2.985577511447436,1.548335458417368,9.74526008391052
4.683644552077335,2.7936326748409432,1.3921860662390162,1.053355246500967,25.413743009722893
3.987498547170615,4.941837970450891,1.735911858480434,2.1991373630964457,64.34099586904927
3.053903455753931,4.03551244605079,2.5551002069253097,3.1401385089738785,49.892182102588286
2.409645552466866,3.902198568888057,3.1992619335657992,4.429947954653816,54.32168724837126
4.410021802902602,1.3609263989283051,4.023672636278231,3.891862630775434,73.18135023388007
4.946179192905102,2.2437225645297505,3.0413591001019014,4.114649147990493,77.19623971063334
2.1984671251868075,1.0092288550998103,1.4077589727586963,1.8474638115316853,7.049880307940428
1.663148540140147,3.942612666437343,2.854536216348292,3.697058895019691,31.068293395242733
3.260386849364428,2.246628190351928,3.221524987278974,3.05426174484386,40.353932378179465
4.726857683573099,4.1961175906540165,2.0823422504472107,3.475721896806718,80.41376327706111
2.2260409904607354,4.365820630560565,1.82177400285945,1.364017521434909,26.979387627347236
1.5621078658059475,1.652920896207219,1.7558315071497272,1.0879643687455007,5.466407647444084
4.863129231513104,4.317575551917676,1.679699930653137,3.817824272527932,87.63026402361491
4.089830455838173,3.022385016729998,4.950134666339244,2.714789398533862,83.85936803496884
1.6354096896459778,1.8335849229022296,2.92174373877246,4.647846170660715,27.394007010232897
4.255055867137489,2.240920057820534,2.471631008230784,3.1033916185431267,44.171143683624514
4.429655213926152,1.6263132621126863,4.254958440709455,3.6580859599522855,75.59463331956832
3.245209143442591,1.7177946985913546,4.472423705002122,2.538856690515459,47.70325315180035
1.8487812536145165,3.0717560289748733,3.156469132378524,4.847747107762257,39.6560200308214
3.470042697564576,3.773786400476431,2.24553739391763,2.049755316882076,40.74766837725375
3.6808179810403328,4.327621355377189,3.3998246556427323,1.2632279846921008,58.67750076291284
3.5565451359239355,2.6782273629082307,4.934374786412558,3.844239508112973,82.3324794430442
1.4238345320984989,4.56079734605464,2.603122642369401,2.9278986030403957,25.7356028203696
3.177159729442103,4.63028202327382,1.3167594238861948,2.380203146612038,45.81263217962002
4.326959294020196,2.96952669786307,4.1521060513352,1.9383309130339992,64.50457880267187
1.9584792954251704,2.7040898520815886,2.7300546345898384,4.610653567441775,35.27556752905929
2.424611331036484,1.075424932656197,4.485794130550403,2.419983187541228,32.89616444820024
2.8276464113534323,2.915744505642862,3.266853069238146,2.5887691320386854,36.58355288984685
2.27508099516462,3.80146964317178,3.86008382228621,1.8527910199085704,37.29341561436744
3.774246389805697,4.167995447422028,1.6664784961224743,1.636124514735673,43.075927061132674
3.431731103678905,1.145103912300001,3.8126260675577113,1.5774776198869145,31.461795283313243
4.5139689945747605,1.596183677802542,2.338814946144796,1.0888584768501168,20.77209016797389
4.59798001921931,2.0112217681048867,3.8346143924779,4.228914959694951,84.21890625413941
3.9848528324543033,2.178151945035048,4.240644341394386,3.792069380870152,73.93336653870855
3.982475658285757,3.916911133584027,4.738980737815767,2.1776759818338047,84.71204407525155
1.3068412060642287,3.123506245931948,1.6487156800273484,4.189848593404236,19.62181944189085
3.3872396233191417,3.875750154095549,3.161146122467989,2.913743883927193,56.7433556993199
3.73412620684807,1.8256388954856817,1.4264601013085605,4.185998361594914,42.73768698457936
2.3734440384691773,2.6856439469960005,2.3361509709817327,4.754132377060321,41.85812958680236
2.184235119489073,2.554094426466163,1.1381889703019068,1.2441941836788284,10.229746838218023
3.379191097681751,4.56141822879566,1.7247371598174186,3.5272252334345886,61.20149705375544
3.5228897752213078,3.0763362597189645,4.416170004037193,1.1684591898428986,53.42761642805088
4.343319507312271,1.8156473551962915,4.909249650106257,4.248989412835786,98.70458191872308
3.3470204447040333,1.5233791799340786,4.014912651952038,1.7562058625931232,36.021415154318774
2.76446632053729,2.936886638651295,3.444028141883433,2.6583504860853644,38.08530647535134
4.110168490969742,4.063185457601866,2.0915091484769133,2.643518875075662,57.27946966891557
1.641247709240497,4.674481160204923,3.761883563580058,1.4422818009231857,31.251587542291546
4.568823178333057,1.358556051042804,1.6717529257930617,2.023455781304304,19.95389134190881
2.56467507693493,4.172318007988645,1.9518591399265333,1.9235080743385709,31.95312645793093
1.9134067011686868,4.747927981650775,2.71406980322789,2.2666284619531814,33.52919926416825
4.0383929572837225,1.2728885706466595,1.9616967810664327,4.5043881726053705,52.01048790185217
1.5584880124652103,3.517725122534946,4.531364367967472,2.5568070559542884,30.73721389742001
3.7404335652837366,2.2669270974564872,3.822413232190296,3.793174856673852,63.84541727913842
3.311400485851872,2.472296712344769,4.549397651047412,3.327967969173704,62.72560901723456
2.0054378147874545,3.972788701731772,1.1170674740647488,1.7058703914957047,19.99510101866784
2.007855579344301,3.8958305718612896,1.9184613460598945,1.2393612509669456,20.474109457872835
1.389614292634588,4.513001200774928,3.607057101674509,1.159038723378059,24.12468486489896
1.973282523701513,4.39197487237311,4.889957649503144,1.2652940340156826,44.2035985891391
3.827860232122151,3.5484350580288155,1.0256964696938249,3.6448886603091153,51.53956944525931
3.6322031818818257,1.0425891220713508,1.0801819384946203,2.616471180682123,16.52599151903485
3.4263701304102647,2.8922958677323054,1.6623460544653232,4.641999978657063,55.98163460848442
1.2382813856106023,1.3299251661464409,4.191256598546799,1.044693429309401,12.647011828825462
2.710209075062834,2.901202385612312,4.285448343344863,3.1571315964951365,49.799444967420335
3.011452093414146,2.811746307815404,3.4729341404380234,2.688070995205223,40.94507967653065
1.1551482237435795,2.68788823499318,4.570302364627056,3.7217499415366255,24.23722155146303
3.785548460919735,4.332698552669399,3.0612180629403447,1.6964485665893796,58.71626142929932
2.378094124623148,3.234009119821553,4.501134446903105,4.207194742002423,57.57308075340604
3.620705587324825,4.4447426212338925,1.4750182118747688,3.000544443564284,56.002689160434
1.7666857871043025,1.0675919766160575,1.7485279157022369,3.2271946911287293,12.907307492408098
3.581562525958144,4.513989192708593,4.817605531277065,3.1051201065413605,95.3182587645156
4.926389157577793,1.8944513459793704,1.933979988390964,1.94406990023643,27.362722797009887
1.1747077710604894,4.057182174390924,3.156744852378752,2.4017565279070325,18.90938827273834
3.9082195451874617,1.765370188092375,3.4804893197261237,2.736768959229283,44.39784720524886
1.6683434904208865,2.9878257377295188,2.5736023039135785,2.701161133760439,19.058157471167565
1.737806427199518,3.910815862528096,3.2447849760928897,4.360332056426115,38.95780204496865
4.413187011995676,3.0451802859223105,2.480420305310832,2.8199059572503864,51.58458997743893
2.7800089938592256,4.487130459807746,3.976554811523112,1.308993944590091,52.34867173823994
1.5633770428776996,2.3770096554082887,2.940736102368059,3.653675340929445,21.6116921409858
2.3578269648767,3.434812625799334,1.7106328804997686,1.151824207739102,18.9226243389397
3.723183754533328,3.494503450713561,1.0282747670833166,1.9582522272123968,31.84002549704452
3.342137129828404,2.050777087480137,1.3089793947109891,1.6457091048468515,14.417097548131393
1.8252147666137344,4.439356178249234,3.3151494574719584,3.588282679265241,39.765837113954944
3.1820972693316376,3.2533954355643058,1.928115657170724,2.594414381118561,33.464840687742466
2.222240083472027,4.823156934066133,1.7842268759780162,4.8050146093582935,55.03874654240384
1.9792056622144056,2.45321927454036,3.569876025624507,2.445684776249015,24.486409517884265
4.137177545209436,4.747488423375838,3.560117709953968,1.9307879443023404,80.55297026265296
4.76762171449084,1.7930627049494063,1.819356084470516,4.082242377587763,55.28017629182319
2.26812733834445,4.807255869970943,4.607320834508395,4.237516469662982,70.64497674158928
1.8309305588132871,4.04491885765206,2.7106351893822014,1.2132261439304588,23.0521749960174
1.628788148289669,1.9654144054002691,2.64954926586969,3.586863827318848,19.34068426371924
2.5972000207280983,2.2518188658634397,2.86843149847807,3.554954792410714,33.68086781621054
1.0179986017510003,2.355498301927444,3.802014302136436,3.3300803264216987,15.826376334125095
