sigma,theta,theta1,f
2.392917645179949,1.0959444334169766,1.0095143124852357,0.1666092176593481
1.4275020806477308,1.3486538022908638,1.0785956713187177,0.2745121861144763
1.4717763367141825,1.1860329080331624,2.3754096643110474,0.1955497934172872
2.817581084492353,1.496068015018314,2.074882439510838,0.1386339976032292
1.426160480421297,1.0692895665955655,2.75452292333564,0.1391668483098455
2.7390829887327115,1.8242159060095864,1.681518805410377,0.145450602254795
1.3941725064819517,1.5408322822480431,1.839982937302282,0.2796377675668507
1.3219206441233136,1.7719362135991583,1.0647216218540585,0.2615495568377482
1.7892466712972683,2.05204674618636,2.9315113671903035,0.1975955452366459
1.8710505323196664,2.655594177157748,2.288406234665678,0.2091517907386504
2.8051908125820786,1.5741014821506374,1.1847941059193097,0.1408527601988976
2.514965807917916,2.1694231737528176,1.679658551186513,0.1556477886753477
1.1270569604243776,1.9306080921704976,1.8514388176060408,0.3530959534506598
1.4346332304301337,2.8935124144541406,2.345469362700388,0.2585119740706156
1.7474899136907598,1.2700948610889904,1.825930413786509,0.2170331221540682
2.7555004622834547,1.533334081059539,2.633784176900629,0.1336830249394642
1.2895696050091372,1.1285747338089185,1.7401451475388696,0.2764568146081272
2.477529431985418,2.337292047756689,2.0476825000716525,0.1599278406597328
2.493855844796197,2.4136087509840256,1.5014027682368305,0.1496184967543462
1.0964196032922937,1.567285334113913,1.0157034173719068,0.3206096265203895
2.769214306490324,2.284279880561992,2.972687198146517,0.1396799686383397
1.384761789979568,1.0961918906399046,2.241144837850146,0.2046846388030634
2.2324249717976112,1.7457656527023466,2.5330137156438592,0.1679304543241377
1.5126142073194706,1.2771195039766925,1.889732790511556,0.2429762289102291
2.5338778467745158,1.4745858167080736,1.4956616502691733,0.157437929052015
1.3891244049236984,2.39412158833452,1.4072887586985428,0.2231422875015091
2.5278786195009326,2.95957774050981,2.283210081050949,0.1522678609882456
2.567125534236577,2.888063929722553,2.001153496344565,0.1464009437866738
1.0622015873845725,2.3794459472286644,1.3610459853494583,0.2371895079074313
2.737722656798768,2.901058324017556,2.206110225502579,0.1411005166913939
2.719220756589655,2.432934147927715,1.1724088195913624,0.1317659027889121
1.195608211964763,1.5131676806461007,1.4927605355096345,0.3336244837660283
2.968217407084777,1.201764938476347,2.724070787951579,0.1178412067898053
1.4951910810202496,1.706533657677658,1.7015352128566354,0.2668154299698134
1.6763371700734797,1.7633962283697855,2.807020480319294,0.1960586220537408
2.069197081014845,2.4112580318658017,1.5556781281596084,0.1770038678539511
1.957137668303946,1.1620777916037637,2.9968816706113084,0.1313527778731112
2.8490020795166604,1.5549534752396763,2.563997940205097,0.1315159451653625
1.8953263646474523,2.657387319008424,1.578254044839177,0.1789913020010765
1.9919786202555132,1.6282401046815609,2.583727134653822,0.1785105948685028
1.917774472163482,2.075958605793748,2.934754783886069,0.1881773793947334
2.195264809402393,2.405188472826895,1.0359112448762298,0.1496033543842313
1.5565150019852252,2.598118304798477,1.5115251924928406,0.2008784665959066
2.045674639662306,1.411605069120148,1.4885703205161014,0.1948794871951828
2.613629335891737,2.099801254996998,1.6772520527969714,0.1506573591881498
2.159607077428125,2.0777884832331104,2.227896388521639,0.1842834082053109
1.6268620512948584,1.7543976848292413,2.334935896986795,0.2300954895054681
2.646208874081493,2.3760180500617265,2.827387337569108,0.1485826442748606
2.287855728278413,2.3590058778197545,1.8389528867802127,0.1699266310446981
1.4458422516453426,1.0243905428277469,2.402403460873281,0.1752016610752821
2.059590590596608,2.9701060709166778,1.7624229903900706,0.1631050329806807
1.9376037062801468,1.3534907092527502,2.6373236341996336,0.1653150957169469
1.393382608888729,2.7142380175258314,2.4913130437312425,0.282671172788685
2.0781175457317547,2.910967265932664,1.584449285839278,0.1565888812428035
1.3434533212649715,2.1641707759948106,2.5055501653243013,0.2875188554156274
2.6839206068347647,2.895688100371368,1.596817163389527,0.1322159471679401
1.3473743344189726,2.169011543092639,1.0654373435922648,0.2117133264091675
1.2412699881633238,1.1451750182719975,2.248520767466128,0.2165072014792647
1.2214693489095725,2.242197591517173,2.295354790252797,0.3262993700614682
1.3864480427017558,2.255956667239479,1.1685806375207326,0.2115617611332186
2.9935633705306515,2.8520748029549035,1.4172883627857065,0.1188060843478755
2.114518510564141,2.7287957098690603,1.9193733000830824,0.1753395639435083
1.9162577091925037,1.753993916644689,2.843382667729676,0.1771235587365982
2.02036947993871,1.0191792811467832,2.1622031652105136,0.1682582246374938
1.0452788218216802,1.4302324066718284,2.775855606598295,0.1666537621961069
2.2884066456539625,2.6371361647598226,1.926741552136407,0.1661310525889595
2.1953048746495094,2.828015644505909,1.3751745591160045,0.1459858523195603
1.6732075949509675,1.8324482296075943,2.833231515896835,0.1993772822309956
2.019436767177311,1.9309407237480103,2.957241118667744,0.1736182262117421
1.103572666483753,1.20052977089229,1.5241241797863805,0.3462889985465225
1.7918333603475178,2.635079246043781,1.7805158466495274,0.1987107975079211
2.451156144044242,1.7727275870191967,1.0340812102188266,0.1555321086869242
1.9709048320941072,2.0616268579250385,1.3712679481940933,0.1903715475381318
1.3585904470048231,1.5229599903665767,1.9346913846239835,0.2804644595093714
1.873513768085325,1.1336665024165204,2.3384387966583318,0.1731643643073118
1.4109140786577523,1.169243051147934,1.0293023436436106,0.2813670917779997
2.507842300820586,1.3885422777244028,2.3962184787138976,0.1467408860648745
1.4077091925374428,1.403074053041813,2.8098294998782736,0.1720061677862011
2.509142570903657,1.6843227924720785,1.211313101654812,0.1561952461936277
1.987956239297965,2.2210746254685123,2.5824717442504337,0.1973907464636722
2.1797821758434037,2.2672508332949954,2.539351124530776,0.1815989417317377
2.232793994362954,1.8333001798817383,2.4040635840847067,0.1729305967623327
1.9294353778487832,1.2898360349816973,2.644809167401999,0.161580250635827
2.0815804986147226,2.802475136043122,2.043481874879658,0.1793275677032494
2.8211406656694,1.96771594530874,2.736981887932455,0.1362509655929993
1.9336516183990649,2.9715999142027893,1.354216302428694,0.1454148280386684
1.282840431864663,2.6751564266897683,1.9963730976078935,0.2703596871695253
1.122462461517326,2.675286698135203,1.85736767542652,0.272544684183246
1.37904239187075,1.6012681249900855,2.960685163509573,0.177959730128915
1.740389487809889,1.9473512874480996,2.330223768145725,0.2237455532985555
2.848566836916293,2.611352948490512,2.9866444746860346,0.13883997929576
2.492230515022772,2.2931814715600147,1.6547423643209354,0.1549072667323428
1.6301413675903504,2.5285173639527603,1.2150525786802575,0.176892846456878
1.5617413716345951,1.0736024353486242,2.79260167449878,0.1393866499304846
2.812247575777749,2.496729076391123,1.5783740275450275,0.1344931771265869
2.8164768954941453,2.357627712053717,2.8565718283042694,0.139440582587585
1.5735698367983255,1.918957593696106,1.9841178257234624,0.2533096279044781
1.3866771936859,2.459956383245701,2.8808433376150067,0.2747450520068815
2.115226796042734,2.35133684502214,1.8756227856501964,0.1838949644785945
1.0811101794450917,2.8712536083317293,1.015131567011038,0.0845220709795638
2.939205043809901,1.2297599199826983,1.3766571323985035,0.1355619411894191
2.8946149710448736,1.1276916935801866,1.5011488428602366,0.1366799186488723
1.1227340958160337,2.496283900953961,2.760672918106148,0.3456141124269872
1.4623042442350522,1.4333690377917174,2.625340235343794,0.195700043467774
2.526285876896276,1.5764771384224148,1.7757286776983825,0.1574261108572963
2.2907663108599805,1.1838978432002305,1.0746241568140662,0.1739542997419281
1.7888580548750674,2.0701190993492533,2.5624163950662755,0.2147278087286737
1.194889424504037,2.318699399233406,1.9948026292477588,0.3218301933114936
1.8158588188283469,1.7442336555394842,2.7984788303556005,0.1856240897624322
1.8760506688317125,2.2313635296862397,2.5596380419079243,0.209419326969919
1.0373166806526428,2.044822799000171,2.0535521550133344,0.3845770168444344
1.8654276192305248,2.7988309490876864,1.1517207880373397,0.1448228804520685
1.218112621720453,2.01954834660681,2.379839473959211,0.3134913450197978
1.4630551669824976,1.0354249334767924,2.099225770557251,0.2093371351815751
1.1119575668372326,2.399455309180524,1.2169293699680717,0.2038160219266447
2.8678123782614438,1.0407710266648411,1.911895865463853,0.1328382697381072
2.504618232130419,1.2769546284175786,1.4256013806234829,0.1590023956986576
1.6725698744787851,2.523303151817819,1.416564384256293,0.1916234588008569
1.058365829909476,2.963637853127733,1.8697441757301163,0.220954916535052
2.016110918233585,1.893026283100813,1.913433951339784,0.1978670118473127
1.5994340500330753,2.83249888703683,1.1597153779289306,0.1443521371764115
1.70733274767885,2.242218412627727,2.2572581192672687,0.2336549820019375
2.298482204950041,1.9775280583583064,1.906676530505615,0.1734852619668953
1.7117723588910825,2.9103286845174945,2.88677626268603,0.2330359628433946
2.17985902251954,1.976318580780621,2.665193815740181,0.1740987683322702
1.1379436948847697,1.6508802031088865,2.0729467216842106,0.3272778289049663
2.670669482819179,1.3230332505052629,2.7203738553725536,0.1302700189803269
1.883503409554322,2.722275586940795,1.6711322700359124,0.1812644864150037
1.3808602281479816,2.3295437212811603,1.158806309075567,0.2016836910220856
1.698956161269456,2.590986578357252,2.4058524220825257,0.2334261016760266
1.013995721795206,1.3390027326588492,2.8036790443229336,0.1386129671958456
2.950368761202804,2.303490498094628,1.3458271772439605,0.1282789130626274
1.8004780896733326,1.0583562694438209,2.395904007789193,0.1681448189202487
2.484616775177064,1.80252609672234,2.914694451511404,0.1452586179167322
1.2564983040850066,1.8020653935407709,1.5355187201038738,0.3104390198579295
1.359928040463145,2.996779020454508,2.227623456756816,0.2499951423395733
1.64166398904334,1.1100462935814717,1.1742975704124452,0.2428248747183856
1.2228460363430238,2.4465663897989085,2.9889644666162907,0.2956764478246373
1.0558809250761454,1.8458327361546063,2.254509130051908,0.3505622610675619
2.800858181759581,2.4406824197823926,2.185576544067217,0.1418461441280482
2.6837027961081814,1.2605235914718165,1.2651656505110718,0.1486534515577787
1.619406511571328,2.3398270174093647,2.4976773272268757,0.245183376816078
2.126487506228812,1.2897706617462636,2.678604812175304,0.1515730448468216
2.3288462643590675,2.416497648508489,2.3414235162621004,0.1712157002394346
2.345479488576711,1.816589196845184,1.1311554666477417,0.1629797449493636
2.8220860553438403,1.1788709919378313,2.353429800525382,0.1296356996333139
2.744758320571296,1.7800806154425737,2.2254115659631566,0.14344641441714
2.829700782109408,2.933544953586043,1.2681264055859955,0.1185637278031606
1.5607723022157425,2.938412308834806,1.8450773165138523,0.1999924419221714
2.0292997930348147,1.2237504022595285,1.6549173700615647,0.192203367947709
1.6061608694739,2.410679017345994,2.789541178490194,0.2415677912779093
1.3387357153118524,1.09647042868094,1.8484927298643108,0.2545035491782212
1.3743746852571743,1.5696657060831445,1.3867964067768783,0.2877137016970583
2.443400259232976,1.6882101833001542,2.374051300338743,0.1569664885319538
1.066308209573923,1.393916284887017,1.65436996960008,0.363138205330925
1.2281653246433788,1.3527153898388145,2.0383887331077224,0.2779527162441226
2.371830432298585,1.3891746127777111,2.2619542407624023,0.1571893497503771
2.838333907208341,2.4252576643535653,1.812290483898896,0.1373153509554716
2.2077528422539245,1.4597129422774833,2.554640802373868,0.1597899225791851
2.618458465231776,2.3520651302832727,1.1448603495789684,0.1369962662304963
2.8446252201147217,1.006719403047769,1.7250392837014352,0.1358433899474828
2.8805082339015984,1.2475281266562726,1.8677610110873568,0.1353235405019238
2.832281234324883,2.5747025445982894,1.3537803227004728,0.1283578363950432
2.6910116265422293,1.0090460829586418,2.605697146083183,0.1243227271298203
2.1874100662015885,2.666561775115281,2.2363110975408684,0.1788869842232699
2.8405352901827534,2.4103044057576457,1.9070946709983196,0.1382595356656665
1.8752613112370675,2.4939687499424203,1.246202855582778,0.1704942979384011
1.328243200431057,2.732594592896441,1.820930304910324,0.2373198293667668
2.569127324677797,1.5537090775676998,2.629558259408032,0.1422477514872676
1.4904751298990826,1.6011417383657514,2.228152010727704,0.2449947442077947
2.887274311876145,2.886734400755505,2.0821991090262504,0.1329112056745169
2.553476376344202,1.6626364416697166,1.355264196475552,0.1551071357427867
1.997870509449845,1.9666331817056544,1.1610654653882715,0.1840936221959203
2.689356050430513,2.4864967614540285,2.225498070595405,0.1476442605755608
1.654605797208622,2.60650570070809,2.6097916208117784,0.2411096917361102
2.592223840820345,1.5147897706281437,1.11081771657662,0.1520421167650149
1.901018491072804,1.2903662576291357,1.6989802469666215,0.2050648616580198
2.0287098528695475,2.3273112251764654,2.593936822980649,0.1949572442142675
2.1472504643339088,1.0676853255156795,1.905262692361701,0.1721818845444638
1.8200625268763344,1.922067473033645,1.0153140476521705,0.1936097900821085
1.9781547091581588,1.4630845567669917,1.5195637049234296,0.2015917693202392
1.878253218585325,2.7369668725527654,2.6768817123516757,0.2122920375986726
2.751372881752689,1.8788435670718904,2.612751627542626,0.1399298114731854
1.6921712673935612,2.852380216942687,2.9108162559898414,0.2356170924903912
1.3421156687199245,2.843071480240545,1.29530038511456,0.1528714219855451
1.3384508834480615,1.1142101877575523,1.6085969471984114,0.2784075056682737
1.0755119458886384,2.8501877790079733,2.911648446800175,0.3703272835338753
2.1886292673775,1.202050785379265,2.83349424711401,0.1380640034002732
2.0665303365253997,2.575506820977221,1.3556462472590254,0.1621824886895198
2.301032959533009,2.462005020399036,2.925902319194357,0.1698875143170538
1.333570354349462,1.1415452936468569,1.321003864507151,0.2964570585358811
1.6479827365426538,2.0905257003020195,1.516247600810872,0.2278182004881728
2.93073122099943,1.3005203597309758,2.071004491184472,0.1315000252301915
2.5621460372989397,2.3594649223090336,1.0850311796672567,0.1375880165519132
1.1682146915925231,1.611839482905176,2.3559131530104427,0.278801118228817
2.8153403994642616,1.6267325893800608,1.6588046416493956,0.1416938409692226
1.9730008752899284,2.650096162329662,1.9038585838549515,0.1882430843873799
2.6234250263025656,1.298456702232563,2.874516503323973,0.126960652554075
2.031855494485396,1.1652642701724496,2.637730284996616,0.1509999191371843
2.446299366832798,1.217377278119392,2.745435475534262,0.1341759919781774
2.2336653511398943,1.952531857795304,1.0674029057556085,0.1651177563814971
2.288958768000706,1.1608707809008747,1.3406092357590085,0.1737533387322908
1.6274809674260924,2.618791641873668,1.6400203527051087,0.2045762568320909
1.8040675649042668,1.6441125637847127,2.906598000324889,0.1731075811377574
2.582503802423787,1.0792638469028988,1.905205973387403,0.1467769697131701
2.119842329327097,2.924689829025544,1.631270012499729,0.1562307516631975
1.4339637759403498,1.5314549474472503,1.6295689547228798,0.2775589967038258
2.6578340046443705,1.5748117371544672,2.3568912090463034,0.1437409037255088
2.4255132842815224,1.173159553924709,2.929183379738278,0.1265578917247742
1.6916012696127336,1.925415739806333,1.1127027041204771,0.2101307250439014
2.1506685898909943,2.2981339845312725,1.2427890741275072,0.1644558318905335
1.5234866846741522,2.5584040468857925,1.990110768739044,0.2442623002935734
1.820880665142847,2.800626721822173,1.3225111921861852,0.1575937425237901
2.868370407789018,1.8009669281734435,2.075465793447673,0.1384478297254217
2.746002606643278,1.2057204570708886,1.992742805866149,0.1394350400831863
1.7319470536689008,1.7421022781689284,2.902417198905798,0.1840403759097422
1.3899898653870169,1.3688752937965392,1.494662120843677,0.2858381201601727
1.6297259693850776,1.6149301502834257,1.1375621197607388,0.2345117820483465
2.4860948897182213,2.3728121109876774,2.0470332966946003,0.1590975909407759
2.6363552067240468,1.8665033753743576,1.536736920725174,0.1501442282879498
2.047394543920736,1.9489704885523436,2.0100517728369587,0.1947669452735634
2.1103591682039973,1.4577213558329856,1.606524985866273,0.1885706404628238
2.9022826615569186,2.388382028471605,2.3995183766779817,0.1374570950018512
1.6111242553647152,1.0160809958751285,2.707723726047196,0.1426878118000991
2.4237247118290144,1.6674529448794797,1.1902516067690538,0.1614392463846761
2.7727977768828165,2.741677430319596,1.9652766403138409,0.1383460491919606
1.2532067566474676,1.4189496061590363,1.4066547730382537,0.3183218409018734
2.151263330618857,1.7959795262089018,2.840014541343319,0.1648436357516038
2.666515503812632,1.3304974355963408,2.419713613139684,0.137636553847123
2.892658572800977,2.233421257664059,2.854063042546513,0.1347772304193326
2.2745778905295744,1.4057405377406695,1.9103948049988155,0.1711276419395578
2.0925368639080792,2.802855731992067,1.2079866235319023,0.1425920771450652
2.999756702284168,2.4257581348373063,2.52057622927874,0.1329251260940551
1.3625707390448738,1.863428296264072,1.661099281845094,0.2895763070430514
2.7653428925553376,1.1562698589753704,1.880743653922024,0.1393981837061595
1.7994804917636489,2.959373059236845,2.6695281496306285,0.2188412835071372
1.0066806908739248,2.651236304921151,2.253496663773527,0.3665394764400018
2.326758741886517,1.7569914384474683,2.778252593322457,0.1557130860951224
1.1425785636859065,1.6857377220785823,1.7290607865467975,0.3489087033802896
1.6469101546908316,1.5478443319701995,1.9024196508459972,0.2366871867191688
2.7235142067957234,1.7314567529326508,1.0673240011679015,0.1421896825709874
1.5503163276603271,1.122501016367939,1.1885097083485876,0.2570964557918005
1.4791921264607608,2.11625260469898,2.51986686129055,0.2598472682359441
2.7537453982420272,1.4350320121223716,2.180924032966748,0.1396544272356291
1.5892629743140174,2.8463868793179703,2.494119279511013,0.2449320862840369
2.829686240029297,1.812164826053767,1.6569077978735984,0.1407725832311062
1.0622305779440735,2.171298758946232,2.487915094819579,0.3592518354712469
1.9756028808861488,1.0207886258706858,2.9864950073862246,0.1230929729710627
2.5166260266888534,2.8113524197584,1.773359381040861,0.145596394962501
2.1630218676550275,1.8574198141521456,1.30401917659709,0.1784988009801725
2.9141968854368114,2.1165283531664016,2.9067394957206933,0.1319547199886579
1.5714759584202784,2.8410487463906584,2.270751730834574,0.2376862019620758
1.2828942399946222,2.1518481107269185,2.408371568860772,0.3048155164654119
2.0720260074760266,2.632202275326488,1.866056512572506,0.1798152282407654
2.626110497760796,1.7467975349049356,2.352782894635045,0.1479226054227558
2.0454519398728306,1.472923637610323,2.680622050324017,0.1638405254320635
2.2568158527635664,1.651157820776661,2.8790063502759358,0.1524535442799012
1.2700707121923034,2.205610237425798,2.523638921573111,0.3044154867092327
1.384920472386909,1.2786748991411978,1.2355614762610054,0.2879219599215822
1.5378128462402834,2.057160464431319,1.6711139114579452,0.2513750393392257
2.6393015978484056,2.6832824366540624,1.729584104168404,0.1416015771878298
2.4699330718381947,2.675766869909965,2.692312749042092,0.1615158457865879
2.7381864754355734,1.808681369680511,2.256985146013262,0.1437561302572262
1.9739767724858317,2.0461406647511136,2.791127526616915,0.1882083618288099
1.0392459990741243,2.89533130912855,2.002943778280536,0.2655091225514918
1.3429165993463932,2.1825653973386507,1.8963625454316115,0.2904010182263674
1.497841026223259,2.278689685189902,2.5592490543379838,0.2617132991452551
1.976021930990068,2.3260791095192115,2.459559632216988,0.2014315332600637
1.829704098552666,1.7069924040039934,2.9371432189510496,0.1739301651051462
2.436964706549716,2.203586118756495,2.8712671447062945,0.157674183154
1.425999427203191,1.324043620929288,1.8293231673340389,0.2627407137324049
2.461807475503825,2.8672117766960854,1.8704877491254757,0.1493002056167689
2.8578192340536965,1.0602215667692387,1.905860529968353,0.1336171272532621
2.997428305278217,1.4862979553433966,2.456498885323759,0.1263023208295062
2.884117718386616,1.4852324261870815,2.2070257400230933,0.1340591954694742
1.499122764532962,2.2522847970446085,2.0301449684885404,0.2632115270429833
1.770209017508496,1.4311184622472488,2.163819101394167,0.2068636562005998
2.3448613588721843,1.307435129680541,1.208606900675536,0.169983656533484
2.628640075584279,1.8155972332483967,1.1907094145958002,0.1475392198014214
1.833187406449737,2.0368959005166034,2.9087704639997187,0.194349892317545
2.6286762309588947,1.671310972307411,2.141398782131259,0.1493580083460068
2.102327717640581,1.7406822047462822,2.595452768626517,0.1747081274418359
2.0760435716738197,1.4130734288611917,1.727528065785938,0.1899729095475841
1.4429353242987708,1.7133996091594212,2.264584349761898,0.25702662262597
2.8957270975388685,1.87060436455698,1.6507302805569892,0.1373727161314945
1.6768414851312998,1.597877223734562,2.3909556515319235,0.2127375734190389
2.594530792253735,2.2916586950372357,1.5896270255618243,0.1482357514526781
1.0809880958277884,2.7716139402348485,1.901498869878168,0.2669305600817696
2.80014403273311,2.954120076686237,2.1347591818371434,0.1365013439417925
1.534919402337545,1.503336403529212,2.7085072979215763,0.1909656970101125
1.9287727995163,1.1389104445019085,2.051620500529679,0.184928646720451
2.856088218348168,2.703390032122825,2.3432437049704307,0.138575248761095
2.913657998522203,2.604301171492033,1.883563417210987,0.1327958020023184
1.7398717237215338,1.7089746696871235,1.0734946983425435,0.2144986173303238
1.2893697542357914,2.7075614772559917,2.367118252095267,0.2988091427275424
1.7528694916901235,2.2058576143985693,1.7692518512374784,0.2206421198155913
2.941509105484447,2.5701749377278467,1.8167493103238512,0.1312483375221737
2.6494298519544386,1.6713736635663918,2.478498247384998,0.1437490761527581
1.913689677148376,2.274417066723422,1.8230340203389677,0.2027484685686377
2.193898222051049,2.731256000205031,2.799182317979884,0.1817546076828381
1.6852731713217866,2.7715668458214395,2.9870479249849664,0.2347954783205455
1.3317711104314265,1.776469944728889,1.3918855059614563,0.2873241561138622
1.632052228169698,2.046644605273051,2.915801025876825,0.2121240934034351
1.4113101268753232,2.409159707466172,2.641030631766386,0.2788856700494718
2.6983281527077043,2.970060329945221,2.669048007274279,0.1469308539437691
1.918019019106323,2.3237768627763176,1.0745734557293052,0.1682462729560639
2.264310731625293,1.8974100226271964,2.305258841567078,0.1733520756194856
1.5848492761868556,2.7978904303362317,1.7542823353372363,0.2026585631398407
1.4649413514704483,1.7632160080123225,1.5672876908142508,0.2699016676601505
1.0203339321969145,2.058994770633368,2.674311440743116,0.3259844234537934
1.3290682961539284,1.0209538280220634,2.607012827972473,0.1472722162517511
1.7585762207511575,1.6250666207207751,2.876438963632042,0.1761150173785415
2.2505119145426566,2.540868608366839,2.1232450761000976,0.174241323020468
2.0719157680748754,2.7463497088243827,1.5115275902062135,0.1612162269491651
1.1629147922579306,1.8959281184777208,2.3106238539569905,0.3219207064949136
2.134970484086617,2.236186470535636,2.734072154066665,0.1818480866481329
2.336199150745994,2.994442965295677,2.043441969058752,0.1571872344714863
1.806405620498008,1.6082380418746818,1.6272806306646324,0.2208364000684073
2.480088708629183,2.556737629087141,2.553898866186671,0.1608579635376154
1.9988050082106532,1.4291082536196376,2.853821202004537,0.1548160896758366
1.497976175751418,1.4605904748825351,2.660920607462184,0.1931872536509392
1.3629120631516836,1.41320394864801,2.870878387950613,0.1652148268182489
1.9308314182795048,2.9312564892035256,2.436472614726957,0.1999431173874699
1.1542371749656952,2.0140076748145543,1.1728724453596666,0.2650314065820768
1.6215711056605564,2.4510641352919773,1.6805949249694432,0.2197616248028934
2.5275197857629736,1.1504254137101853,2.015594528233416,0.1488581328246893
1.067163109760388,1.2699277933196984,1.535302227866106,0.3624526473337124
2.6846873616401687,2.382913574065627,1.0200497663714367,0.1306342658639326
1.3256092468400804,1.5252445744227907,1.464901559157521,0.3006384872383394
2.5145030369021644,2.371388646365692,2.4782075827650303,0.1585134167639668
1.7386167153701966,2.0238021648644784,1.0961571411467106,0.199016408133142
2.220378423914036,2.835220801208605,2.8429367954133262,0.1796720177342109
2.935359109738028,2.651120474066927,1.344714299720161,0.1230940213121886
1.4051597628698798,2.813996024702714,2.4076468574768946,0.2722857755722322
1.4835457932695022,2.943086053145952,2.3954226118177795,0.2511983189590909
1.843496147070013,1.288158446223855,2.3226781470297366,0.1848778802528084
1.3130619040146485,2.500747344505988,2.1406176171798568,0.2926109098337553
1.5489190345073751,1.8817476577377703,1.2102892946634396,0.2344629972587112
1.2608328640155393,1.9929599730866336,2.087409926959966,0.3155251610826608
1.5197539512058984,1.6596332716197166,2.296953126631598,0.2404081350848162
2.6131328323054634,2.7881213476350637,2.5960342925363102,0.1522562851298493
2.434485247997546,1.494583508966904,2.82027610210711,0.1412901358877664
1.8569534876249476,1.4557959468984056,1.911910093549882,0.2084530211382295
2.2684865393585043,1.115345928198822,2.83771565208558,0.1318238343254124
2.373594900138256,1.191842706608857,1.9252780196087684,0.160239780544247
1.662129871654534,1.0416738946642727,1.9863847230806249,0.2042189301459991
2.132448445377828,2.3106934552940204,1.5391742604007252,0.1752294770038441
2.535476131312971,1.6890473656435678,1.6826845046577914,0.157343632328454
2.961193513584692,2.7268528390935014,2.796633613690183,0.1346860733660227
1.4344404122550498,1.8938466553828208,2.750343485085836,0.2327071655720943
2.358261414383492,1.950434005441449,2.9557326205670327,0.154474856860143
2.3316139910354186,2.6881141395144814,2.782839183524348,0.1709601975383067
2.4763811684523604,2.462242538597718,1.7646138917306509,0.1548314899869219
2.1950672037456065,1.1362115479715915,1.1262015847105131,0.1817430152664869
2.829079156940309,1.6874054277173187,2.3656661291325225,0.1370199281900249
1.8696988680143527,1.582413196900245,2.918746014150548,0.165276321453124
1.0642183315687928,1.793983937434362,1.8609297698389304,0.3741278514920433
2.521106590583524,2.3854851893726163,2.229681557958381,0.1579390526554462
2.166678876774596,1.275378572581928,1.3528749195550476,0.1840084298029311
2.65049360383554,1.3146156297440583,1.8975436801427952,0.146919650315095
1.1615318206225862,2.8450112749578707,1.0734824376513803,0.1073410788529325
2.115399274743069,2.9416906470082216,1.966940577746197,0.1695945340005789
2.266468345020459,1.8497541406201408,1.5121626628454696,0.1740775348931911
2.489721654115665,1.257024645733308,1.442002807534641,0.1597940542941557
2.502558820175331,2.747630798123227,1.825907873952544,0.1489597408749741
1.9497905115202048,1.977572505365632,1.0765796070569245,0.1838881807134036
1.8172148081928556,2.4919656116967897,1.864314882002004,0.2068231465119828
2.031929302387508,2.2602513337403374,2.1386236889602337,0.1959852705842663
1.1612464098560555,1.2234647526098832,2.114748996184876,0.2558973643285837
1.5236119495034797,1.6238321895306231,2.193839584680891,0.2441423871064212
1.3457610505753717,1.2697016421317515,1.6479433797287932,0.2849629716628306
2.8442668776284403,1.7880508817409704,1.5047329875387243,0.13956777239148
2.428397948899678,1.9407849916361009,2.781296680647029,0.1547307067130298
2.3409099927165524,2.770362462221634,1.2356459975508092,0.1374646620297513
2.1125232689587303,1.5854027957201466,1.55647486514786,0.1888286318803504
2.923280802154879,2.848512508188513,1.9424043710207104,0.130069867278624
2.6001564700704685,2.4145374718692207,1.1146785375916055,0.1354073021041941
2.2161276122928752,2.015614846161534,2.673921354892971,0.1722479938150405
1.460147994660796,1.168022371230747,1.6659464699083597,0.2577874131536393
2.086079359193585,2.114819987488444,1.140372481083116,0.1714737546602324
2.157410153540932,2.853152782143125,1.2317716116700483,0.1394214921070287
1.7306393371470472,2.1752796698378307,2.14768379166822,0.2304879808587568
2.6435233478501474,1.0701595722611494,2.134418927128288,0.1391655541996891
2.220434360586714,1.3917552940860851,1.220121438582503,0.179132627145176
2.8978065821909698,2.9751303969431344,2.18885111409152,0.1326947038852211
2.8412696459731848,2.2241248279200074,1.612602061489962,0.1371951052799305
2.514624488093417,2.099032004688884,2.279667738276057,0.1582400517398879
1.0231745982918776,1.5403438161689176,1.0249536367764172,0.343449924344556
1.1480895263946551,2.454706486468837,2.85708563912931,0.326784308958203
1.2250152500525928,1.7745936869526595,1.8426908722026727,0.3251603329655048
1.3470796390933992,2.8360769617845367,1.8155206819647332,0.2222702376807567
1.892082682197784,1.924800938575328,2.8362101610897907,0.187752182233166
1.3176199765439571,1.040978029700612,1.2475323799644664,0.2990773785738005
2.171854942532063,2.098320984949291,2.741570886067238,0.1758049622814492
2.2080785641614096,1.3490731905991986,2.04535381938882,0.171910931327479
2.474977031722349,1.949634007551148,2.5733797406366663,0.1561517645258553
2.23254935630117,2.7149493519817627,2.6401594435251505,0.1785933594455043
1.2456065956697375,1.3820785394335091,2.466840341980583,0.2192004395576199
1.0964683451692832,1.625269717156912,1.521364111726592,0.3622129247721153
2.0882651399214947,2.01514753799422,2.6657767152647,0.1819891187532211
1.69719074812207,1.6138761117098797,1.4523275819621944,0.2339979115887863
1.7619737542946696,1.2729146587784483,1.521650465121377,0.2241729364830775
2.161020971186663,1.4967538876677629,2.307662185214972,0.1720581078987574
2.7507316354625653,2.664954447985249,1.1244552187599026,0.1239814052088551
1.179777976031308,2.1157454938991407,1.8169732673871928,0.327479056949307
1.1075892544389674,1.5196058768869736,1.674167640553342,0.356699655234476
1.463331231358344,1.7285800475746018,2.7116420165817363,0.2175536394333087
1.415108069723824,1.0598341554657038,1.04552089970154,0.2819020557696013
1.49543847117494,1.3549095173853438,2.315250407595664,0.2170656023007496
2.161977451927154,2.523670416542588,1.797202013416865,0.1743977518651099
2.5055719901865814,1.590541628945205,1.6715810394253998,0.1591387783264707
1.886448185934234,2.897140357720143,2.8091231714072764,0.2112479336394049
1.8003991036518714,1.625499514173877,2.788007330508594,0.1798903828704893
2.7889780844784946,1.1467013852961725,2.981074349939381,0.1152198693445772
2.92149082589292,2.576607142043917,2.15269865253319,0.1351243802557827
1.192062853528688,2.505986008443039,2.520295303780583,0.3346413640622036
2.2541187548410626,1.370852361320337,1.453378939770212,0.1768651266508336
2.6071975141023507,1.845172903306873,2.912558691373325,0.1407150337348338
1.189783461411171,2.370524173526526,1.2223586978991472,0.2104847284083651
2.225522687278995,1.2510950112757089,2.183973024577494,0.1641814354491395
1.8275812480187128,2.0162851976711917,1.343421332666476,0.2039853425401615
1.8719705548623704,2.475880381896175,1.8916081471211477,0.202981908184849
1.185127247894754,1.4351282344778986,1.8854380896063847,0.3131802610322169
2.627215150374558,2.5629811249216923,2.9083731629357645,0.1505432706584358
1.4566645396273838,1.27758112558736,2.0531720667014675,0.2376786790702476
1.8984192317155024,1.8562440128019104,2.100976507884747,0.2084055208964606
2.2466109724345653,2.7536141383680217,2.623390611173992,0.1772770852471547
2.3165058841673485,1.4691401978498644,1.6792436898324936,0.1715103604250376
1.0725484376466254,1.82086101889584,2.4329295805702933,0.3160651932265473
2.41837621106086,2.147922106751778,2.2395725213219984,0.1648444509427789
2.4626166159188427,1.1876765695416314,2.948794822425313,0.1254464443801525
1.503035898122363,1.2544981639223014,2.792214978134776,0.1572740205174247
2.9473197006613185,1.773242126776224,2.134132090615083,0.1343467240406193
2.5413244364219274,2.020878246234261,1.2973611776943816,0.1507471755973888
2.6747559062584267,1.4231309596437434,1.4670514016372511,0.1491308048244372
1.924904120865047,1.4132372559863882,1.217011262597795,0.2061789823058322
1.3505515602461495,2.886320125637164,2.6035896426269343,0.2889897218033823
2.3933095719255557,2.002356783284976,2.959029943925968,0.1538915741503146
2.3686844324760736,2.15032735960457,2.420262833054707,0.1673334597206827
1.380072631730742,2.907168243358069,2.910522089559892,0.2890725409547928
2.2745828852897905,2.626700044329245,1.605331113683701,0.15857117162977
1.1194410782065225,2.4055980831642403,2.5425934173529594,0.353717649297837
1.1828114007988395,1.7056147961008166,2.730474831763408,0.2317235815245827
2.402690072692065,2.2346236832162703,2.532376936906566,0.1647697550656602
1.348634479892285,1.6255101791442614,2.8766027280076245,0.1923727785920197
1.5140005133167824,2.949362771387073,2.938170199857467,0.2634948769853362
2.644708882311452,2.252079387146589,1.3456897101014849,0.1422417240380606
1.937964232744508,1.75842013180475,2.845853769700696,0.1758708554199364
1.3959064282212124,2.4580324244862446,2.580268223874222,0.2847007855507816
1.2296049644637574,2.8809865659096787,1.8688806176085695,0.231218898048945
2.669229980184321,2.339199709857409,2.939236777022167,0.1457305958247278
2.0235960202904213,2.0635137227606384,2.9904014593460166,0.1775123759176362
2.1178989819194767,1.643327821659569,2.1322931640167573,0.1834131139281022
1.094584146433631,1.5147614227063333,2.096031093129616,0.3165368490344331
1.180957716996926,2.1017957162639864,2.4712063314554715,0.3216832053246264
2.4950757777887773,2.448236335595348,2.1346204075745283,0.1586337618479811
2.820266318045213,2.493742657979328,2.8569078712458333,0.1402875986797272
1.9204642996354808,1.4270502950474169,2.1354991639128347,0.1940679122831701
2.170031652273122,2.26904404502085,2.8326751179094884,0.1777439636032245
1.665212969725896,2.014389385798074,1.4949610290267308,0.2281980389815109
1.335647500246966,2.1400855238116847,2.53778698240058,0.285736556041953
1.275339255603147,2.5367862526352565,1.4052145095649868,0.2110256019582963
2.8927150386017004,1.1289788506289462,2.625676668881799,0.1206348944297005
2.333507822625701,2.114233889724012,1.229808070379661,0.1591137454397761
1.3230551023434094,1.8255254810101489,1.2442220284715069,0.2737876010256739
2.3515811826188315,1.7856056066619288,2.0287706372824545,0.1687439560214493
2.0980799136451864,1.887453757644864,1.494094893131528,0.1868336786451173
1.731031303830603,2.54255611336044,2.338016583526546,0.2288618241034537
2.658166550367616,2.250510789610508,1.2979222471627196,0.140747584766679
1.8098967594040176,1.190842840458883,2.204706506333989,0.1884150902997911
1.2913756912940089,2.1896092876412228,1.5843380506996,0.2767923458122622
2.1127045010322,1.62997041880718,1.862904273263989,0.1876859161033723
1.8948583237199563,1.0452208877962317,1.3748990505831826,0.2073767463146442
2.6038182891268904,1.9691921345956744,2.9606487499388763,0.1425003994381195
1.3379693222017115,2.3718085754952005,2.5390899454696134,0.2958486254725765
2.415038257066469,1.3298343099192922,1.731037922471142,0.1629270393624816
1.21245556479346,1.490714015628033,1.0604087766506598,0.3089534604673521
2.589197598570424,2.702294790082986,2.71944249862628,0.1540761244518954
1.9374809715175223,2.324363920379125,2.7904963171781465,0.2000339444469195
1.339546480929115,2.6486570272434724,1.812156153197568,0.2450609391436536
1.1503360961620908,2.797526496023272,2.9459191241904428,0.3439313832684126
2.603818349916554,2.976781613498112,2.1725441961839818,0.1460775891129284
2.712616850010363,2.438746765071303,2.8590256240507017,0.1453145273142647
1.9999330560814368,1.3477619147224285,1.9945979966362133,0.1893126577019996
1.09040537929894,2.0646647834505414,1.9300269648237485,0.3630876160312985
2.6326787213423004,2.0271335655362885,2.3649444814861758,0.1502923780990699
2.8730215653459235,1.3323114712753754,1.1180036563495426,0.1384723114539856
1.5737427143162557,1.3601981158895788,2.580801867329237,0.1876499016659417
1.4260342954194127,1.7436277476710471,2.089511371467717,0.2716472343194553
1.0059989333900512,2.34936414478766,1.1662857224684582,0.1986054227982342
2.224947325490508,2.2467469918835983,1.4434251868087211,0.167989959210665
1.8206112995892936,2.01601857651677,1.4219714575689424,0.2077658793238906
2.756354938081615,1.8375491165802855,2.841967728331225,0.1354379434892617
1.5116949112981422,2.003161998788044,1.0653005776501911,0.2177036569039383
1.2396885851392256,1.7103186830970458,2.5135348331630727,0.2608793082053241
2.4940683382116573,1.5952706477837983,2.6428578110847534,0.146450616737291
2.029401305187186,2.7086029748547102,2.116898801029921,0.1884006079601633
1.2962986051953558,2.325219594826246,2.035566313691809,0.3001671895993155
1.1128298833386825,2.403915382940601,2.038463176461301,0.339674424202772
2.073885315280621,1.009928357316196,2.2913028763193592,0.1589383403425678
2.592087012437041,1.2012583076711476,2.847260458901748,0.1258051534349159
2.256753338146832,1.3205674554486964,1.6965517057233073,0.1743406399616388
2.5177776830561163,2.7168137563678547,1.2254991804070854,0.1329565337195806
2.193276400192912,1.075256491598591,2.153578716589464,0.1611863034291206
1.47906100311207,2.1045708478655816,2.8501572076045445,0.2375442062628113
2.03816803783357,2.4664193308071014,2.8308496064580035,0.1926317105794913
1.647516821339837,1.343063633330824,1.5406229571442118,0.2404129182995538
2.792871790931456,1.2675186917101122,1.5874326438787554,0.141908985147435
1.8496536999721656,2.4190677586469924,2.9678747292150947,0.2063967954415213
1.126394605720006,2.839755700363315,2.094547716193577,0.284560582537807
2.582014002044972,2.128079130038361,1.293905728639876,0.1466515919039686
2.943036959813253,2.673819566426034,2.3907041926681427,0.1349288570012379
1.3270551244587176,1.7025891081361937,1.1752662303188182,0.277801183946893
2.489627839914867,1.7899378660227343,1.8418325948901573,0.1602069255630799
2.056346826427196,1.964490431640607,2.769978896167128,0.1796782875991753
1.919245693115871,1.172182263596251,2.364993221984143,0.1713577468159524
1.1846288212906235,2.3157908313621425,1.9980250395083192,0.3248653165350923
2.5250121591569856,2.6952581191862173,1.193928099314383,0.1323971645099797
2.4902079369346035,2.1360571313754395,2.1270649640443877,0.1602033603336184
1.1901416021004945,2.6403466189021643,1.2676023213153649,0.1723530135571818
2.8158639258675904,2.3330471418110377,1.581456710404599,0.1367188161690492
2.028950107943615,1.9425200556549995,2.4590283556842936,0.1903559087981383
1.1663513634377007,2.435104476920237,2.836970362552832,0.3223310593298737
2.9048546706755247,2.2033444406109086,1.4968999557200515,0.1333345812650916
1.13352855159909,2.476717358945176,2.4915748192020266,0.3519170400113793
1.9423243503193683,2.5233519052070754,2.02972828440534,0.1988672725111318
1.0318278081744745,1.4310551233843718,1.8600886571587183,0.354617702245395
1.9311460219345304,2.126587192991212,2.41255316636676,0.2043305731036483
1.1067137977245425,1.7213055620984137,2.7230355801970028,0.2393156035043441
1.4206045057001877,1.2354230047777317,2.471186153159895,0.1923629464681628
1.750034154270773,1.2232920064322903,1.3536400309590395,0.2273311063121905
2.309712115865352,1.4162393864971528,2.126385756115774,0.164749761303664
1.7659706776527215,2.5152975985811787,2.3801598617538904,0.225244920801853
2.117485242346093,2.9328551181308464,1.7320758307132342,0.1604205558596049
2.5418581146769994,2.5389871407397484,2.700416792762465,0.1566328802496469
2.9142087430563874,1.8879868626208225,1.5922102112320755,0.136192295167111
2.718966068045521,1.4798089222442106,1.9679509389391625,0.1443800632237537
1.609706252227696,2.803495745260749,1.42854765089056,0.1720817472700946
1.5859291490986058,1.6663768302828408,1.817813625737236,0.250406936796463
2.766435488781987,1.0823020214464565,1.6405884832143234,0.1413012333863963
1.4714200570792189,2.663366189253782,1.5507525021215416,0.2037120908253667
1.33920821207784,2.764779237105964,2.144101092190432,0.2675583287399574
1.4341889909130192,2.697540437744784,1.166778853557324,0.1573722658470868
1.0281627475413042,1.8180115456240389,2.869782778554216,0.2299398692031687
1.1230811540090784,1.8281028117481344,2.2772238939804845,0.3279235400353268
1.652161998108969,1.6563152649778137,2.7958336920049973,0.1903528891230835
2.674122775388437,1.9227542956430488,1.1613298804098902,0.1432594732924626
1.3881055041334245,1.7119933828143057,2.8931160103098037,0.2001108553747738
2.890744733402041,2.4816253626280926,2.3116509899468136,0.1377683831973835
1.26737690536701,1.5800593095263589,2.3572757622949987,0.2608200763095578
1.2516011353630518,2.143096557242602,1.8354606846979125,0.3092610664277403
2.495893019401838,1.5317973766539703,1.3562818965486647,0.1594447687988618
1.441043528868442,2.7023330205363147,1.7017769995877283,0.2175446127844065
1.7931659365180812,2.824875843076569,2.3387994678442743,0.2144537505638383
1.6395641088303283,1.9164796462553848,2.4145847949912667,0.2323484243214373
1.7063889627860178,1.9425286378782096,1.548293917862548,0.2276362262223774
2.6774609317997013,1.3640022626595771,1.0772927149892644,0.1481483993106807
2.2172853621185133,1.574929862613511,1.698563556191024,0.1796442619634496
1.598234759341754,2.24709510500556,1.8399359098538968,0.2416442981884702
2.468016470021932,1.5538924826454816,2.059485384680228,0.1582883813149168
1.4186444013760469,1.185367727367185,1.8403252299692288,0.2527855488632495
1.428736893503496,2.204531363345801,1.6564503586755994,0.2594195916399735
2.7873816885011804,2.591940893155842,2.0840465506724453,0.1407680429472434
2.4570111357664213,1.3715619348128945,1.9818647363508248,0.1574364267389498
1.7693559363612437,2.1011998068860542,2.0973002840776718,0.2254726159493168
2.133170527240662,1.1338522000639242,1.4218029458155277,0.1853223216798998
2.1104244724182597,1.0821014258047528,2.1006723966159164,0.1682511737205652
1.052288811080351,1.3072863445735066,2.181948988651069,0.2683795656636877
1.8958962948810865,1.1952865939657935,1.3460477612512494,0.2097598586731109
1.9924980796104728,2.762019942525488,2.1933793324684645,0.1922321247945677
1.9086432600478056,2.41165763174717,2.197417889343498,0.2077061584714958
2.384171064777797,2.256417033742524,2.272888207568635,0.1673255606643522
1.766003498050955,2.665177478338645,1.5733913105787345,0.1866055551418289
1.887438169386911,1.795554850646473,2.8286472616734883,0.1819622746522213
2.7919370354535684,2.555377400432396,1.3897805239815022,0.1309654432172002
1.4751097677984213,1.9980979700822057,2.4894975826657286,0.2558515460487288
1.3851223554293757,2.6497781542394616,1.3673296002621202,0.1876178315662473
2.888512443729017,2.0206436082549253,1.769218450511585,0.1375911832840542
1.9970665195301285,2.396266901962967,1.144143481685866,0.1641178206999017
1.857112345675994,2.4561229184315283,2.36555610458455,0.2145633064803842
2.003483137164303,1.1495353960632733,2.8425957903176053,0.1393331185959732
2.1234929107162337,2.723577288763185,1.2370406072302924,0.1470428737654382
2.245338441220163,1.5802875991981915,2.6198848803392765,0.1596166226288321
1.3058051012536054,1.65122147868348,1.848059081161881,0.3020630054977637
2.5173724607486765,2.9001081064894816,1.3507185228756933,0.1311306214120707
2.035548489397161,2.4040180222897742,1.324496012419983,0.1702765678767872
1.7096740738584275,1.4670752922836725,1.7262433566006787,0.2306783592660809
2.8201823636788363,2.663319696909601,1.5272646683290598,0.1304355261736636
2.520236537975337,2.7270399570297297,1.922832098938956,0.1504380740518186
2.846696568607132,1.7036168843396122,1.423014514246188,0.1394630064330381
1.4997331718031888,1.622220332378213,1.455111399625196,0.2643626109789195
1.708615024901637,1.686675726904222,1.8182127277528013,0.2327978121951148
1.2019586829621631,2.2707232470102348,1.6370968789092617,0.2888520585615126
2.464264061480259,2.5175641260185446,2.0537455970108445,0.159048717559285
2.1775030963117765,1.7225192166779917,2.90064803851392,0.1582652837008115
2.589848223631148,1.3345913617752156,1.7148506625011204,0.1523892965628179
1.3367617785013697,2.077622065099682,2.931837239535766,0.2433241431211538
1.4825800814040877,1.8941605597820812,1.8406530096878788,0.2689113048336338
2.029297837823372,2.7754577302228385,1.2367928270801858,0.14747727917458
1.857514681640024,1.9517486067423688,1.3609379725715038,0.2041785044901329
1.2348626202978288,2.848060302937032,2.203850247056882,0.2819639100296223
2.633101102461028,2.240804188120918,2.872399510194562,0.1472138459718842
1.664068424436688,2.61326816368568,1.2972684796411609,0.1753603717315929
1.2175077751719197,2.6028724492264947,1.5801044659157644,0.2302506238165761
1.817707215458431,1.5203623537731927,2.585278884851145,0.1848651401533571
2.527736041401581,2.56041501587954,2.958629641169624,0.1558795461918835
1.3765901565956011,2.1542210418047416,1.9262645645479528,0.2858583332136469
2.5318662620083474,1.8593890043216097,2.264058249383625,0.1555686604722817
2.021498916333874,2.431803812949439,2.3781005910534825,0.1972801095065509
2.624908377147132,1.7645776540449696,2.572695368050547,0.1449487585135567
2.9920587925033377,1.8532980467975555,2.6352902032288466,0.1288567842669395
1.071276648580061,1.03128956987262,2.7353242863762475,0.1050954856280852
1.796520636485614,2.167187162840768,2.1431115642314955,0.2220439054570326
1.396989865594876,1.688006073242329,1.2521003680679157,0.2720034904957016
2.3100496514840514,2.532526806833016,2.101303082759811,0.1697156410743949
2.954126916962726,2.1368289530763565,2.2654176421034387,0.134917871405534
2.222469335154333,1.6864535191209622,2.1407414555425373,0.1757929314545175
1.39021054124394,2.7361593691587185,1.725512365082877,0.2203276812073762
1.306620129640787,2.9653816371191937,2.765189430914714,0.3017611364454336
1.397171609070806,1.689111309763931,1.748121366957894,0.2852810739769764
2.2931706381372003,2.9098988615404098,2.818164377235763,0.1738305882343698
1.6802530807603306,1.868424861084042,2.977655294560692,0.1909418335076639
2.523704451400227,1.9454623293585995,2.507683828528392,0.1542036709029203
1.7939393549849287,2.0877338904630944,1.3591998071403473,0.2047809181995202
1.2211128084980227,2.834244514553052,2.3571716761097194,0.3026981239581498
2.761887936782169,2.647222174965333,1.4305942703560643,0.1310894015632303
2.353553839371332,2.312287878785788,1.5789652960637737,0.1614747749454143
1.6348408677579744,2.881650439257416,2.3248988155847257,0.2302769593813667
1.9033349539805653,1.988153834793228,1.240955792796184,0.1940570819240089
1.7628927372944834,1.950433551486253,2.1744147775052123,0.2244806300157869
1.0906005088374768,1.0310093507495652,1.813519335831577,0.2827837412073041
2.104699682545003,2.3370009526173474,1.4535925065823652,0.1735657956203052
2.8060160836131987,1.6034440458005312,1.560615839629098,0.1421573514291878
1.0724513919903187,2.275899836671716,1.2720477912420531,0.2400360044551265
1.4146180461576632,1.3999738564585364,2.818814256115052,0.1705396681691869
1.376884325140641,1.948511014216337,2.7955557154090327,0.2397902323052382
2.1874342949272787,2.5610561314758367,2.106629542228382,0.1784857267985373
1.3958501687378364,1.5251516216588852,2.550220239303794,0.2182550672218022
2.1362142777526216,2.2528116377979357,2.225203749221881,0.186736400763658
2.8795194382640608,2.385883259783624,2.7783866224303435,0.1372636193010435
1.891952819999508,2.341031199473067,1.4168511385605915,0.1871482584374786
2.4793629918458246,2.7521731051235885,2.500267006247272,0.1600767969802788
1.306506433602462,2.5026174032041824,1.9383634612586689,0.2781609399924951
2.548561526263232,2.842075970706416,2.599850965548052,0.1558308290909822
2.099189787231809,1.6459232496614875,2.720046971979568,0.1667264709683915
1.8148695314916263,1.8329516249723288,1.0107360247399806,0.1983788862434688
2.1312671894113047,2.4289390967990503,2.8961020233214434,0.1827422725317418
1.5011293460739563,1.2003644308825971,2.290175629747897,0.2041929202114469
1.110642547803529,1.706240333241267,1.9768756369304263,0.3486921311315726
2.1373660835742285,2.195448115532887,1.0700980661167212,0.1624929715013997
2.102815011667025,1.105396085718895,2.017656829280521,0.1726793321500547
1.7126122910078516,2.4035674544435657,2.0059184707776296,0.2267484201068665
1.405625187861603,1.3717448577788294,2.4100219262687617,0.2160535597656241
1.9531013529433277,2.39706900767033,1.2667326874448934,0.1727643740984533
1.273562789499707,1.1572561988871275,2.380457349971993,0.1975043216714363
2.642662837159153,1.0133816163506042,1.405933346759592,0.1493058707079654
1.1426462962824575,1.957567493893357,2.48040039968062,0.314438282219717
1.7483294963035256,1.313145429700186,2.991832785385084,0.1439111600464496
1.5267776791131975,1.0574175001629182,1.382285502302654,0.2554481936954662
2.028389227682552,2.8350253980218274,2.072185686071599,0.1832508712635706
2.8042154846884504,2.7370507772935926,1.73531858588386,0.1334715771130087
2.1765563150810454,2.3350101947392634,2.6824426429438173,0.1809702667322466
1.8040872601736293,1.6316966171581466,1.3278542278045258,0.2180184063925017
1.804141691287351,2.5261325697520496,2.578271198517485,0.221033482917692
2.646941928400791,2.9646780109043886,2.903878957042867,0.1506784297085189
2.9491064328538545,2.047039272455865,1.457496665254145,0.132599515010084
1.5546575638101678,2.8558501900608046,1.6094321598229206,0.1860796290618891
1.5328601707566571,1.8788842949014333,2.595738391045611,0.2333009915685361
1.6716143754338904,1.4583474485526289,1.2719062183468035,0.2371770760250181
2.6995944463948045,1.0414639402430406,1.9593432921248863,0.1394788557048533
1.205484446880371,2.5405091801051856,2.7083332639242226,0.3277478374687035
1.9894599434245257,1.0351137154275587,1.8067673334356045,0.1859971984869501
2.6177976674450147,2.59438654317408,2.470749084918036,0.1522262727283358
1.6554202533571598,1.900463251048763,2.101280139979154,0.2392248581188275
2.374488779432728,1.2664841265564506,1.4905860080626,0.1672652514197971
2.760874590808424,2.781699814428629,2.840423312550226,0.1444658332376879
2.1319366562445548,1.1149163224141492,1.479681237184518,0.1844077067758626
2.300379310309099,2.817934731585224,2.6273807089669594,0.1728305828150389
2.706498328640701,1.309792444540835,2.791829637974118,0.1268793392666888
2.99657606117508,1.714245388032353,2.064700941600315,0.1322253332244023
2.907499271483464,2.0246530978186077,2.923621386330127,0.130807177707297
2.0075980099065047,2.519316961337553,1.210272311925751,0.160660956724774
1.0785034571266747,1.0172507861440654,1.3185025958865872,0.3557511352960409
2.9100391645030106,2.427533513623721,2.483485990399489,0.1370663835190343
1.403125431393508,2.8042311143675187,1.2252733059577396,0.1509498785338014
2.155619484077329,2.452904751617771,2.621560007584479,0.1845052403564776
1.0678692852541414,2.046514386269277,2.4283118637599053,0.3504565829978021
2.837903392903227,2.4923197148646343,1.875903922671843,0.1372990665884218
1.7186396967758677,2.202380294807587,2.534110763487733,0.2278426900705279
2.697127410771585,1.9507315991929173,1.6294747788597506,0.1468682281797655
2.037413287136608,2.5137947117781354,1.2833689825724206,0.1631677307664651
2.469473383215814,2.528480363960102,2.415549032595337,0.1613806989917783
1.0667031564967815,1.71771002122871,2.928125595361781,0.1964568305037337
2.0457129802389824,2.6197827350527514,1.870902092111132,0.1823751058497005
2.011055019907891,2.391660263514196,1.8143702235749075,0.1903674289741444
1.4098983657062711,1.7202117657203464,1.712161150551305,0.2829535705740752
1.7357346381362493,1.9457476898182584,1.8838360303036608,0.2296944312879176
1.614440032584198,1.643795331582924,1.4016845832202685,0.2443456232274551
2.82663116869886,2.8866876978023117,1.3856425921765383,0.1225759838101825
1.7338817590856712,1.031698953099355,2.006744914525622,0.1964358846747017
1.8713059557381075,1.0220575326827068,2.7755785744912345,0.1374337423346374
1.2134586058933796,1.842637056478731,1.8191360254020168,0.3287029881738162
2.9472680050560194,2.7296070026002512,1.5173601177495355,0.1243809828590859
2.5576230871419945,2.73368585414368,1.1872978698223948,0.1299248519322442
2.940779105658576,2.351681017902216,1.0588004630337455,0.1231620621627364
2.7556145309902105,1.5537017106736926,2.328232543486866,0.1391670554368915
1.8348097712433489,1.8209814071315429,2.185112044365213,0.2131899107741511
2.064356850067013,2.8080249354705664,2.69529220389168,0.1929646366046826
2.2895082175194403,2.3359290294811608,1.1330882828991125,0.1517861266759871
2.364977737731361,1.391499781232781,2.4953721988,0.1512776052718257
2.801557948881216,1.6915192403549206,2.0793738143035614,0.1410420278286764
2.166293839163073,2.365256112893885,2.747693109747961,0.1813113651822748
1.2361512882722,1.0534021178600448,1.1039253421188993,0.3224598903079545
1.2472710500708442,1.1653511455508208,2.123532802618724,0.2381202630480182
2.7089234025333817,1.7354787207383244,1.1339433428067778,0.1436831897621452
1.0276469459007085,2.085589676700242,2.7113819765627394,0.3225090051359703
2.190737999534901,2.1248515106977304,1.3873969111685145,0.1720732870708787
2.012408959999086,2.0689495832871168,1.649230493445018,0.1939760056001586
2.4116263215985505,1.9371574628711472,2.6160891715357666,0.1589973289868037
2.704077045732606,2.7715790657877624,2.113635999088706,0.1432304611922236
1.3031118491292404,1.736203792136769,2.745172442619612,0.2268546944002787
1.6062533732019937,1.5293426868033633,1.5842482129389035,0.2482231547984622
2.018536604221309,1.402431150130514,1.6854811079647818,0.1957057741207641
1.1770002636445245,2.810140738787775,1.9181113690817828,0.2543353843140342
2.4803190322208324,2.0653858868264834,1.9127514887118424,0.1605388671352008
1.1572071716050454,1.132648185971458,1.136484705989974,0.3447438779597223
2.3842328081316264,2.04554783067187,1.874851556457472,0.1668969425094794
1.3208737584552932,2.311231856943577,2.2785825859586923,0.3019368235047968
1.2365621662979305,1.7622007103896844,1.026662296190663,0.2703109916408061
2.5420518730474244,2.0919801544723216,2.672461680101194,0.1528982928938013
1.0417494770354183,1.3894821859306066,2.9155697677724124,0.1309622077088894
1.7978684727059484,1.9411909131103748,2.028338529307546,0.2216368343390903
1.4917807573864543,1.1246729737701864,1.8998633036933683,0.2336520062644927
2.575430218007696,2.8884715586392504,1.3747690408929163,0.1303309029890747
2.4925659041273835,2.9010173306979024,2.8952763782573925,0.1600524269284636
2.1566575879922416,1.120889453955472,1.0652950419678515,0.1849202926653587
1.768933238848812,1.9251570114941825,1.8573674831002485,0.2253614984758411
1.676711591312115,2.050319951057792,2.5697791238436976,0.2267825580499435
2.6852825975430825,2.599195064031852,2.3974933710502597,0.1481476977390534
2.525205095045084,1.722029884816794,2.2600712270656733,0.1544384128758906
1.1586095330431858,2.101575069513248,1.6111157149011794,0.3148188544150573
1.4729692679108994,1.4610281452507108,1.4251579342025824,0.2707619318428423
2.250216262849857,1.4141117313532527,2.81400223860148,0.1460980030359869
1.1753021027384036,1.7030709262481265,2.5304103510020184,0.2649463626193349
1.3998388166894034,2.967124464231068,2.073095646932821,0.2324122673585934
1.752612624304351,2.019508732576241,2.453487890489729,0.220754605794659
1.8431199024938176,2.6761962711102663,2.470036614102264,0.2150996465926502
2.213696203183319,2.585246413089189,1.0391121086867052,0.1412093889470357
1.443076304374054,2.89272697034231,1.0259609980225644,0.1197416971165657
1.0457407435802335,2.226713234858809,2.022059839487498,0.3742566003735699
2.0120856442225445,2.209679387452747,1.5121604211872386,0.1867100236874128
1.0251530137218932,2.1053786615198784,2.9314724330300117,0.2812652065474922
2.96785447379573,1.893539710258754,1.210774908327725,0.130910670537305
1.104027872686702,1.3716008996768108,2.0479744399675184,0.2995216223221854
1.3587228048846465,2.5865654219297047,2.7286736848020743,0.2920141062051349
1.48890812888425,2.9381425864178965,2.8061005981407754,0.2668912543058304
1.0445490679510656,2.5455429709906814,2.616322304750423,0.381051948622164
1.3220004311453992,2.430476186129913,2.1652951281922084,0.2957611946074248
2.040329424959824,1.038375384797628,1.0297617766233602,0.1955266245020317
1.8226909349497908,2.2515554217379177,2.294694400046449,0.2188141457487162
2.4177844718206583,2.632213739359336,1.3161986121552969,0.1422847742398887
2.243383552935157,2.5174857890368187,1.6802019222691509,0.1658665496023368
1.017409438604937,2.3101753291451823,2.222453314789852,0.3906609657656742
1.082148768513569,2.0664521374011544,2.396730775826137,0.3518808532799744
2.6554448049406885,2.016369774585633,1.2132377536599068,0.1435189950293254
2.23744894185343,2.873324330684378,1.160710470767931,0.1330250846967983
1.7602789868020243,2.6955297037738166,2.8789779807214195,0.2254084305327421
2.6691000231380397,2.3510263382478542,1.8450562784742737,0.1468053860801227
2.0065979865370087,2.8156836930224816,2.021137920819374,0.183824450628847
1.1960688860018431,2.2700716635384186,2.349542268471445,0.3328091317371787
1.5004602880612117,2.1917542896173234,2.804865647626197,0.2445846596485544
1.218227895158275,1.7016223128410428,1.481777734383991,0.3221882854888804
1.4274860005445846,1.2502958712955574,2.796467476400108,0.1554466223127681
2.463533598121966,1.196195682567058,1.156391495865729,0.1619179093577544
1.3867837442225524,2.67773630978492,2.3348332533613547,0.2790133268997739
2.192757991618388,1.3705375216947393,1.952770832839539,0.1756344284457898
1.6928322331091523,2.598882548100634,1.9185898098964376,0.2173839965076011
2.648544693255837,1.9821318520948388,2.630060219607746,0.1461864901218546
1.868789166906488,1.801670753230731,1.6378009738850616,0.2126571968320244
1.9097904296469697,1.2362622362478042,2.915255604980705,0.1419351636130519
2.7931134544254106,2.607701414433933,1.474694324958978,0.1315499585578097
2.6568571094844824,2.5196371638910326,1.6677058100318902,0.1426313638317265
1.638087634095031,1.4641345059680644,2.8580372882035485,0.1695662656056083
1.231830672395025,1.666507750100497,1.4712479257256772,0.3198180753549607
2.100020676297413,2.669031248636263,1.8590832424224537,0.176353907543404
2.691433924719106,1.4665650449407055,2.434815432046056,0.1389385383770909
2.334665583401901,1.6528083702474428,2.1181328878754337,0.1675171355607192
2.459202964314162,2.779765558565389,1.942552938647096,0.1530905434237708
2.436861736040999,1.776493347674466,2.381231079825977,0.1587472621997314
2.134574333258029,1.9729299694077551,2.7822135613833217,0.1739345858835874
2.142574121111425,1.939755285327359,2.01370114487362,0.1860867975925833
2.024963364206361,1.179589588654696,1.2541905192167426,0.1968784475991571
2.10223059700351,2.6910981612179627,2.1301920543673827,0.183134842066796
2.179193627683468,2.5978645507163103,1.2212977434810826,0.1499569163290984
1.850062077086728,2.850149336508384,2.012519056039056,0.1946304591769393
1.1261806368648335,1.565738844089576,1.6644235315129825,0.3528861533627117
2.241073094983952,2.2067474988112563,1.7139839236975989,0.1737623703405451
1.718810626387163,2.317963883604817,1.2174645256114016,0.1890880284957012
1.245082601717187,2.6378966328489866,1.2478797840987237,0.1718177710517382
1.5777240998426123,2.4722019769289094,2.4858932747436384,0.2528498230049004
1.5099988321265136,1.783412466975557,2.1648504293657678,0.2559040163055836
1.1729060353153848,2.5906251543111267,1.053430260882195,0.1441008946775948
2.574229176138487,1.146745091337966,2.154553977397847,0.143542442760586
2.2490514149777887,1.8525262800331967,1.3765110185978071,0.1734535809102505
1.089742659995162,1.796227397780663,1.0532863238099792,0.290173203373291
1.1268112537915285,2.7112605843319866,2.363956137224574,0.337621544592233
1.5293378682954293,2.8777472467193403,1.583387369494492,0.1823312463154991
2.705779129937059,2.2662871440019674,1.9287437017542453,0.1462980056350835
1.1761897508955454,1.595571339352985,2.464890267384916,0.2581146805505558
1.8862695415177344,1.4516015360309211,1.281162168583206,0.2106363904825854
1.318371321015508,2.6270605423578264,1.5936212240208931,0.2225582837785147
1.0179141372814653,2.0862348776982227,2.333796833222768,0.3805002386131823
2.102025482141685,1.2656701337128418,2.7280810574750176,0.1489939322732243
1.11154377676266,1.102534467603218,2.2304070729237067,0.214491214637289
1.7013981895002852,2.238136077411215,2.729239113879027,0.2249117040695553
1.132081576018307,1.9812458988340276,1.0877118221821689,0.2580811183739672
1.4619147347912511,2.5399804494487355,2.785305688836765,0.269074813121387
2.439704705446969,1.070313478078855,1.4086227051221532,0.1619561005987367
1.1065239680032957,2.469926123751525,1.3073976226649702,0.2076178920572071
1.1767852093168822,2.17920642702342,1.929086165399152,0.3314386267405286
2.334122482680696,2.681879604682236,2.186385949354455,0.1671094151758877
1.1507273827480968,2.4131239316105773,2.493811363653813,0.3458358308703727
1.0337462286164405,1.3817055207077904,2.9222468463010136,0.1271291427352291
2.761551261887533,1.1033164569122285,1.4387563016892757,0.1434012932532716
1.2198646195179474,2.435035648666899,1.2071541623966648,0.197055089963278
1.9886994992684572,1.39449825696774,1.593281994352505,0.1996049519252813
2.073524075552253,2.2432253303230665,2.435687772148835,0.1915711825914444
1.210599854856582,1.1385897747090834,2.4950135999424488,0.1759130747491296
1.380034282795859,1.1673394093424394,2.0396702220592022,0.236731857018426
1.6253817403314628,1.8917222391497983,2.177493139371142,0.241680862627363
2.689441558466349,1.5612255764491516,1.1455392080687443,0.146575171811745
1.630447279189235,1.1969540898800712,2.9167768594278387,0.1402804158909797
2.8940837280264,2.5299636822360023,1.3416547427616032,0.1267038238653392
1.1595629428404686,1.653375416116644,2.809638899615914,0.2092678416329032
1.7671639524328828,1.3589949232953682,1.5583240877347366,0.2243212762597108
2.4127703447761832,1.631684989298097,2.62191097397037,0.1519912265939116
2.57528559512613,2.0020308249896304,1.7035741886640854,0.1538750263169001
2.142043871730077,1.1094193294004675,1.887264696031873,0.1743602829868722
1.50099415074643,1.551390719493962,1.837207670580867,0.261010203547639
2.339169017627257,1.837362689447648,1.631654037914383,0.1698905146910601
1.8467892373402897,2.288193608336659,2.9507108905466106,0.2025569226346893
1.359156734471542,2.997692340754722,1.4603214604294292,0.154815610430613
1.4441869585483476,1.2803468732761747,1.1021526410508988,0.2741452393086617
2.321572330199277,2.901837785699873,2.081745857127582,0.1614474676406908
2.9222012027423787,1.2868834494740218,1.4045013712476002,0.1364106136415708
2.319083794754893,1.597071367695862,2.041948077836564,0.168889492713318
2.507397138733958,1.070562392823323,2.326985077091435,0.1403343404170331
2.414613095401449,2.2657960225228586,2.722991254786669,0.1622846498500254
1.554270331142022,1.7803779004547076,1.241402936071058,0.2416971971131122
2.572354027484389,1.0300896741099672,2.772196108182901,0.1233057290724812
2.110419007759778,2.9562035426706563,1.3603297084601993,0.1420273977605461
2.787346696215512,2.2058162120444216,1.183200242853793,0.1338108053412765
2.444544005122771,1.6581604265431422,2.209896337792589,0.1590928002217698
1.068846684695438,2.3634980774142225,1.196716093811797,0.2056985411091778
1.9305041854988216,2.4478615370630608,1.2658926062594218,0.1713322891811873
2.4385113332932757,2.1618375242848056,2.3904722633727147,0.1628832255478402
2.4019753928533176,2.694050945956823,2.1622116216976908,0.1620674193850468
2.564361446649229,2.047944949703937,2.705877529570811,0.1505347159442064
2.582298646088705,1.1014120157709195,2.5725023072864865,0.1313502911286623
1.5223992833929854,1.3794560082299547,2.2424705579223776,0.2231521637632312
1.586450126749408,1.7287026659495863,1.9178055308678692,0.2496883848510462
1.647601328718639,1.7516523358894391,1.0360830135474075,0.2203426370556944
2.8409558601564835,2.133811126978435,2.0506721060497437,0.1403652530596185
2.4148955528192038,2.8498442776990585,2.251675376175558,0.1602096289316659
2.8808235677049074,2.762956611743241,2.224293525547239,0.1360822301840683
2.942100363241453,2.043124422534141,1.881689931627615,0.1353938075375163
1.434036599958411,1.5367001396687034,2.728062364229191,0.197005108401073
2.4218650931344445,2.2774112138941085,1.693395389470487,0.1600048022036022
2.194520397007955,1.690103360320891,1.1287681243336063,0.175939307439749
1.8827961722798767,1.3384444858082,1.1719980139360189,0.2110618304659516
2.808289780915765,1.932808557628904,1.8943808774899435,0.1420455023481172
1.427078272237488,2.0210987917618595,2.58926458109189,0.2582512478408157
1.7417957833714546,1.939661274448624,2.397676846010965,0.2212575015284695
1.2776413612145774,2.658065126934547,2.1099657532395515,0.2847989517975003
1.0839521776012933,2.974307713882869,2.6896356437259445,0.355568254263403
1.5695320101313497,2.1552338485960365,1.2271035958362488,0.213406020859926
1.602720428934093,1.9719597342886692,2.4068655682155238,0.2399180931548583
1.3572771195725652,2.8036085652135387,1.552099108886961,0.1921403838278833
2.70316208605444,2.518419501936782,2.813429196849548,0.1467072767516177
2.042063782327177,1.7872865872240171,2.6221374592852245,0.1796995017119176
1.830221391126596,1.6728129141631818,2.2352640369196006,0.2079211908443997
1.185873255642511,2.746125680229029,1.0938355709999847,0.1274443392038281
1.0695946881895868,2.4923482817801217,1.3828790124415598,0.2177966822848196
2.5775836050920784,2.0094149718990524,2.745603261670242,0.148587992241775
1.4837423401786691,2.895440086682892,1.7787299134942145,0.2025572750884582
2.903024874477421,2.454851045867628,2.7626252243605043,0.1366528183915415
2.9700598517826657,1.7583372056678492,1.97891577931891,0.1339513693702717
1.626292267098786,1.9875612626353416,2.8727521220173644,0.2115333706666931
1.058192598628953,2.30179313265532,1.5677793075998638,0.2963911965113123
1.727142841357988,2.455597420858512,1.582930171960525,0.2033037509810741
1.0705116702803612,1.873385717187712,1.7550477496491574,0.370395034448739
1.1433357126681585,2.0228381696355107,1.000892816247243,0.2340190539630863
1.6145901869704058,1.3369998206832867,1.1607174397154243,0.2456174742541541
1.4124324329112865,2.575380339946104,1.65646766890757,0.2285764043440774
1.9480860116822176,2.118827682963789,2.759367789897905,0.1940106543139839
2.5516551453468086,1.3970692404693192,1.7013725286315973,0.1552386140709602
2.6964067497771174,1.913656129976588,2.7133135757768905,0.1415880180366347
2.7086794465725994,2.4089468991716947,1.7959144218198622,0.1435588134709803
1.7952742565243232,1.9373973391415489,1.2289367825567863,0.2055716019947361
1.3447903652091404,1.1887533648057778,2.755390197112889,0.1505061842732556
1.0173050953645912,2.814022216033231,2.604299218278636,0.3839105726908283
1.0674450916477218,2.9573844286204123,2.5038069470706668,0.3414737216982271
1.11533388530001,1.311552402299094,2.028555273503695,0.2909143324258292
1.6956219709288274,1.992646110028897,1.6393145630017871,0.230224813357449
1.949620521898896,2.288809927072177,2.8126956391260167,0.1973697801230188
1.012489461998236,1.2938951141585109,1.938877966659004,0.321662579222692
2.0378295139682105,2.2892516070588083,1.357597088935009,0.1763419092890586
1.5130222643847429,2.567215127277322,2.986514698490024,0.2537394270798033
1.3296292181125795,1.6624817659698552,2.489526693545232,0.2472666600441057
2.6626776885793944,2.808025299378593,2.679329848872555,0.14965257418125
1.267865015346168,1.501513371067738,2.4224630920328627,0.241693303936388
2.666845653253765,2.4077665808734565,2.946707574561903,0.1465695897105506
1.5339802106477785,1.3348695468547291,1.4730853148180183,0.2590164814429405
1.977874485215269,2.428439674086657,2.9212278218906085,0.1955382510962552
1.0666314224831193,1.175504487591894,1.105009357031514,0.3732047632303022
2.8097700737372406,1.9790449066906224,2.847727475343146,0.1353579283558579
2.17843760423876,2.1235091169623663,2.075984076181415,0.1830887210498666
1.9462455566965535,1.022245739531317,1.1872742184325538,0.2042448741185193
1.3750844703767773,2.422558111823871,1.0070034751123338,0.1707904643177242
2.3706572460417146,1.105729330135823,1.0911265804523418,0.1682802153725288
2.9430140833908065,2.9939256463661508,1.7565616133876751,0.1240887627778589
1.7654484211236856,2.0396100979716696,1.2570378074608095,0.2048273407278832
2.294391739575534,1.7871768965017207,2.2311220338603266,0.1706525312073764
2.254549143253466,1.737604447034918,1.3397781551569954,0.1742164618456541
2.041023108190499,1.887615521859008,2.1650445209871707,0.1936645506151824
2.106789540115765,2.4028518264203704,1.6648009974623523,0.1780900636743515
2.379773980389751,2.876347702771433,2.4049511124782645,0.1643819154689504
1.4576582298605452,2.1063104988391776,1.0939778448670294,0.215040344524508
2.496100604016455,1.488169881316133,1.788041371048738,0.1586769958376795
1.6007320794656943,1.69321180026626,1.411575437745771,0.2453971303318455
2.3629121661624337,2.379779627887416,2.2828625840980648,0.1686930456319706
1.3970071643117237,2.560576758588425,2.0922645330979366,0.2699661328247448
1.2978319695799474,1.4665309905664476,1.1701222728723235,0.2994780551434507
1.8085573943256017,2.2744069067990957,2.783684175586295,0.2120113695651104
1.9273848546402657,1.6252863935350153,2.82927068676595,0.1702971411556953
2.450584187211171,2.330315515630451,2.9153833209648234,0.1582206247117178
1.7952197734222752,2.9837990032968817,1.95443706593206,0.1885382625208428
1.6935032591429673,1.336824928361082,1.6000359011158016,0.2327439972446979
2.6862178846609903,1.9063113153403692,1.2205505597411896,0.1437529788927748
2.15571066143502,2.5022256484854526,2.1672485764995404,0.1828421461590226
1.319743844276576,2.050858234270246,1.1459383221531976,0.2389613008567466
1.640143075027663,1.4745623425158692,2.5794023014648007,0.1938623807501168
1.1585321973743443,1.741170225718971,2.213503387461242,0.3168895815667997
2.927636408217082,2.6483553834438767,2.900483182880745,0.1357633117808226
1.4368184424941284,2.3114845167630627,1.3459516045868378,0.2215387989555084
1.6467410684961223,1.0308380747176482,1.5221347108692571,0.231716284316206
2.684796474735263,2.0141776302372323,1.308680531464731,0.1435504440747103
1.5890857686525035,1.5010690581953738,1.8553325952504205,0.2448896688022184
1.8862578244674029,2.865102730182297,2.863165256447873,0.2114992260211316
1.931868820706466,1.789340135771315,1.3417113737588051,0.2010361405538387
2.9655254496761594,1.266791483475396,2.435166983713122,0.1244806184610804
2.650717545879569,1.0884435801368684,1.3463987741325991,0.1497925359650556
1.983605079801752,1.5550621018371635,2.365441977317038,0.1850171983821281
1.3783276075811297,1.7216285299919705,1.587878078682169,0.2880798366945235
1.72003136878696,2.6639985492221614,2.965042990555924,0.2284135391234453
2.6229932498133293,2.015489193564475,1.8003055407089437,0.151583336182862
2.3475022593118364,1.7436950656694843,2.7569407416078056,0.1548278507166008
2.405458621585848,2.214168551544212,2.1470344127255254,0.1657841609308118
1.782636043804941,1.6517605234914143,2.559335627699518,0.196590350724045
2.777848056420845,2.654373407764067,1.97025240721672,0.1393256413609712
2.120601073873055,1.3359782698034,2.529425438515726,0.1605736070247744
2.314896160999675,1.0129670786634677,1.7038958887823674,0.1648291557258145
2.0888315724815287,2.5241000315227384,1.793640787736406,0.1796602757655788
1.3276691473900937,2.1365292580466,2.0681701454875503,0.3000851751284074
1.3983874811774708,1.2815553276793517,1.071777747909345,0.2820952796305045
2.6272760927570014,2.559195481840268,1.425498178624686,0.1383474774655977
1.407921751354966,2.535850555280763,2.819369842683201,0.2776680277168677
1.465391493800174,2.147093107550711,1.7605880843349084,0.2629360465462622
2.15918313056328,1.1787841797014178,2.552264200288792,0.15092276396443
2.892908339057308,1.0421153676189283,2.8165867401043028,0.1142550018913773
2.9520256492601584,2.859563687221492,1.2645641529203742,0.1167878955263683
2.9257904054008312,1.806464099940888,1.8630302283889904,0.1363281957993475
2.509596822129309,2.3544969365429926,2.127248109272731,0.1583162806586115
1.4211436842655305,2.715979602079974,2.2167150762781915,0.263919676562989
1.6889795287125486,2.370817867596637,1.486518691445457,0.205949172931208
1.2303454542396377,1.2242167433184343,1.5173102086024155,0.3151810589232257
2.95300224646774,1.0032056051931149,2.593960376823319,0.1168511100746526
2.8698617968862705,2.417938336912473,1.697149656382964,0.1346949655024765
2.3942694047679653,2.0756752825146925,2.2093923679375456,0.1663641511099338
1.7190301879228187,2.9532634263388093,1.2779558965899391,0.1443394031668788
2.869321409531704,1.569390313988646,2.907599586772632,0.1247090683431874
1.8276618037247565,1.9937534143471536,1.005930746889962,0.1886168319643969
2.4078813748142154,1.944187923821273,1.0959176309063663,0.1557131741533768
1.4675649933521384,1.160818558559439,1.029202731286835,0.2707485832911191
2.821305486228586,1.8625911780508455,1.7275919859468274,0.1412416457285037
2.752545533246006,1.3768106057805929,1.963837552672136,0.1416769153377884
1.0228236378239426,2.277681271337073,2.042564221219978,0.3798701302491766
2.643272625410728,1.0475699931073572,1.2948039134600329,0.150268655626181
1.7191289841667612,2.565443914682996,1.1474734993420628,0.1651469554928224
1.4662813316415142,2.9622906375674933,2.146631347945749,0.2330760830613622
1.7209881896841848,2.215474836338047,1.3153398824059015,0.2021754580976963
2.4484991497716,1.1256743761526449,2.589692728055506,0.136262676901322
2.210987874283517,2.378331522440674,2.1793316521589734,0.1797068445768274
2.536323760479826,2.181659652866061,1.7744746061415182,0.1552775678847894
1.5786363837490844,1.547373307481554,1.6041956690809414,0.2525495619898375
1.195543516364556,1.383108391175863,1.4171542440136111,0.3335558641567803
1.6957292756205835,1.9433003176746864,2.1169178017972783,0.2340330834512627
2.954138096473866,1.0997399108946406,1.9596074197125293,0.1294439925505328
1.893242713144079,1.4556505474290142,1.5503449099159676,0.2104556231246913
2.433053607848173,2.3124901584016,1.2597001444624358,0.1493143225091946
