rho_c_0,v,c,rho_c
4.39904708907128,1.1783796107868592,8.08849356189898,4.446487141967954
1.3314565388775432,1.9210134988270424,7.062960901828979,1.3836164895260592
3.125317111296384,1.4032615611476813,5.06052106803604,3.252880182813508
1.8929127649818211,1.6318760564771997,8.541517394163034,1.9284347851387431
2.0763712679929243,1.9346667827894444,3.261281246642694,2.579220669475594
2.0625495191230563,1.0233380490353097,9.435032079389169,2.0747894350689577
3.664273344640096,1.0942131281558498,8.176780360212291,3.697529985147792
2.457401069313355,1.7813108117340173,4.887902875649522,2.6388771950926166
1.1785653558015756,1.661815315600736,4.989989147688609,1.249915155381137
4.519191890994396,1.9069837666838876,4.058797154265436,5.119436690098856
4.804746598849655,1.5636016349738664,8.371767793245084,4.890807601722808
4.219120371957762,1.182054909172081,6.873784069408904,4.282923327676655
1.212318700548451,1.1554343130994216,4.175954888593267,1.261570455144414
2.575711895135492,1.1807835844517072,6.2410565190968565,2.6230866155057107
3.420868882060863,1.885337219734201,5.75583719632998,3.620606601106744
4.782327679073031,1.522707771469101,4.435185323462573,5.09182483663101
3.7574631010958415,1.2301295219756168,4.166921128677393,3.9327396119574543
4.881412018130984,1.7340490108335076,8.917633780919694,4.976401089624767
3.521068900783838,1.3064450302992792,9.446198331792065,3.5552352326455128
2.142816433271936,1.3133217075771162,3.420451266953698,2.320700216492154
4.114687853830832,1.39723195210482,7.809142584495519,4.18217495867191
2.6164144314212594,1.2096673430216027,3.276706958439344,2.8152825416603933
1.835677491730368,1.560241663635927,6.855058682600051,1.885155898488636
2.5071665331868336,1.2165576552211086,5.936990083367347,2.56152071911132
2.875303753010984,1.4993477463408098,9.05503136140408,2.9155497943905933
3.725717136531529,1.9188247226736084,8.144053559302254,3.8336435540466254
2.042290827531091,1.7250726532655292,6.330176661540509,2.12262953187711
1.53637913980347,1.7544110214587665,4.818584380829833,1.649603388356967
1.617673389631972,1.018836843785505,6.725274273908406,1.636562231741943
1.1876501426939576,1.1079617180407029,3.9017661606365537,1.2386388374831698
3.962820738294713,1.09279970380833,4.835712680787561,4.068058459865001
4.147861418867272,1.093049050339746,7.467963930317405,4.193017517721755
1.5537588222154488,1.5024540156888275,4.55982370403591,1.645658691032892
3.834016139343589,1.8354944278716048,6.387288539669385,4.002854032742222
1.379300412695259,1.9074268317059049,3.234583483328937,1.70784976755456
1.5129927133371788,1.285702483777063,5.959751977528007,1.5494784976003677
3.2823924358528886,1.0174483653526472,4.874940082408708,3.356306388074708
4.453302715837579,1.7290640879433032,9.261025425107425,4.533009593488424
2.580674533129437,1.4547284937161686,7.882759845186083,2.6257749591888646
2.537892106140141,1.7544284626387612,7.351101100575263,2.6134126795380817
1.6906170888332746,1.7013698309261254,9.895089977937598,1.7161756088768634
2.2641737272094984,1.0628219370679015,5.0468969925811935,2.3161133830887306
3.7393450130662833,1.2219573100952132,6.445497815260163,3.808411765557458
1.0073197690160145,1.9005366401755468,8.772372362331321,1.031826381234821
1.4204295316522746,1.346608268256239,3.3643851195129164,1.5500031523806916
3.532522236235041,1.6623497264333602,9.905381692506587,3.5833442221329164
2.231314888520458,1.213533789464901,7.286115016621275,2.2629227509304664
2.834936917596806,1.2675793288712165,9.616240324433129,2.859891956652588
4.288195127837373,1.7601639671417582,4.8139373716629645,4.607213875757668
3.959802863608039,1.5405438413479329,5.444560655613904,4.12851733377807
2.1688942371430597,1.816024084578276,4.870796871681171,2.337432559349137
3.347232327629022,1.2848560724297655,7.590261188667946,3.3962451454763576
1.8491515772413016,1.3523324936894348,7.786313166290688,1.8776886632855985
2.9278961868354125,1.7856213582168188,7.895490372713782,3.005773258191993
3.302580142368066,1.877194442848665,4.921044261183557,3.572735137159591
2.955378728612968,1.9367637112284208,6.394066868735058,3.101059357406674
2.069638019430563,1.1316985414606524,9.985506242559635,2.083059311592171
3.815418198308849,1.5282533083460057,6.34494960064431,3.931153206484502
1.1315913863038798,1.7359424317504268,6.026677270917203,1.1816737145900285
2.0745421476468877,1.0180930269610309,3.3400880161317192,2.178195723955856
2.347742997355712,1.7477084899366513,3.631781810633444,2.678248304972275
1.6701827224477142,1.5481572324395063,4.987654320475608,1.7569649550512905
2.758513900755486,1.8423894399415703,3.5257390930803494,3.2353906643778023
2.4844472989799717,1.5895987452813631,9.347661952408124,2.521168360063634
1.2122278357263907,1.4639718455332842,5.173340243954884,1.2638897486262564
3.362182023887525,1.02480639664729,4.648041041229754,3.447008813005576
1.983926587444544,1.2610959871267469,5.6072896175248825,2.0360888026674693
2.491874568256629,1.5888824387606075,3.9029951080073335,2.728170522504469
4.345400035844291,1.228619470968184,8.747691666099481,4.388904292718225
1.6767162437973018,1.7735172678423643,7.495771373553455,1.725715225441337
1.6995145826260414,1.5998613195226472,7.889081963623426,1.7355775448040551
3.5787072391729664,1.4403250058896588,8.391170993495397,3.632621145496458
1.0160680978731502,1.2698156204856703,9.344824293126166,1.0255806635653943
4.258419192174547,1.8409745592595432,3.6403914549108327,4.936125561234845
1.591451534372596,1.1836844690621091,6.272198017908877,1.620571449132756
1.4488348786527585,1.4680003579061778,5.504198619610836,1.503286846963492
3.2917198447502667,1.7842054626804833,8.990405901664138,3.358521938334744
2.646425287417518,1.9100513866347768,7.982662795452197,2.72559890075001
4.198164532766967,1.6288416035733664,9.195980059163436,4.265611129932026
4.682934600733102,1.202934730914066,6.405826842007393,4.767754555919165
2.4815851459807847,1.2824921462570995,3.1834400868813986,2.7113443975980847
1.2990420955789386,1.213816031843388,5.668819870852561,1.3298860879689511
3.593272503626923,1.6181407842522746,3.0748542705929403,4.225738059996825
2.370314556495273,1.5431702217813132,4.232177040054546,2.545568612005028
2.415626992637936,1.5941729337813988,7.033408032559747,2.4801745674630533
4.518062160808242,1.5688454625955486,9.492089933298152,4.5810664361308735
3.754958827607857,1.941606430852144,5.424849714120432,4.021348231080124
2.444508486490317,1.3967096339355745,5.303194739525809,2.533971558796894
2.602178157482838,1.4420091033126627,6.309904654764701,2.6729124398703146
2.7746994497516213,1.640000691672264,7.394109007431895,2.8455754188193594
2.555337799408574,1.4864838748568667,9.402822456696033,2.5878807918015747
4.510550628567748,1.308322774836565,5.70394553441471,4.634100654073738
4.941723278914544,1.754356306749839,8.814372641528163,5.042612508539396
3.2768074885138088,1.8506396487632333,6.989896644821836,3.3980691155410003
1.341094475966556,1.3371846777741758,5.131128605081026,1.3890929156401308
3.4333121698431435,1.8479632177317609,6.854823470006054,3.56531300768777
3.3071468073022348,1.922924214709977,4.709462436411599,3.622908709858401
3.011582670577208,1.558999331538681,8.545691969371253,3.062983658945161
2.390862662554487,1.8438943761712971,9.539324957937882,2.4368189240608347
3.8555970712875047,1.4179267487559497,4.591304753217575,4.053754007332918
2.815532757811789,1.9621200416018705,9.894143076562234,2.872584899248228
2.0660303668281426,1.6829891665890644,4.801048560352691,2.206011849629136
4.334139436407853,1.4842225926040469,8.991606527249797,4.39442095454637
1.4960843345654775,1.7784199929711737,3.417429134760661,1.7520102360082843
2.8951715870258825,1.1730844624314247,7.730838076164271,2.929089558698052
4.725727020706784,1.7076147661503664,5.956145614552394,4.932800952767529
3.603198669403023,1.7451084781817845,3.597014244068732,4.1206335461862365
3.1748923883051896,1.673783697259076,4.6860630997781,3.3991175889032497
4.186110530794244,1.0504519451687877,4.446136174787117,4.308074500725942
1.9548873398683324,1.2424456419687189,9.040454275675502,1.9736145024367773
4.021226052512729,1.155945250049729,7.233109962556158,4.073582582852007
1.2203778411801016,1.751437329027714,4.072526785973581,1.3517705427283415
2.4524677784577564,1.885959592458366,3.2874337615907847,2.994194594150361
4.167126872748381,1.9170321733000504,5.656676677204796,4.4292339151381945
2.871835138791136,1.7335848237449407,5.027716298127798,3.0594591948363634
4.006566434373572,1.940816459552491,7.0795214328426805,4.16617975317149
3.6404698679679233,1.6636561266235717,8.27399516566776,3.716370118713793
3.832245254061128,1.7611317971072635,7.038031602490992,3.958169539207111
1.652341281524038,1.6037820555988536,8.885313623380192,1.6799336257856776
1.452399181417784,1.3084737996348803,8.598295150423155,1.469514529923304
3.38920557173288,1.363426365758955,5.14301049354178,3.5149706586040805
1.770959186119685,1.8435828867887407,3.7404966293499258,2.035345923974983
1.970472229540072,1.8911830078285816,5.889946352410371,2.0806426124063657
1.9473078463125977,1.3569328061151509,8.138887795111396,1.9749493989652704
3.901045244192327,1.692129878802885,6.387466266157007,4.045585874425142
2.173970124822437,1.4938861923364248,7.86025036619678,2.214330078216209
3.731931993074512,1.71052430923563,5.936829471708325,3.897196271742772
1.4459537915548415,1.0606984042494023,5.356493153351997,1.4751653590281155
3.057512473347585,1.8108043688610145,6.96571484946364,3.1663740057660723
1.0048040689668216,1.558115199099532,3.4256648406063954,1.1282640356328029
4.675285404832048,1.9948825586626784,4.4007140755906615,5.245152776365487
2.422559531534961,1.1589724036729627,8.905491614255505,2.4433390176342216
2.5074277047337468,1.7446465941537062,5.908599376968041,2.624443518333254
4.704619123119355,1.548176539086647,6.671332954818477,4.836657416544155
3.3070131295622454,1.8364203590307489,3.2158042578923736,4.028483819304667
4.567950720718075,1.678483528886437,5.344479463206347,4.811390908437766
1.9122085725539184,1.539519277363372,5.3797786895353,1.995668366835455
3.005296941234368,1.4544629802470914,5.756157521944587,3.106089431049442
2.7501241890480994,1.8861197526834177,9.069182962703412,2.811599349474594
2.705079600040234,1.913392648159816,5.28590175119278,2.90186766919718
1.542117379036304,1.2135644323630648,3.092007163778198,1.676654333273078
4.163703796123505,1.193447435341494,9.58408160814593,4.196365765290162
2.209212002019948,1.9974233416992455,9.161555178460514,2.263667262885881
3.195614444477195,1.01887349030536,8.882379164138563,3.2168477744952018
4.905006251613986,1.5166094583804406,4.939241894274788,5.153982850068398
3.4951097943538594,1.6901692166209976,9.703302230214046,3.5493691616250937
1.356338601593421,1.2263429994401776,6.424224140339091,1.38174791991659
1.898336988969756,1.1332627087755718,8.447735001447775,1.9156524712446108
2.1765202877828487,1.056133614322716,9.190122262137578,2.1910365846830664
2.710392512061523,1.986041110210044,3.05759718260958,3.5647825301232547
2.6223600359866284,1.1395842323743204,4.959131334642354,2.6944665915732275
2.6782016465851104,1.544429177209457,5.457243492489546,2.792357910822843
3.945320870262524,1.7941852570632857,8.784164279258363,4.030286189310508
3.158163155966459,1.038401615532328,6.791787029792173,3.1957351188581025
2.708103269556521,1.858290605515006,7.774865258123545,2.788936491841765
4.944608027243225,1.7550312838891902,7.006799916437355,5.107417405556782
4.030668178477111,1.876306213200665,8.540019385458466,4.131621056458387
2.788386148754501,1.960781349657973,9.278242170822102,2.8528184042736577
2.814107792032563,1.1418834857610052,6.320270079773187,2.8611922486762293
3.5435592717804725,1.3672466039421984,3.4054096221712515,3.869096173124836
2.706035256804939,1.8879397721379572,8.214223471285322,2.780471459793091
3.4197602679240937,1.1111871889232812,6.203844828686801,3.4759717052728583
1.235774584217059,1.2542005172189237,9.983348210481648,1.2456434921596402
3.620470196537399,1.696613742240905,6.619436432441626,3.745590935539609
3.428960186781288,1.387460513036646,9.70743360332877,3.4645300260186587
1.388136918628025,1.16753832138249,6.43070659206467,1.4115970043660966
4.9606394733322166,1.7321925514545629,4.852163303197112,5.310570334303559
3.2990995697996714,1.0167692311952332,6.662516294663629,3.338201830316043
3.880606375152204,1.3538246060851875,6.140028159118083,3.978522286964432
4.860923342241756,1.8469935834570104,3.7697955751049808,5.57603164786603
3.898342660556411,1.30273824432363,7.817901478363279,3.953619796157932
4.149892925428684,1.5521805249063103,9.336304415624245,4.20846091224614
1.086480045247277,1.626907609593394,7.465110430182357,1.1132386020234413
3.680910555135054,1.808777380897284,8.047987847329235,3.77755287633514
4.995944160611388,1.388318107841272,4.705422440048324,5.228711134886111
3.912138229531015,1.6470547567288194,9.367768621040852,3.9740456295855418
2.7355479064599995,1.7418699383198049,6.015889249003337,2.857970686456339
3.6836353496050265,1.4047001322137094,3.7610487850840655,3.970993505888033
1.1712793720564876,1.983799705620844,6.251657301579841,1.235113434985836
4.26904325507514,1.1035977951243536,3.0850078420929967,4.57156512241262
4.8231266592419,1.6966626128016105,5.55254778523801,5.065397985481075
1.1967637946934184,1.737628520486107,6.21751010185607,1.2464297281492476
2.788737151792441,1.9683098818596656,6.232438243330668,2.939163155175512
1.924579291748012,1.6408081592687689,3.806744810003917,2.132877765088148
4.527295420049819,1.3853470770412657,4.905145222780303,4.719429551175408
1.6931370704727908,1.5049290937979871,3.9219461041197192,1.8334917882528652
4.04852922989735,1.7637524379529677,8.342013861281401,4.142170741431957
4.4748089720697415,1.535513232693679,4.752115727074258,4.728456070113142
1.1341123189696891,1.678394481999908,9.414056565784112,1.1525781066352605
2.592024782633233,1.8167038989512772,5.378249402681298,2.7538916468371344
1.9782958719815973,1.9837639096463675,9.11800207549105,2.0268476019605104
2.116550780486089,1.9789713866648848,7.258557892118689,2.199891028107452
4.0199826004067525,1.2195857502350198,4.074724394289542,4.213122842181129
3.56794080135185,1.5248291232939302,4.349517060526258,3.809725394134964
3.886654279138069,1.3989019599820036,4.718247277951719,4.06963869435105
3.0820723136010195,1.8003909290935969,6.921513375764941,3.1919468268408457
4.056047307794207,1.3024320448865212,9.378993199596588,4.095730640413324
1.1373948316042988,1.0647881900708098,5.8699269844434445,1.15658263411332
2.1622085669159565,1.93892288737071,4.626444909112221,2.3814388412573204
1.2714672686460098,1.9672519152165984,8.207108453127944,1.3096477365560508
3.256217136675042,1.9187660478564328,6.080744835909613,3.431535445062589
2.366870757335005,1.0028823254287504,5.1307011487603535,2.4134250108635604
4.845242289620556,1.0645410427461428,3.3850986203115165,5.104206417809919
3.935408993376376,1.6301976679829595,3.689486211493813,4.38686481102434
3.585086029770807,1.400317914758939,7.0715027883676775,3.65751417766456
1.5912889656420113,1.3161203695623431,9.929141845435367,1.6054552618268494
2.4158807781633804,1.6158735691646928,9.791982148460551,2.449462395067433
1.2568624605589165,1.1611435856411585,7.227178914772461,1.2734049508516747
3.4657203997236925,1.5457541406555972,5.879912740965105,3.5920657103670486
3.939139043430954,1.5725795928139252,5.616630973352349,4.103252729013338
3.73292308378923,1.1557430753678042,8.89360744196562,3.7648479731178575
1.468811810594862,1.1928801771853728,8.723013184099733,1.482741480710767
3.204576446228213,1.051416797709215,8.7898075229789,3.227751626572989
4.085936214874062,1.4761750979939323,3.900513899793354,4.414274113230593
1.1731742582865603,1.2241107259652408,5.160439807031373,1.2076424709677474
4.284691253715934,1.9545412908237292,3.400128429047764,5.236322331294764
3.41086750926302,1.80713931387865,3.6397625555345767,3.929402637728504
3.842972723379064,1.8372741527262084,5.049067100654352,4.125821208763563
2.5631094812114097,1.8816240684140184,7.78158859765734,2.64149598276549
2.1860175253551253,1.2443358004078555,4.071860365254404,2.29584637195406
4.803016725117433,1.5398595614394113,9.04719874938569,4.874135051876244
2.366304917161013,1.0872543439489712,4.28038147175748,2.446546958442576
4.70185425904802,1.5781964306456144,4.26393274864834,5.061301931329815
3.304601457982129,1.7443118355593086,3.9374911440661537,3.686027110524935
2.9871189538427103,1.9095841274754692,6.337371565177861,3.1327192511514386
3.35649677757678,1.911194436502683,8.048765072309955,3.455321383644661
1.0901569263298878,1.8677307871981168,4.481898219517069,1.199251119872092
2.1343206941074087,1.7653612542508657,5.25747186787604,2.265877685950661
4.55059789771212,1.1401247994201005,5.7644184852259786,4.642306191730522
1.9257680273474984,1.6542491339243113,7.385494733620158,1.9759729378984423
1.412932639117702,1.5199411870694075,3.916200204039549,1.533112735162599
4.624819083182659,1.114860370226487,9.591831512107902,4.6563786054192695
4.743604148176168,1.2014338137016145,3.1357883333187546,5.1354831728048
1.1751810868405212,1.7988935518797065,9.50995439125495,1.1967873231545827
1.9731790366029809,1.4789917290840413,4.594510282986245,2.084111547088521
1.0265991748083452,1.0522784902420643,6.993858669446619,1.0384200522432825
4.588554839483634,1.5161501080995503,9.118065254824156,4.653335737519156
2.364994107586734,1.231470551210255,4.124785413304416,2.478009188995125
4.396100600393197,1.6147651554554354,9.214901919473238,4.465191432078354
2.604578162675404,1.155995744652886,3.9861556860653855,2.7215337914841777
3.386109668056027,1.5379566622228928,6.401355997952283,3.488281958378848
1.705632186426361,1.061530106763472,9.77434531127352,1.715780815745067
3.211296357613128,1.7237063325376,6.709461338168298,3.322822991818993
1.3707274094022002,1.2379620062348242,5.092934376128888,1.4131099025022127
1.2571552552072247,1.5605833235104414,8.73244590714254,1.2777245412651583
3.823498465907404,1.482165759582284,6.055061521384909,3.9434653006715807
4.59135815639333,1.253780664112522,4.336841263114104,4.796159373807596
3.1893789286375385,1.1615243285939745,3.813637292464124,3.34846605304464
4.423032515779282,1.306041141601982,9.22250738492952,4.468062197354416
4.246284527234861,1.9391697918744817,9.941891353537663,4.329439101142433
1.288685119357019,1.6025460590261864,3.563667837965955,1.4427980883999805
1.6592401209068832,1.377391716071351,5.885591882349723,1.7066334656175377
1.0008911955429536,1.9541558172387796,9.47359190571707,1.0228891764724146
4.747340475843375,1.2655218333412228,3.69673033034106,5.05263159568326
3.088276866315556,1.4063559832489134,3.807579400786593,3.3232735379907337
3.1265985063316384,1.9553474820631709,8.48628429962461,3.213052079324392
2.8002267437633725,1.4750579100412515,3.651979113372148,3.061025183130396
4.142894231813692,1.2223719712817749,3.2929054273384035,4.46169377340198
1.3675619332585414,1.098822597460776,3.86345682389213,1.4264732068567356
3.639264826634447,1.072669916348672,9.908420158812964,3.660780012814601
2.8124741211441022,1.655758562242971,8.560248549261495,2.8666093585561656
1.1269410188315403,1.9717779999365903,5.731460386585057,1.2002016902559152
1.4339327832204614,1.3231940671089872,5.539727502808509,1.4766749383547346
2.0268253171339263,1.6921970850753558,5.142429390399979,2.146362622230302
1.1469612598169006,1.027676534777555,3.2322802327055085,1.2097340197813984
1.3107337039069615,1.6434085984613027,6.66635725766488,1.3524751311654173
4.50134942620429,1.2155020415390037,3.523595054292109,4.79572490015413
3.1249444348391338,1.3770613864348853,9.472486446187748,3.158498276033391
4.300067763099408,1.4959044516010722,7.453722407163701,4.389372470179415
4.458585357535662,1.087962494227038,3.7190230753682254,4.6625566901218
2.1598219495414748,1.9015026676769629,9.165347938587033,2.2078603027434216
2.15041899144329,1.719060621887901,4.451286842683791,2.331285864346092
1.518081007811085,1.575255919609544,7.711031531433112,1.5507851375247337
1.8976096111749092,1.362978409740141,9.013765958003162,1.9196829984862736
1.1614149171954704,1.3447457015050883,3.1924616748762547,1.2805636527783344
2.416996036865564,1.7133551954441189,3.3243115108742365,2.820467204841532
4.757832113417064,1.1867709213938902,9.739759315459036,4.79354999110003
2.033191673191807,1.038807804714865,3.529107465786734,2.1274451957706644
4.374873326407485,1.888643298805736,6.104333592592201,4.600606769525146
2.588842251190037,1.816043492006102,7.476605159373159,2.6687661003115988
1.8964215492036696,1.4872137560473733,5.823406589513652,1.961465104074988
1.8189664252369624,1.2552821973483856,8.84025363427481,1.8375863078947328
2.16185630797838,1.7156763433849815,3.837637673584172,2.416829118407931
2.2776071345398345,1.3932025071164555,9.100256058826634,2.304777007123566
1.8172446383934493,1.212698469734942,6.251402187483107,1.852433736764057
1.6660726050708714,1.925574501984316,9.556448454782,1.7009599956709394
4.299147542742678,1.1380806072713638,8.327467013832681,4.33986765225077
2.6457721183329475,1.906270167026877,9.580116890830988,2.699758766338731
3.159768263356988,1.0601469996967965,8.653441391820648,3.183751203931616
4.725787504602957,1.991603684709697,3.811121347919439,5.542846261748536
1.2212851689574102,1.3737562869483595,3.171939560855523,1.3549548473146409
1.1421065794782317,1.3387397086860198,8.214861347426307,1.157581413058903
2.408518016733046,1.3345648697942374,3.4236550316397167,2.6154056131116485
3.990246491981859,1.4365948235668493,5.02151385504745,4.164300293919638
3.849071992996936,1.54691033670748,7.548220822990514,3.932539557489135
1.2046930143484116,1.407880192032497,9.018320929505087,1.2196469242166903
1.2943639909263729,1.9964776846112116,8.53041394498775,1.331340077308756
1.7733190177904556,1.2220084305280936,5.711554959479749,1.8153557625200607
3.441953613395809,1.3626767474873087,9.950231170530316,3.4746919373393483
3.019127002582982,1.5089223758211494,5.3258524276691,3.1481201961508942
1.0536102231529971,1.565814987434315,7.623643519848909,1.07656215244022
4.457563122785892,1.9501364604628304,7.248407489301759,4.628214441782001
1.076174026760687,1.404996119864475,8.578467804931975,1.090904947148697
1.531557108464697,1.6935871680341588,3.5578166359198518,1.7415236049271812
1.7641432373984802,1.5321516440186322,6.841307148802326,1.8101216656885983
4.040501872620341,1.500764299277395,6.810396125510881,4.142329570731877
4.564923338441618,1.753946045778188,7.320752041665407,4.701863859160508
1.7942245657255809,1.487831782071293,4.6371860644375005,1.894379049200438
2.711684612295236,1.5822499598277826,8.687134944064809,2.7578141948334136
3.6491646501516986,1.5230960190866183,3.94755232169181,3.955439755408493
3.793052882982929,1.2225693703973606,8.351859689045451,3.8343565463070144
3.351615884982848,1.629356443725006,5.643302816331176,3.500702396122121
1.8675500748353435,1.2126446192745663,9.006040727651765,1.8847132058888236
3.603845177919656,1.896187804550605,7.646272802092737,3.720048429803372
3.229235301039211,1.8130388821943224,7.907160251818823,3.3176235197395423
4.6238704046591135,1.4572706522692165,4.148443121423794,4.93860814337588
2.26266903622093,1.7753615193316463,8.631898342016841,2.3121006992280355
1.7027106330973183,1.4241909525926446,3.794519746060148,1.8370110052795756
3.3918094002543158,1.3082106350693126,4.728590273522032,3.529576028608136
1.398061472469538,1.3716926983215192,3.5700968050499537,1.5142946062223468
3.1923619013628057,1.2416681837857602,4.192867571265072,3.3422794880957527
1.205716370198043,1.1558742695896798,9.28697363280914,1.2151650204668023
1.216380843594834,1.4393242540861408,9.72531423017761,1.229925144215283
4.060107553997936,1.8862384777270476,8.925410512781033,4.153928146975498
1.265538708104912,1.600747605534012,7.318595599308101,1.2969416661621906
4.994845623127412,1.7551026619071015,9.596310842500944,5.080540441924506
4.923883390928442,1.6260962501524865,6.489626148194924,5.086136968329427
3.257627374611852,1.341253411454851,7.573981321036182,3.309940297234068
2.1061173839555027,1.7671857762419965,7.7411488259665235,2.163238958104332
1.961611159746722,1.259675844452918,8.092804162320707,1.9858149331092685
2.8839753028777,1.429906084907711,7.181516050314124,2.9429000957571145
4.237021004373713,1.4174938052273305,6.721512753278035,4.3345040321709565
3.4836143311376664,1.1064180636204086,5.582057270617359,3.5541295719585584
1.190964445731982,1.7429671616363316,7.379450741924391,1.225642267909452
3.80930065771924,1.1593036820818488,9.867381391570277,3.835866932279244
4.084142085036207,1.6037939414000568,6.4533686367021605,4.216425456314015
1.5387435265505731,1.0424853270201389,4.368260446697981,1.584527418686568
1.7214658256118995,1.956181835982092,8.99834333977073,1.7636451006250409
1.326268317225026,1.563885708015646,7.342251975151886,1.3574175008636706
1.5892179611085964,1.0581848284014828,3.464463593945027,1.6689759681837588
3.4551928989575558,1.0803522324852448,8.516786467787325,3.483331449000977
2.408774270569616,1.7067704195338238,5.129410181770592,2.554325115510028
4.364796640698284,1.0454057704019908,3.415646962414209,4.58481737570875
2.76266875880366,1.9263380079062555,7.610346026117343,2.8556644974615035
4.771178046528796,1.5710885268763717,3.0173292159144665,5.588516766088706
2.813260769972535,1.891851648456748,5.895298146618568,2.9703627161832653
3.754054969188618,1.813850678310608,8.418872348830615,3.8443402542193374
4.140179559481574,1.001754932890533,6.661801938037761,4.187797585277093
1.1763196609948037,1.9987791579763567,8.8375544177559,1.2076111331175867
4.565725414948224,1.4411454939696569,7.604003905872247,4.650002144248012
1.5645531775422232,1.9121136769498277,8.801656903422497,1.6028333805916202
3.634115174518855,1.7791683853887452,8.634576973258888,3.713809334264512
2.810482919921497,1.918260934652103,8.112541526451741,2.892508255124885
4.913767594367208,1.359115936368681,7.184034448852984,5.004135551581796
3.425877302308653,1.1393525584806747,5.650784718190653,3.497712216236746
1.493656063926598,1.2512400647702595,5.47692391178548,1.5342302082033648
4.136189716125754,1.229241203093666,5.558717585802459,4.241190447238168
1.577442539995129,1.771289233744357,6.49219983893531,1.6396487081303277
2.285095388976376,1.141459192838555,9.64481555601004,2.301268704558157
2.476687507239614,1.2912007788528284,7.889275170185824,2.510539825533375
1.6475193696843171,1.4559328447569204,8.364480235365768,1.6730589362249386
1.6617681306588992,1.1775921484149476,4.591206842977797,1.7192828531559805
1.2061377608339954,1.210877587089854,4.818106392458121,1.2461329792894305
1.3186974067173756,1.7034601665914144,3.47193099056725,1.5133720092452791
3.5909237955987625,1.5759303162080576,7.974838508132879,3.6631607739630687
3.1791930202974283,1.8663564580535168,7.519839419051877,3.281879359958706
4.826433918183883,1.4959305044323263,3.0177108742940946,5.557308142488407
4.155819164092168,1.6118703074728469,5.442306798214587,4.35103272195114
2.522903950661194,1.1094867169714844,6.222841319105937,2.563985381447349
4.771895650951249,1.0459195124180654,3.973673362741196,4.946312783469371
3.611390374219691,1.140805955313271,5.347272680134041,3.696493833091265
3.4711248185899977,1.7604002327759196,4.6072405622159405,3.756127163537384
3.231269661862644,1.164343896035533,6.083466653025194,3.2921308478588838
3.327661755912208,1.821919302542508,6.297158439025088,3.476340615714848
4.459096494029997,1.5473989294936434,5.4282890856218815,4.652117110043126
2.219336014429934,1.7375897430329834,7.610733367473336,2.2795409584536155
1.3959247978163465,1.273694048448227,3.0073928413465136,1.5409492624684606
3.3245824983413708,1.9800720170675843,9.811601186785529,3.3944232944323494
3.973351350215404,1.824883098251267,4.140979871928193,4.426343378553893
4.471048598654292,1.7408032326914569,7.116800531880223,4.611121215303101
3.4723854046209084,1.5253223525210593,8.132452260761882,3.5351226714507047
2.487215451467085,1.5952635375186923,9.007119685081655,2.5271679254208457
1.929426780103637,1.9080042281497795,5.023575036080607,2.0857213458723907
1.2527590127460897,1.5266378864840728,8.860281984847694,1.2717793649898876
1.1945026288107825,1.6057216337007292,4.1424862658400485,1.2958116091111622
4.7739785445283935,1.1884697511037243,6.695089350565706,4.851020815766327
4.756901385085492,1.5121661953299617,4.044950645061889,5.12877321133653
4.864270203870785,1.0704610991419918,5.512400079046106,4.958665117320943
4.140822530922624,1.8517675024188551,9.257330402759417,4.226237969123596
4.990257068811408,1.2807627761016036,5.260079708994475,5.145103712862947
4.976390285400772,1.887898247029658,3.41219952096779,5.974086472423797
2.221684627028281,1.5191954667151606,4.953924203403478,2.3341498162211565
2.434663306251564,1.6740314676683372,8.293617025720433,2.4858283140824344
2.7495454059185707,1.6405667794789422,8.892255683236963,2.7975694283301
1.453827650318845,1.8224770810019717,9.35957719656272,1.4821979731839032
2.8241181597145,1.2462651680046393,8.254127812487166,2.85686999237125
1.2405095805111368,1.8674803908838864,6.477933213900496,1.2955102843262691
4.223576139947524,1.7719267417958855,7.280758620765631,4.354501941315015
4.685698264354842,1.596522187418952,4.50991822844219,5.010131923089243
1.4264550653778691,1.705067649469748,8.345595927599517,1.4571919576248982
4.052013418120989,1.6224294289643206,4.563354577684112,4.335265791192629
2.5427659215035225,1.3817833856918085,5.870688988880479,2.616267689291122
4.462417637391347,1.814369090704704,4.688701788774692,4.839439484618753
2.7719859358781407,1.3991447584804586,6.674904845702246,2.8349661379172204
4.268117810573557,1.0768509647985305,4.938215853690889,4.373365939326286
1.1177446166262528,1.7445433652345814,5.723486103830716,1.1735899005064674
1.8701063599375591,1.9315883736909885,9.75875433463905,1.9078525191960425
4.366196633193549,1.7100944956262003,8.097837144316218,4.466937832397371
1.1239457950531748,1.9487903337863752,4.727716530982401,1.2336263557244929
4.400664314288262,1.8320492655961635,7.544609744094624,4.536444007696876
2.360845448021782,1.0813183012958436,3.5050580846189234,2.481903744855239
1.9797876754837624,1.897891609773676,4.538729816508374,2.1794808950324085
4.285333362820178,1.9394829627574364,3.972857012425472,4.910200301942168
1.5566986836711814,1.4608474716136102,4.561917313921924,1.643229573807803
3.140877556060517,1.9230036440324143,5.368889823355689,3.3640688553275733
3.1665457601259432,1.198183165554145,9.42491611703154,3.192448808081281
4.405069096539034,1.0853398944129231,3.852379561573097,4.591038100799926
2.958791232365838,1.3182452123548996,8.580928396445398,2.9943363390412223
4.403838150199725,1.7275777748104186,8.206757357028565,4.504779422672402
1.4910562743550262,1.2864680972839135,9.020076933328316,1.5064565944429322
4.037225249970073,1.6210734171537948,8.648601661574038,4.110070052296952
1.4340989770474288,1.7464768360917509,8.983581077528719,1.4619925873408597
1.9662322804396064,1.166379486880992,9.824967682027385,1.9802359793659607
1.1043706597414094,1.2032243855009224,8.734694527988083,1.11500028287046
1.9139849757392144,1.3268903567214267,3.114563223268622,2.115578221439703
4.314745898382782,1.851553541382236,4.944409922931468,4.653334787972095
2.107945620546277,1.868274553745024,9.50732762559123,2.1498635753193094
1.4480854108761796,1.1150789042745164,8.828753269339563,1.4597753127891002
1.597331302014839,1.9534303998576723,3.671578778726468,1.886496059276132
2.091236798976587,1.7027383909501477,8.372995774092313,2.1358681422841737
3.02920780153288,1.123400171943226,9.43225428605552,3.050924199836312
4.362342187335587,1.8938415950022989,4.897040986964413,4.730404441656662
3.3661591695363327,1.7881126947514592,9.055040384539891,3.433774930031267
1.8549920974572145,1.1735746383799015,6.6054468147175625,1.884981136799024
4.651765701299949,1.09851026363651,7.1673438964929845,4.707383597399484
3.649939860965557,1.323265880187195,9.175321510974618,3.6885008020282153
4.166076390918995,1.25720781099134,4.143574818859003,4.372182576810809
1.7001033310187426,1.0572185621089163,4.756020504627332,1.743730670150032
2.240382600815428,1.969852498593235,6.702065203954192,2.343911109524333
2.271615496856187,1.1508216456785272,3.569003464967103,2.3997962108252304
4.716099655210454,1.3227677151006765,8.823849361012627,4.770001077447049
2.778865844392465,1.6457384116570122,4.768684296986335,2.96077315778381
4.199545772241886,1.4060328672534288,7.470658779877188,4.275960101194718
1.957894243392979,1.256147633202178,5.561281443195751,2.0098352649944404
4.178004814992465,1.714389253519245,3.3836068262521324,4.846102614905427
3.526094705680143,1.723893589552763,3.265899852398948,4.151571128057564
1.3898359261145945,1.5385693682795638,3.171560957633567,1.5893815258990944
4.592411874964652,1.0083489918502302,4.365679883795757,4.720039659834012
2.8029889472630667,1.582318672329842,6.512518792907823,2.8895754194872203
3.341892555656525,1.4612362896464264,8.05583222387293,3.398264686303154
2.1276227177079,1.3325527966859765,3.411051267028393,2.3112865647089533
3.6918721539341295,1.64582604205283,4.173974105690196,4.017363372401167
3.003393447659351,1.2468531813493278,4.415915077295996,3.13078458250335
4.786946671248832,1.0568918316949083,4.998943226074868,4.897660011542298
1.2783724949531758,1.1540224490749726,6.925648615326276,1.2964982473763793
3.058617314586411,1.140663877283432,3.4635069595366392,3.23933270912892
4.368847501398448,1.0022356664540897,9.285688366338642,4.39451971531032
4.921826326680227,1.7365414859612196,9.839917753781112,5.000309396258068
4.460475416889761,1.464619741152609,5.309984374421775,4.640488156741302
2.3898576193328345,1.0527496132065564,4.024954479092715,2.4760529976769896
3.491577882816608,1.2833737306277682,7.370094063913686,3.545749088200894
4.093029407261705,1.7593586361491012,9.08589253823772,4.171991085694131
1.4723146491585006,1.0114596088679106,3.077281159198382,1.55893002273012
2.7251604606424684,1.314896826528925,9.582171990325158,2.751186284606355
4.721396791980965,1.5339372704158052,6.077442110617909,4.879374465427094
1.8978224746365813,1.978878263946712,4.958769217711037,2.0697752137768
2.8362434603976854,1.6766184468721046,9.178134105552193,2.8847848772542743
3.467239829887765,1.297714922899802,7.10624783898309,3.5265410688056704
3.523770501124716,1.4770362175826643,5.066265604487491,3.683803751730157
1.5697846569818807,1.0002519499805569,6.289933738579415,1.5900181496116084
2.613427523137766,1.917409875492167,4.650340474746643,2.868617157909306
4.219543337621009,1.191540036984185,3.526898766074119,4.483141865645026
2.7054231615027526,1.174749253774536,8.710989902893791,2.730365335687384
2.280450076888943,1.4447197337783284,5.893838187391835,2.352211831167667
2.0870899258405182,1.549104130551865,3.0889018854556447,2.4123914507878945
4.104171016159101,1.4167446933095702,6.760714753102685,4.197366132798259
2.5494809051398413,1.1435667268280398,9.155715567816127,2.5696032371252118
1.9464719575512808,1.2435276756159648,5.518963535211363,1.997846519275916
4.9404768631302405,1.5195600649321088,7.62060380572604,5.041725455464868
1.5015882060704349,1.891267633487956,4.746926793527439,1.6371377138327086
1.5693553014381982,1.5560799615104173,4.09547390548085,1.6965882953880738
2.896734901761159,1.4575768277180097,5.341973157870832,3.010985059471164
1.4651585532173923,1.5589684155363817,4.6591642344750905,1.5547769370923283
2.3997209174625582,1.2231037028606826,8.248470719425557,2.426546272657819
3.820002729319607,1.1997710635501306,4.680552601263884,3.952044303997501
4.450648926035689,1.2564962178450294,5.257681326914851,4.583460361884571
2.2392365913157475,1.7745510758007872,6.008125153713902,2.34380183336064
1.7669822825201082,1.6834332815410935,9.277646056973529,1.7968091637018353
4.088986371921182,1.9401443220322,5.789798238371146,4.339903925154971
1.4820206667356182,1.9293069782574144,9.847128108279566,1.511311835411129
4.530148844082939,1.3532619851710042,8.956877262451496,4.58275628702024
3.5526976738078493,1.2511597302552984,8.992541186794622,3.5875916812496462
2.1216904475670453,1.077210282880996,6.740717599033765,2.149312631497171
2.1721764190866217,1.684460402319708,8.287501625923076,2.218484552215199
3.643759696304561,1.933845605511636,8.651294472899266,3.738353216766926
4.80673910921465,1.7348895876664812,5.240467274798906,5.093983696797421
3.648632774765003,1.137252435818216,3.999716630233968,3.805711582626861
1.302921266338434,1.5972477906373266,8.391928019037465,1.327182305948347
4.388526354430639,1.9038254668601209,4.764621239274748,4.787307489048056
3.2458313388747198,1.908098286321674,4.670631163836328,3.55612305658543
2.488109768967432,1.1607333706624656,8.968895826255359,2.509211803447129
1.4269994193611164,1.7669469966806108,8.036908310724517,1.4627898324826614
3.381086508247807,1.7993732970775715,8.564953592517025,3.4582646030337028
4.803383170290106,1.6666068342858933,4.479270350456201,5.174920460114761
3.892114773376352,1.2193569938923314,4.005587198747377,4.086038956971389
4.053492166482227,1.46972138885672,8.36948569091517,4.117474622013412
4.035060324596891,1.7604817767888177,6.476482131692357,4.192940575848537
3.265882847236156,1.0820681975687794,8.835544802046137,3.2906532106136903
4.737106311239696,1.041308898874572,8.09577950641486,4.776784787979865
4.4672840934280735,1.2152166869956489,5.137707274737797,4.597747792921369
2.802857672384775,1.8457273062052089,5.697371078788525,2.962631313335552
1.1877379014989766,1.860373620000709,5.898857392248458,1.251612812321703
2.5128353312670297,1.1029021733832305,4.072152464057395,2.610400753510124
4.29204520013589,1.905521544794018,8.907954725278369,4.393747907826104
2.1322429126952285,1.362751864141913,8.221690687270941,2.162150495460982
3.550218283797236,1.0923933874032654,5.310889397002837,3.627790098644025
1.6440348386915336,1.7547692161045787,7.252896359598465,1.6943728029944574
3.371347838354941,1.272655294235883,5.042583327609062,3.484137085630249
2.692593402748406,1.463856211250286,8.199622019456694,2.736556281927468
2.547098497338768,1.830128508442565,7.716874320082046,2.6218992510543573
1.8903038376380292,1.85311197444748,9.571891864952446,1.926756771654671
3.13467182489534,1.6275924656192635,8.394030706976462,3.195313972865862
3.2772607420192967,1.6295291513667591,7.913148292034012,3.349039354797989
1.440868657601106,1.9938632235685825,7.42770120831093,1.4957670629952489
4.788919834153651,1.697538028437453,5.387740511146661,5.045923655421096
3.082014826405397,1.2133692913236196,6.984089144184561,3.1296076181373658
2.925764952400679,1.0607581512906743,5.30155552399612,2.9861488207606715
3.279262397871572,1.6354145978337904,3.852613504176045,3.621772114652961
3.687613660240115,1.9847810486550443,7.96571012790244,3.807705292909729
1.6339962950752138,1.1583863338794351,5.342655175888231,1.673813062151774
4.559244827160359,1.9932254990943925,6.654796163313338,4.7786272043417535
1.4178870743865049,1.7114886529035334,7.728520937104589,1.4539873987914809
1.1002708005014696,1.4546891527884322,7.679554415625089,1.1205579931299974
1.1477163692200525,1.5753036673797811,7.821847711202904,1.171725596325999
1.422414096915784,1.5703236622837746,8.50755568279798,1.447281999854736
4.875026750255556,1.1799112002486578,3.856434329005809,5.12058622879637
2.379713732577698,1.0512605960046977,6.334887692683461,2.4131734920311305
4.4407036988092585,1.7425166842320523,6.377257654204764,4.616374641517579
1.5865593445245207,1.9625372022926144,5.232272153238225,1.7115150666128236
3.971157234913361,1.7548637327650267,7.517260133603354,4.083997659587431
2.380835608801878,1.5926981058422482,5.715820297973783,2.4790209700981065
2.0114216754096765,1.2897361424875022,9.432052628140482,2.030494082530126
1.939781984410508,1.52105114919873,5.1714942008286044,2.029553543627916
3.375788045277002,1.1024084892139203,6.659625163474033,3.423012860196778
1.347129048397353,1.6467912475722746,8.14979588391438,1.3755028614473523
1.150621883380068,1.2654818064231723,8.536136653128967,1.163478407599888
1.0839474108503837,1.6952511896161058,4.092906086771595,1.1909032858483943
1.3865835395903177,1.2964959884198362,6.256780926461318,1.4173462970618824
3.8433570385298976,1.9840170944645112,7.82342108246123,3.973245376072209
1.2643419117060215,1.44363480059363,8.380210385894127,1.2835303430384604
2.208007786031042,1.8015319458747827,6.719720026806375,2.291909733671312
4.204891130757926,1.5451264678165677,4.27843954380126,4.5092152249043815
2.2827946399389614,1.9732461302665505,9.7196734328549,2.33134373968906
2.363956593875066,1.811847666529891,4.993258589630183,2.536858338913246
3.1409975260770397,1.7166734601253182,4.796766971358586,3.363791287599919
3.074969530745224,1.7027660215953344,7.553958507685112,3.1562002455401217
2.6859874824238363,1.358104051285128,4.9401851378201656,2.793625614614026
1.4986219755298844,1.9048885810755305,4.055621149359547,1.6975187087016457
4.135306325495872,1.671702986470864,3.735018961424745,4.624349059733702
1.813187815464043,1.863390523378564,6.367258944756725,1.8962055088357976
2.179425950411253,1.2419383164204767,6.633936245502689,2.218651846478976
3.831246052122802,1.1706298774693331,8.452621357119089,3.8685254995607936
4.337897083815646,1.05141342714946,6.389683791932061,4.3978441894006775
3.517660556466799,1.0858492677812972,9.329093985213769,3.541733235986587
1.5481244202833175,1.0137485682716365,7.453460388596564,1.562645457378898
2.738054884610088,1.169972007348114,4.0511435463824,2.859917932026314
3.215176217687106,1.4126612266367369,7.315025139206997,3.2768612055345367
4.21003657541563,1.3149004216583622,6.827997603110379,4.290341939971419
2.1123137036705715,1.2680488611611134,3.96558093911845,2.2293611376953666
2.5927189734741294,1.3946127676053153,8.252659932862347,2.630551956853646
1.3519403810521573,1.1397575426756243,7.690365900701255,1.3670372189054214
3.629499378957547,1.0345339253785504,4.708836992224424,3.72039852028938
1.9840288957138217,1.905486908110852,3.4634520194925646,2.375932360155203
1.996352517881042,1.483056906677535,7.417766076647787,2.037490360457749
2.192784953741276,1.6651649472785186,5.2805956483004,2.310675875687906
1.561741734479095,1.375969398185429,5.437472480947686,1.6142827899177616
1.2475519222938272,1.994039014912202,3.02271505618816,1.6599886578087728
4.608040923338981,1.5987778511537725,4.174705761540345,4.988343797850365
4.316169497254087,1.1153143889102697,5.145298483550519,4.421289714428641
2.086406455917501,1.5322246303749665,3.699867603337559,2.2922053909651163
4.1385990544408,1.932871563447367,3.286230197154384,5.1173721937781975
1.927371362728941,1.5487194289469728,6.635459800711857,1.982116024556575
4.7577140089841965,1.9695411128863825,8.227647782926404,4.9001831366434425
4.853561725260218,1.752931570938827,7.625569268459809,4.987116487683966
2.691296884518823,1.3748327798735371,8.123748094407546,2.730685630814842
4.557957737377238,1.508946318068095,9.081442473557694,4.622209729567992
1.0149644771199924,1.051608345000418,8.675416418823225,1.022504397738621
1.3381307200494366,1.8685340510069688,7.426839602793051,1.3826044520877503
4.9227387235259,1.7873108489146237,6.850442571936899,5.099356815286606
1.100642749027081,1.3258775667931642,8.174651272308349,1.115412001534544
3.0848517424848034,1.4773125554733813,9.642104637289368,3.1217100283782377
1.1585718285605957,1.5409656523480049,7.4719877082925565,1.1840247523680107
1.1723651627944025,1.8977440864732775,4.943437280449077,1.2696479176028688
4.229694449621305,1.8935760497586371,6.1430661787345455,4.446194523621923
2.652960896058628,1.9707757239956296,3.1347419523615043,3.4114779046891943
4.664780688594817,1.7862625072333866,9.62848560044361,4.747188241228993
3.0362750777937704,1.791128111018654,4.045349716659597,3.386284656251873
2.4435761235925018,1.304295067786578,4.83272455361869,2.5377476744348546
4.808287958401772,1.6717794601318272,3.3552656713171,5.545697906405644
3.0148334582077405,1.1024978498795428,9.927574663054394,3.033598196670228
2.6657723303312504,1.3500228459883763,4.357388079003632,2.8037329030187084
1.601139747797525,1.3395435792201518,8.362446727052149,1.6220858852027324
2.147331129560107,1.0667515220176944,9.882849716875707,2.1599507579221573
1.3031995405354673,1.604484155120024,7.495095118375957,1.3341272038307883
4.29786284397024,1.019326527784632,8.184287844145311,4.331589730191808
4.095023921592805,1.3383293954751707,6.662210808838832,4.18023763779861
3.756863399783766,1.6998345694184054,5.656724757896585,3.9389102207963793
1.522180448604055,1.3545298675055877,9.494518535654915,1.5379115640359144
1.809433008889652,1.7058473138880064,9.505115614807716,1.8392955660737111
2.238383690597177,1.2102025885028522,7.723196358407638,2.2663809629503966
4.579398967608656,1.6595396532333964,8.798138274759957,4.66310454207872
2.1803929662670263,1.146552295350766,3.611914869718303,2.299314299645661
2.3571599409821182,1.9572625126021803,5.41758485863754,2.5279005096869707
3.960684926918931,1.2216072836355891,4.417085452834898,4.121439741307225
4.455703082170059,1.8868407216404453,6.387832651370107,4.663803302877794
2.1584014664404227,1.399985383111391,7.205065107662593,2.200337656262036
1.0548445078494266,1.2684511763699944,8.44232729889745,1.0669563960393598
4.311992675771397,1.680830423248645,9.704404809720993,4.378163471623963
2.9573422242150507,1.2912646964018664,8.651641468602827,2.990841541693272
3.3387331344499827,1.7424067397729472,4.671690222139442,3.5983821403352554
3.162695898796176,1.761732408946823,7.822617622896537,3.246087144853933
1.8610955304652244,1.931879949038751,4.26669355754634,2.0873156648012663
1.8270041712061096,1.978973217381764,6.42236313685688,1.9204499711651664
1.3971604545149714,1.0802025614112023,4.771256531725308,1.4344049257156366
2.71065905681137,1.0209933712332688,8.0542701578659,2.732704121210927
3.8202846653736233,1.3543010060679133,9.78430471533628,3.857415278475943
3.059234053575877,1.169854830877579,6.892314440729551,3.104276972862471
4.925186156629412,1.7444182308512373,5.363588938272332,5.2083441575038885
3.571184440521775,1.4357253548860072,4.807494978919259,3.7419488100223215
2.652849548220484,1.0986721922791367,7.369820020680285,2.682828658893836
4.135940080290846,1.2856511429127937,9.709564145909312,4.172680845857872
2.3891882636805555,1.101947645003836,7.623368011001883,2.414546573184115
4.718031040149966,1.8697745003400228,9.616180828243412,4.809829891457691
1.1834765165177408,1.5233131779843447,7.307167599454226,1.210062666080587
1.519720890680818,1.8081398219481464,6.252401579837148,1.5875549852806257
4.309003135141495,1.903797234123727,5.706478248370238,4.57088020244157
4.213814649217339,1.1171073452002631,8.17292424314547,4.253737202980627
2.0365013217383856,1.3947591418665404,7.2779744462034035,2.074960571532352
4.57113224494503,1.6639598682688237,8.9108013746733,4.652976746348115
3.4783596983873406,1.5473412098297663,7.109231768630536,3.563796907405912
3.4065145542842963,1.225256390614068,4.692088249619348,3.5289588884536123
2.9095830691568567,1.281875472753126,6.1941211748259954,2.9739651048467084
1.5426721530382457,1.659196375621435,6.054234515530292,1.6040864093684473
3.0427350777672846,1.818534023481204,7.415475047841451,3.1385756810232737
1.577034842243386,1.0886835464912206,7.956021331093434,1.592010113075408
2.2952200012656303,1.8196267740726104,8.50309808930687,2.349650612976228
1.8833581736025848,1.9609431956907888,4.555041304422982,2.0866135382918185
3.666720366890917,1.4978870850959272,8.185767296942188,3.7296948604763314
3.928940938509369,1.8982714876608888,3.2754122353878787,4.821169107322636
2.5907877010279976,1.563377090301226,8.82595472868359,2.632414773947693
1.2674111045196228,1.2108715906193184,9.285944900505513,1.2783258494314007
3.4589948404693445,1.955762543185669,7.4554233820994895,3.584528973818691
3.1242391789330384,1.2424066078208282,8.04866107507622,3.162139397654252
3.7490842531051256,1.5122295312252956,4.5763749642011735,3.9722194384349856
2.556699747746529,1.5885028019017151,7.400552999195757,2.617713937421319
1.1150035721823843,1.919130545774443,8.905087585378164,1.1418346841772753
1.5177578551341386,1.0172158945283174,5.733091683931201,1.542227406075029
3.096848882041338,1.2804300784337943,4.830967222133689,3.21171363228862
2.4136924183695303,1.31164345335135,9.184456637328104,2.438689113519815
3.825360792964392,1.783210287450813,6.393418325861309,3.983438586523822
2.257983900526205,1.5379630143234078,5.741352831853151,2.3436349309189803
2.8264975975466946,1.7531638134141576,6.151680744865984,2.9487816014455066
2.993227112688406,1.7001273952962666,6.242824390931828,3.1108060926572487
1.3596990566745748,1.5517089822241388,5.025581717003352,1.4295477451434166
2.630567962219116,1.3250682130766325,5.787519878283013,2.702348965269285
4.829615521920315,1.3062230808775237,7.4360918209934015,4.905897746599891
1.5815524204739306,1.7813012305079787,8.167433265069896,1.6205644909025216
1.358350527054733,1.586399239592641,3.900074478258893,1.4869176113275857
1.4658034436572742,1.1157866534163432,8.035517634563183,1.4801423767260216
1.6275627099056695,1.577806163912853,4.50797033777403,1.737459956489262
4.103169797626619,1.9719138726936296,9.311074050562215,4.198402047111179
3.5342318898732765,1.6029088501352808,4.579785724887399,3.7728615431845984
4.587421529961636,1.85427196539057,9.771261091904195,4.672322423269624
2.4530554006052343,1.3441867351376309,4.866518039407531,2.552349540382791
3.2454850823896324,1.600637463835621,7.135913305258191,3.3303474554058843
1.8273253518671484,1.728285288820087,6.793000326742595,1.889502393399795
2.0380416644437824,1.3705886360930268,7.377314919270676,2.0741514607313936
4.444385943433395,1.5840423194541362,8.90935528822483,4.516342678983402
2.0830191438334045,1.8148883546227728,8.718629897477747,2.1296709925237742
3.2165167702431354,1.2404470309277322,3.059294846320813,3.518744889178901
4.385287949337336,1.272537629812271,5.366524737731041,4.514032084464387
1.4665922593383418,1.7388794025003658,5.695448221963301,1.540128956653937
4.057174608302242,1.429807987722267,9.203080012626708,4.107043889784337
1.1719663573664492,1.4326011588143333,5.428610832610529,1.2150388641640653
4.165502206328817,1.0910761378696892,5.906107967068543,4.2384544388024175
4.316717635068057,1.0896375146944526,9.88401758374426,4.34319053714648
3.152320426779716,1.5044711774197173,5.61191183762152,3.2720948904994307
3.821053443765405,1.816238435691138,7.779665821732428,3.929643325564737
4.450783522509457,1.854095519918682,6.085470616775426,4.672953862415305
3.707004532480396,1.259018000361542,4.815717710729382,3.840580252744646
4.650298257377813,1.8646401674392596,6.55950025738894,4.850398663976618
3.125240132459049,1.2056010373496835,4.696328933213505,3.2336043155162075
4.223117107612749,1.0069832335586977,6.373646997568232,4.276832228450822
3.639668369712097,1.7161061376416664,4.887211279365414,3.8871967326931136
1.3769652861244015,1.0104986677473864,6.929380339837476,1.3918441873041545
2.4200114386362315,1.7429963886146256,5.606403214192544,2.5461887547137936
4.335933392966767,1.9136475547851288,4.8048223560752685,4.7270214650719575
3.18429348109675,1.467484063578127,5.823175496164256,3.290493249560303
1.6253974122811496,1.1869357711376125,9.597864857873248,1.6379707736375455
2.241729243317568,1.22529468309763,5.60626086577938,2.2972682318788054
4.124284383299422,1.690277560492936,4.926431536055314,4.3908181037532446
4.881300370928916,1.703837389244902,5.307002219483263,5.154157925261552
3.792963177242733,1.7747388188993245,8.167499118496178,3.885808878696364
1.2742299555420402,1.969995151350155,3.1499257728131296,1.6330078322087114
2.8183350813042862,1.7785906973844423,5.634884028121061,2.970172498350367
3.471483199984827,1.5675145224146485,6.021746657885243,3.595434448464546
3.72001987161762,1.3650193654029406,6.874667709710865,3.795593300444828
2.6719124632309463,1.9135453951018628,6.805344839933603,2.7842449175854176
4.81593675384858,1.048008056252884,7.79195605184423,4.860096718349914
4.043068041858756,1.293746968279492,6.899491397220565,4.116078849869167
4.938122189711416,1.4481315096135223,8.99084838162366,5.003450094415226
2.385072029806427,1.1883972071756366,3.098230881744775,2.582614599876361
3.3191051372549256,1.9085840354221524,7.453899192583458,3.4335698076235364
3.878495436737808,1.3612583147084591,7.603551343948949,3.94218640007292
3.807686085778194,1.9526506566621928,3.6322922028065214,4.515691289003151
2.392193123574635,1.915954569753851,4.081071599820383,2.7093292887998457
3.636657862185311,1.389289228496948,5.698646022551279,3.749799339588906
4.812237772916837,1.0610787967659223,6.725798598855931,4.873265258501202
3.738672394012592,1.1022980892954148,3.560634548729996,3.9318286308126
3.9025018856554743,1.1458210605344106,9.676683429538649,3.930151572797119
1.4861659281781583,1.7427468648167146,6.9659245194690165,1.5349799758264433
2.6616283246455725,1.7767854716074116,3.563668811079864,3.0704889949187715
4.207272497215076,1.0383745491893568,7.298955366161978,4.250505109468406
2.6956573439624307,1.7293687281347403,7.529993960370874,2.769691273817956
1.6198050788600744,1.4814160315968286,8.35900451823852,1.6458581158164718
1.8316275283448975,1.1999132148646603,9.171170908596109,1.8475085027251377
4.791754952797239,1.9386257379514296,6.018703435460214,5.061504952765091
4.273826770137877,1.8849475299621457,5.007873918030663,4.613079224938811
4.957377415824658,1.7084877078615206,8.046629392945187,5.073045623075636
2.6804131770248203,1.7482678539759735,4.456919481322818,2.9139527662723643
1.2389565953922932,1.564297999886676,3.777970500287455,1.3611159196525393
4.904206408457884,1.5049450312084396,9.760646896704673,4.963560662279434
1.9180944399530384,1.5925317592168275,3.45503529344331,2.1613886836529157
3.795459410759417,1.5912724464693242,7.018446814014123,3.896942356248476
2.2729851131959564,1.7218876664292564,4.610166714042502,2.4503116744419606
3.235780093479196,1.1981980059214152,4.302542560006417,3.369059132180677
1.882429494227523,1.48265870738985,7.86476455474554,1.9167986243633337
1.2874603553356532,1.0429558274356268,5.110297365384258,1.3151410176492186
1.291418449937073,1.9185823641350253,9.143649446227943,1.3208218200544062
4.770469720821152,1.7135491514405898,6.60792133897212,4.939437260768035
4.4097239089342,1.243796761747313,7.414067332215482,4.473118863410191
2.520910638261696,1.1235715833606668,5.080424440947304,2.584917828595489
4.281891782320379,1.3119351032669573,8.065346415558071,4.339689276273924
3.528602429050395,1.997894121090819,6.7610557589660365,3.69354645755061
3.868229565936805,1.4698109534598065,6.334850771417113,3.9767508914420313
4.27967481376156,1.758574924373664,7.26308354242867,4.410921628689747
4.8757983839231525,1.81862188682363,6.632896706538629,5.070095719394354
3.168147762602899,1.501917519169464,4.222041802557603,3.389887727915429
4.784208795596879,1.2177896724791446,9.05448762214542,4.8280758384358
3.187927034504072,1.940781580769663,3.8662166166969634,3.6859910388634542
3.267183575416113,1.805129470609064,3.331785544216706,3.88712745901693
2.4796162813824973,1.1302944647775195,9.907965246826326,2.495910487172976
3.5869799113127896,1.9369853760110276,6.221639284918004,3.774569461453008
3.967238573453289,1.4747994310522667,5.904680052710607,4.097092903354315
3.5025232731180864,1.8582750600026965,8.51749018432469,3.588980349384377
1.4410773380763184,1.7059764994312123,8.773069996661985,1.469121047980796
2.924694208013927,1.1121460341020368,3.798979777972059,3.0586974421730204
4.935446077080277,1.0915104870991876,5.045002144829901,5.055178984436012
2.0708978094232107,1.9316448438705835,9.4550177464918,2.1155168891660656
3.7923811911053975,1.5473328242247293,5.692498642733417,3.9407577406424665
1.5011123719265305,1.8208885703446367,3.316345675166745,1.7960620316051967
2.9456143716569483,1.5837405038289498,5.020516506261347,3.104107069071953
2.980177272155596,1.491826533585137,5.475834019256729,3.097339482350184
4.897787752958102,1.976470887633552,8.858043052887712,5.024457731368722
2.552366436683372,1.905865023458836,9.007691603702586,2.6114898923759227
3.794068128154427,1.5642313147419973,5.217959335364204,3.9769736218369145
2.2449041905612304,1.752985455153,9.914674090279032,2.280837622786432
1.174522912134675,1.9052208082930964,6.216663650568858,1.2338976696340531
3.8072770795427098,1.108501986758402,8.01095367466401,3.84425828289686
1.1298849849211603,1.4065385166378286,5.189620271085308,1.173819728302473
2.465144216272212,1.5032301532965051,3.911803644409686,2.6701695659582176
1.7909510711671557,1.5086177185286354,8.220388578952598,1.821894670272311
4.158567152538742,1.9812872983821463,7.517580320046263,4.310983336459662
3.2375480769603464,1.0438785134018789,8.925214969241507,3.259921507385242
4.24095926801568,1.9655500569176247,8.052173111731264,4.373251844847516
4.240608980572372,1.721004344764853,6.82452069505806,4.38224095237203
2.893825907551089,1.9929823076210489,8.396354685854602,2.9789614330152894
3.595490960983091,1.9107591172437748,5.5448165257102255,3.830089294482309
2.5892909576972665,1.4805744533303502,6.047686975742204,2.670557646478864
1.5787867420516442,1.8764690335780445,9.00155097711352,1.614250604208071
3.831927356100171,1.2137705593260155,6.680281594079267,3.8967893246757623
2.7289440397329106,1.2035449536743774,3.001511930628125,2.9789136262616003
4.014824769286474,1.5778622751908125,7.123478302978419,4.117093393158696
4.249233869227517,1.5143043055545962,9.328082798797777,4.306356943624532
2.931215324583722,1.0211362299543478,8.83570374977606,2.950988666675483
3.3745546336504053,1.6670047261923229,7.073148773963988,3.472369396655807
4.5523561159746,1.8855320084403784,9.242803698364856,4.650144530720717
4.268481083472119,1.0831075342353935,6.059392095802726,4.3383511417063145
3.331319444299761,1.7969293700881703,6.458765429146741,3.468250668601713
1.0265789094420108,1.2322694183864358,6.578250338131216,1.0450788640538022
1.1130293931942583,1.2427743353487166,6.92212191950913,1.1314133994350022
4.780897929049388,1.1401092451842496,6.148043312990572,4.865285850312387
4.749787539035768,1.805654458916824,6.088347229496665,4.973550468188092
3.4649874428300715,1.5460137592940295,3.003527133226668,4.041505405277559
1.8973798903812076,1.077415729286829,6.465307580297519,1.9242875097536185
2.378021831431766,1.9412318164255984,5.469701914756312,2.5436058242267
4.498064619635137,1.1036060667063057,6.47520231682469,4.5648539626726174
2.986103307893752,1.0334395708099948,8.24142451891144,3.009860733924653
2.3785420270665734,1.693866982887514,4.621299356159537,2.556460570116691
2.0051398977482204,1.9019985537899415,6.11365880705693,2.1098405697431524
1.343715491208584,1.694203422079856,5.799310228593548,1.405007632971842
1.0294766820103476,1.6344103935009564,3.0692896231889546,1.2162613400388835
2.803941971767812,1.100316442031609,6.987721628586876,2.8393639281012626
1.8563168657193636,1.7423979952056758,9.78203519630057,1.886484836753098
4.397798324471257,1.3055254616677856,9.594914493446923,4.439081757112049
4.690287524522017,1.707540575905752,5.526883512870094,4.931550314659849
3.627018452164464,1.300413275264817,7.092956550093351,3.6895571462497214
1.1635143915549833,1.764977878625468,4.468577467622885,1.2664905539383902
1.4510578461647534,1.487927888295537,6.81162012221676,1.4869674248871625
4.743095658579014,1.9389930999398417,6.543120063273056,4.966164445341194
2.10015659060164,1.124126512186925,8.704058898443293,2.1178937189387823
2.431821311952618,1.1591764625780998,3.1725667171675687,2.612444619919976
1.4874217388981466,1.9049085500603824,5.762311743246538,1.5760296583990536
2.3521600812771344,1.0786286086399677,9.089776450025957,2.368897586692549
3.068835428959232,1.3923361222049166,9.538418074482896,3.1020621996736693
1.973224553556112,1.3246209488904863,5.331928314441122,2.037088561811839
4.966362316442683,1.4020852640945125,9.276434245303406,5.024080837300431
1.7361083940101594,1.4494920160931108,5.986057967334384,1.7893594524613086
2.422587044291193,1.7007357351790888,6.383851602854774,2.513424205564647
1.590631080388909,1.8973185003948472,8.913595601377317,1.6279378331922316
3.6566427919337294,1.8305935817627643,7.860342395507258,3.760031895510016
2.6073848534654247,1.1564037356067889,4.11713901394813,2.716749805766984
4.045514719594479,1.075644312718064,3.2980193899230885,4.279525495933114
2.16136499848522,1.7468141596296172,7.1845141158341,2.228229246574268
1.652135859321671,1.9072138245365364,4.106827088606269,1.865502440273039
1.966010727599328,1.8850064656895484,8.764739800586867,2.0131191407984965
4.010329271023821,1.5120849706776305,8.62425847727804,4.073427267907447
3.8706816853939543,1.5808693648568957,9.610019108061492,3.92414138266996
1.0970017676261774,1.746404622638965,8.830339132441868,1.1191065828409672
3.144985260230704,1.6214426378070812,9.641954919698934,3.190420668897986
4.7928457360801815,1.6266515695403831,4.540654848061736,5.133566124085939
4.497351516400461,1.249017869411217,9.319376431028576,4.538295479441805
3.5475692345990213,1.0777504329060317,9.076365350555118,3.572846838255784
1.3449865312539386,1.384729799885514,3.7767470718262826,1.445661742192415
1.5766526161110348,1.862337014625484,4.616511717612589,1.723079420121777
1.2827271749447364,1.7676728899036616,5.036056762686608,1.3698873595455563
3.6841075483003753,1.3614312587906825,5.5111275058744935,3.8019410070784194
2.30065320334468,1.91848398497292,5.523473797677216,2.4533970289965623
2.818045490016934,1.1338755503561893,6.673871194784113,2.859619496158184
1.7974688289800018,1.5610452879273569,7.425869047821354,1.8385517991825484
4.619434066832145,1.7345399884059682,7.092412080544806,4.764103398978266
4.548540339937668,1.1467698948738838,3.772660998768844,4.774457646460036
2.144824814212251,1.246719435763349,3.2252471254079453,2.3255971271861138
3.652880649003357,1.0289742452067383,5.548340050946246,3.717367588888253
2.5745039655648445,1.6698146750222709,6.709634470845013,2.658135940117397
2.637368616278557,1.3513621323044436,7.108660044547337,2.686355455214163
4.937765627447626,1.5970571210529156,8.804663144912775,5.021056546878367
4.876144678264003,1.7473728678589946,5.449953969423926,5.14791674536795
3.939226827869113,1.459695389696936,9.394880646899251,3.987652346048914
3.9846671169273633,1.5562564831242458,4.583499563510337,4.236332454195835
4.629880855116988,1.508006110133007,3.978934828082745,5.003125415582315
3.261502882502276,1.249208750756646,3.891034983646505,3.443807930626609
2.991109906285304,1.3165721722210226,7.1702040513206775,3.042844837778281
2.9766924010035245,1.0255014814473928,6.831325972692537,3.010810407920938
1.0361611841669736,1.376619016553485,9.969720422868786,1.046182483900029
3.283163131349488,1.1362868913497826,7.3431233486961105,3.323191059687179
4.683546456251644,1.6129390210066892,4.400867012900013,5.033818969434091
1.763031641890649,1.6678608571250106,4.465618242567043,1.900567199600191
3.9801585366896575,1.1205047561950778,9.516989793092815,4.008035321724007
3.4584894507712804,1.477500497989969,5.713262060110856,3.5802831425054062
2.9388949404280136,1.474662437543035,9.810042470160225,2.972673028143148
3.0538982870815534,1.2771003255451432,7.895742057842689,3.094647008539334
3.248136835802123,1.4948905882800148,8.420615775837948,3.3005634943756723
1.014430133818467,1.5645457112204326,9.647122938454622,1.0280397232247698
3.9025330697107967,1.8452203018951552,3.929753363737495,4.420104004626026
4.6171140787913725,1.318853374461575,7.372106923112613,4.692820199628359
1.318956758113286,1.3126301815502557,4.763500245955691,1.3720783196684474
1.47566870074282,1.6535483835086748,9.959062935885918,1.4964393711828934
2.3966079344666285,1.309763181513378,5.719451693508081,2.462033867745138
3.740387057417351,1.0327447730617996,5.557778129528412,3.806684832942808
1.9996698266018773,1.617270603906228,6.314638579797245,2.0686672273571034
3.4235805276470104,1.4693244261105836,3.8724622894507807,3.700284613851788
3.323044575520471,1.294122191677759,3.550358566185162,3.568555599658377
3.1962065722091206,1.3539630393469593,9.197991736254409,3.2314080884920897
1.1155719286498758,1.408371044752344,7.066803501189944,1.1384086823017785
1.6511056496747334,1.7167323928038414,8.907164662501092,1.682654369636351
1.9051913780316685,1.176567769702522,8.483986221075195,1.92378067236679
1.576818668318226,1.547239821861821,9.985462586126609,1.5960956201710543
4.128897947113304,1.9256287426056988,9.409023445010828,4.2181816130122565
1.6959298498145867,1.2081039653046814,6.272604881828293,1.72828799325278
4.607236866104513,1.297126157108648,8.297838663701311,4.664581786874213
1.651647001885439,1.9659313015586,4.6187142869737166,1.8252454188984784
2.597603439788496,1.962538601736108,7.632420227909923,2.6879833286223827
3.024737271247661,1.5378455078387043,4.042788959651219,3.270604102297802
3.1985705839530416,1.7817268533718962,9.184670319393952,3.260508292930981
2.642196234937724,1.4339296328840474,9.87165238726295,2.670520002510438
1.5361026675681422,1.67669626769282,8.157170594963318,1.5696189344815952
3.316715262876551,1.8011399693502763,4.647848065488748,3.59784838767563
3.0453867710867444,1.2453489198005507,6.229745962159075,3.1081224805107084
2.456243902057811,1.2598023320626075,5.185800150203184,2.5320978215243204
4.824847050744691,1.4961642298596538,4.029153890238934,5.196393771587793
1.8698336215205624,1.381032117842049,8.985234319104624,1.8923190438112991
2.426985750901657,1.0740932092493098,3.856658806323084,2.52696460896892
3.650605372555593,1.466776071519457,3.7401468470482575,3.968513224746743
1.947772770790232,1.0632419081241993,3.874652198593521,2.025526894249175
4.811943550145252,1.9523647966927704,5.571607610623027,5.137698201487842
4.359147992235578,1.926929117202227,6.971793904522936,4.535838090606211
4.882093561903923,1.3378289840255309,8.596534614069895,4.942309022327599
1.49215752609651,1.5927038872478887,4.610341895537413,1.5900535215826517
2.583217401085665,1.5877309075103354,7.188197437384888,2.648636243031111
1.8548526038127573,1.838151736289623,9.094420286555728,1.8939415744909636
4.841519009252579,1.5683185225142184,9.274113810639417,4.912267049277095
2.811016043851949,1.7458113464435732,7.363991285278494,2.8935053117780147
1.2278027673739351,1.2303738440686394,7.740046594545786,1.2436157265070933
1.3937888993691223,1.19913798686468,5.81736641148819,1.424378187783534
2.6116718857128998,1.7881823278952005,7.5784595589818,2.687558426450007
3.173709540079017,1.7268107350562916,4.12371555648728,3.4948860179999297
4.913936615417171,1.740842586118912,5.406662211721914,5.190342461766005
4.770129920800368,1.892281771443868,7.920283415293242,4.912391505937053
3.7341804078121608,1.3291872404495568,5.320678956902982,3.85645511776124
3.136703825946519,1.4846420934595197,3.5128015213066943,3.4610042223524093
3.851839154966689,1.2887171563204367,7.639741623304263,3.90783908833116
4.258545095162764,1.2818705281058118,9.975642924960065,4.294145694914913
2.055980336841161,1.0510338272098363,5.532942411292368,2.0941099594086747
3.287849992585308,1.1870660664855617,8.95374953969637,3.3171315162976938
2.3376510025867403,1.2350149279752234,8.232681911598746,2.3644068175106217
2.4601652270378485,1.0388870233776983,5.2558412947807165,2.509681315878568
4.367808199712895,1.4221942515289088,5.196782330283842,4.541171269969976
4.997320013604323,1.376525429090618,8.141017776921489,5.070325386323567
3.2657774031167697,1.705880834076258,3.459238678443916,3.7539772828617073
4.162400826841166,1.8175199278288972,4.131108634979886,4.635098960952687
1.5948178599337517,1.1875733584154873,6.528540636775452,1.621877041113544
4.211357409034959,1.7151215609663653,5.022325960751485,4.4807300560967205
1.601892693618923,1.236543014463305,8.35141147160093,1.6197458760539438
4.729070501957702,1.1662732072001294,3.349653725724574,5.044725427255953
1.6453765935531617,1.4788173747876687,3.320660407263866,1.837665569277383
4.577921779900546,1.9329109522746548,6.459522149348336,4.797756681462587
1.56210585680068,1.8723771243303395,9.111229834877964,1.5961735169938918
4.712403915710077,1.593278328910206,8.222447809571017,4.803445373710156
1.5253251833897536,1.5095539907586517,9.662470337300007,1.5442876019407148
4.811013333882352,1.080289270770806,7.52390332591982,4.861384205453929
4.913403473930273,1.2045554213150742,7.865515229288005,4.972054303823931
1.726362403823514,1.2587766698186051,6.793799026102288,1.7567807633244052
3.1660137304335247,1.756818767097078,4.381874605948761,3.4559344458597026
2.6901551650892994,1.484544537085808,3.3376972970189183,3.003614372672636
4.002661625680224,1.8423906500941696,7.973580793801947,4.113990089144696
4.168790442377739,1.491644841848584,4.761620198537792,4.3897436393345695
1.8955967840044905,1.584946982855148,3.065942268255011,2.214446023943775
4.903915063864183,1.3181512525982182,5.202226004685318,5.069346807151457
4.951606981891542,1.1246343712748423,3.2544181324997794,5.276691278095383
1.49767474807751,1.1966463109358432,5.593945118118048,1.5331650801225634
2.5873519126315387,1.6367442024989105,9.87040896174716,2.6236754552948
1.353829925552675,1.9691349304146288,8.004373185224962,1.3967550672658788
2.906447529670892,1.7559804378933577,4.5226979603728905,3.1538682175068624
1.2534214606426248,1.8847487368684617,3.9824014999151474,1.422858672598777
3.1324626681199432,1.487278744989143,8.573023965849785,3.180692252852112
3.346864594288922,1.868537118450575,7.542904546077276,3.454537805300911
2.512698654457728,1.0650648530134252,3.732141553092899,2.6217215228556325
1.8524839035793248,1.148246592265605,3.213644099615842,1.9834123274420408
2.7108545956320325,1.1157891891784448,4.880596744471648,2.7846009722060208
3.069858632792988,1.5822760081846945,5.399948319733844,3.210788930526118
3.719773879089164,1.0126740578714897,9.954979623038213,3.7391707569855783
2.4239851539982755,1.7210165842270024,4.05698150677906,2.67677044287523
2.0814003226762607,1.3177625976433651,4.018254865387329,2.2032460826407068
4.93097783916817,1.0623761675774246,8.823740957153223,4.967111131929181
4.136416376782199,1.5400859140513683,4.146890106090715,4.45504270687267
3.624819449083885,1.1465944416094516,3.9144140784110673,3.7911041604127975
2.725838990669467,1.5632927476787837,7.49699325296562,2.787106440281247
2.5098843200353707,1.3198157124251824,7.95113272814773,2.545193061298161
3.39969483691282,1.5996193256371534,6.60504920855449,3.504005522585964
4.568277910669676,1.8649732414025733,4.600702635462913,4.99727382027667
1.2144976116745818,1.9299407651934843,8.874118870000647,1.2442796404612182
1.3465688757815228,1.4322986786432552,5.3132962936465145,1.398333584342793
4.85037523672359,1.695180054982684,5.444900490781441,5.104042532889574
1.665202456370971,1.139793936250066,4.804095390767165,1.714145608400604
4.848254723026612,1.0132851211111689,7.269165131316358,4.896055597003323
3.956861058069381,1.1888714993753735,5.722024937449413,4.045136161029962
4.558302610899974,1.5478611272918164,8.469838000093981,4.63638180783087
1.1460341244251415,1.0149213242168358,5.79750131778449,1.1640094126235616
2.718837632317322,1.4018751786425605,6.647677354473127,2.781386749251367
1.8449676339003105,1.6144477519777114,9.1379031891769,1.8744545417859493
1.0449590701870557,1.9175252829325964,8.72655506256099,1.0711379943697945
3.554547891845791,1.5898525703609372,6.664475937691923,3.660223392651635
1.6279123109533926,1.3271133350777171,7.356480221092974,1.6550666193783905
1.1168226072235117,1.1866867000436434,7.170421788825021,1.13243869470982
3.475551602910921,1.959398235112741,8.618836682787556,3.569003584505426
4.869466868449504,1.81820082435167,4.432291428551686,5.339398001974603
4.584182949605304,1.0401563134234744,5.777704909105981,4.6603268953329895
1.0710754230515662,1.4733406422415103,4.7717320060442585,1.1260981857911578
1.1395368927958032,1.461963209790284,8.488447872540476,1.1568235288616453
2.613581933673556,1.2914113476633964,7.709507300201995,2.651039644598882
3.902315460179039,1.1995280995462156,7.0467479947349005,3.9601119752582536
1.8646439700527733,1.7739138181286689,4.601840748051273,2.0208199434933505
3.8639115780420337,1.47005438528645,9.098410786353742,3.915356148898644
2.858994577782859,1.1222136426288647,7.474249717865762,2.891775335444001
2.702662986759337,1.1479432083469714,6.823348182382178,2.7417424502931174
1.355616899020092,1.580313711551847,6.333406288320008,1.3998962376503716
2.585585943354361,1.9680617024030005,9.960061335450243,2.637589517816197
4.84138765558868,1.095960159855948,9.141210364172064,4.87656273453529
1.98529760358612,1.4729253941601668,8.986730857120927,2.0125129064740217
1.830051343366072,1.3993779156597412,5.331067564068336,1.896557180974788
3.8947843750436175,1.18229958981075,9.244572439076835,3.927032371978554
4.453026270997372,1.531637887808338,8.249325794700944,4.531823406717239
4.681755352107668,1.2830237250456322,4.9419049632568495,4.84799047712028
2.8698794680933344,1.7868921632604655,6.190519332069217,2.997467429867041
4.318939067051719,1.84422939758366,5.191384647530076,4.620312531322512
4.214936894811351,1.4524722588167218,9.673810771327044,4.263265187024971
1.5625454801816412,1.3069241574643713,9.49888748535809,1.57754847880177
2.5706420488562345,1.55454120951402,4.46174347401431,2.7424858213322683
2.93393347979508,1.3260822554341103,4.230505539566456,3.089644316807003
