q,h,m,mom
3.568730546488009,3.111677718921134,4.216232039973757,0.2095916613195905
1.6989213042799136,2.1757682655045096,3.299898137959948,0.0891405895956955
2.3958211524795927,3.557429964963456,3.1456180871140424,0.2156129772491831
1.824878294546396,4.203406303576935,1.484237288233952,0.4112653063424706
2.407681137857748,4.678378673460268,2.382539268489353,0.3762221927453155
1.9105225560699783,4.337742232684711,2.5193975316732717,0.2617636553630397
3.587639464920816,3.6621915916036873,3.166093385898347,0.3302298059585352
2.669162072622977,4.216250020005532,2.350519767932285,0.381002240347598
2.9588696990094925,1.6889722452532148,3.337482456681796,0.1191569827743704
4.454862278484901,2.185629251155488,1.2760219112379363,0.6072154047078817
1.6030483716576192,1.1116000783279203,1.0487901371389323,0.1352062405918205
2.7906035355642533,3.898244717008217,4.655422357584006,0.1859509010587189
3.5742322265443494,2.0153223621279106,2.751452197682664,0.2083317462239356
1.5771714645844916,2.051717613639568,4.909490565149476,0.0524505689994553
2.5548767837804185,2.331883659093456,4.152478908087852,0.1141719818342514
1.6417514945240377,3.654993908228021,2.001647362520783,0.2385594611251769
1.789786109618236,3.472641847504656,3.2624562124274066,0.1516025730117644
4.785415797093409,4.756090983588611,2.714615376052008,0.6671932812576954
2.945320073619834,1.0448521555138257,4.32988011787918,0.0565589846194383
3.968595511770126,2.023141946554906,4.551660212490886,0.1403729715256967
3.2709592702322348,3.628610329045136,4.521598912410758,0.2088880372012876
1.3961287082807297,4.622310152132534,2.3239092522669025,0.2209812934495524
1.750615228597194,1.0047374406902456,2.0321951313435864,0.0688760159078789
1.022647500961105,2.24339495106087,1.393130783767484,0.1310478640132152
4.516930738153909,3.673005715071123,4.0417019599499895,0.3266561855078577
1.067901213322477,2.0786388405457075,3.3222860263066294,0.0531695805787536
3.5429596172995708,4.742950524731289,3.3435722395583825,0.3999394286725085
4.728651669147589,3.621314438731585,1.303593508058139,1.045325407954856
3.128007842176693,4.6060489989586095,1.579863311789223,0.7257165193997089
1.4580282233449608,2.7928599699139194,4.892230313228327,0.0662366461053335
2.6870977849605007,4.876462817725524,3.9941829402637343,0.2610661542469459
1.4312535401460784,2.143372771401846,3.962594243723048,0.0616062558090262
4.692079697295666,4.002617030819145,2.894907902527901,0.5162556329061141
2.6011074223006343,1.1413881445786456,3.283896506807561,0.071943625532857
4.073986736007766,1.1156268925548352,3.523088362359416,0.1026609279165711
3.397940019957976,1.8147164769373123,1.8070551611618204,0.2715458795299929
3.6294534641863616,1.1136811336788393,1.737312247264157,0.1851460067889611
1.6343775841712378,3.721316997595261,4.310815313650675,0.1122741518287277
2.078563751697736,4.662008265741836,1.974207842636437,0.3906012705620237
3.0580676082984843,4.628556986666247,2.096677297738178,0.5372188476542978
2.760548214918757,1.1018563314733694,2.94014237805395,0.0823269606574011
1.4878043139615027,3.640947579643705,1.7633218576919782,0.2444661791919217
4.341429472947437,2.7126079105393743,4.198342966338169,0.2232194308922296
1.280078338794854,4.315853219746801,3.3217806536193835,0.1323495287553604
2.064620363574753,1.684806459624803,3.04345682176888,0.0909522017339108
4.789620279815604,4.132781273083964,2.143959152901078,0.7347120014171267
1.462725887949551,1.17279010350614,4.8899233267190985,0.0279171658625225
2.713374014069432,2.035029113007896,3.719529013851205,0.1181360575115205
2.820994054645806,3.59016817152832,4.174638494671619,0.1930581880369947
1.4594084218239027,3.472211425344565,4.0008781194907925,0.1007900880062405
4.848481931766333,2.6564743810844247,1.766996381266797,0.5800506120139097
3.076546737832326,4.786582042437883,4.329590199096456,0.2706651671318538
1.53160118822576,3.628461456100716,4.687684413318205,0.0943408920539932
2.915626653051179,1.1925498338188536,2.8697072737874687,0.09641863643329
4.602509963604391,2.7078060671883626,2.6058780862334165,0.3805820810703766
2.062804173225281,3.856698905423816,1.4590637183740705,0.4338999635515038
4.412258282532421,2.414122440308716,3.940536972835431,0.2151072010452957
1.164884484800508,3.6451971668786864,1.917869494220996,0.1761874498700072
4.055183394369104,4.714405817073047,3.3163208578741568,0.4587446974495168
3.8450611466257945,3.9473539084250415,2.714177778697328,0.445001179173584
1.091777943343457,4.99381911498088,1.5878383136473748,0.273244219104541
1.7830179587516255,2.87957190814438,3.5017050276449257,0.1166794093109304
2.3689382896692157,2.75932438418682,3.074144598864495,0.1692085682798444
3.120172295616005,1.9378173898023132,3.1111124729268718,0.1546556708855952
4.380553793079369,4.04307054982104,2.89427314398609,0.4869573873511727
4.696300920779126,2.5471001806503533,3.355673627188,0.2836693182548526
1.3949583185059056,4.092189729706297,1.581343377730239,0.2872638282796648
3.1025950133627265,4.654100730186347,1.840630889288576,0.6242870105212769
2.5362195499180467,2.1876564088012347,4.765562074666722,0.092649261964561
1.5483055664073548,4.455015023682858,3.241088220565478,0.1693577719946517
2.46943594181246,1.4793981609662905,2.502150366489794,0.116187543660252
1.573972052770543,4.051084486725987,1.5666029211004693,0.3238914780892655
1.7047110978449704,2.549936727205232,4.083731839915366,0.084705792970534
4.431643477041055,3.492090559441845,3.996305699125519,0.3081638885745444
2.133946262733604,1.179131367198548,3.669313326859315,0.0545696299975002
3.0247628787863494,3.4888112709731267,3.3988022750838938,0.2470774138392967
1.0035432982672554,4.544605928881039,3.1989570267732965,0.1134525014151773
4.76852093196722,4.48918790392191,1.9897662001772003,0.8561297012877214
3.048813077188962,3.464926399104678,4.784894391485955,0.1756881993193465
3.4003620552320206,2.261566901090875,3.2599044853272856,0.1877240266406888
3.441022054544381,3.6549108025807926,4.436470622978515,0.2255884003083882
3.548272291954106,2.9066865640803083,4.637290180149588,0.1769868525866388
3.640648412403944,3.453244728116455,3.109582625143277,0.3217319064144455
3.973893523227178,3.512360929551143,4.896250101187508,0.226851631176467
2.879931355876609,1.758673780196884,4.816435053554946,0.0836819617206419
4.511027320657365,2.510755925229322,4.890775048849443,0.1842860246564103
3.46443597271341,2.8766310964044903,2.7941044640313084,0.2838338623847704
2.978947461387995,3.4933185969207314,3.999514443812208,0.2070541340728834
4.568215132389473,2.7143730615667456,2.862164139433152,0.3447558819997082
3.6913472495180057,3.741035237932792,2.3620048071641286,0.4652496547406794
2.59170423344498,1.574766138271853,1.4885773775961963,0.2181826575017094
3.460226689750195,4.858331534825512,2.837270850132517,0.4714992859731238
1.0267730683026248,3.6648494486014247,2.2143208967448125,0.1352322222780721
4.8689451623579645,2.6936103875357977,4.245859499726319,0.2458069616316845
4.63869696778017,2.807375871631272,2.184093917047807,0.474477247845371
2.7930776545276434,2.8135081595992086,2.6123724153182444,0.239379103428371
2.7295766869435485,4.82934171656084,3.679791654235159,0.2850690986788855
3.5782002917741487,2.3561513870899358,3.5331551442776425,0.1898870142848882
4.511371929521468,4.108398672431232,1.7463190701693176,0.8445935345644714
1.8000269618469442,4.105062623430573,4.891640254120439,0.1202082909804141
3.474489942648542,3.002001391833266,2.031240780082576,0.4086304040667618
3.3070645590358168,4.312561974541172,2.182920099666364,0.5199125712254676
1.0360170687183805,2.6999554499450737,4.744981347080378,0.0469114800732063
1.0688657229331144,4.27943123064916,4.037981108513628,0.0901436325529329
2.010400963697549,2.7610889190382104,3.858784388996291,0.114472903882311
4.497321500805244,1.9589484880894368,1.7348435070798316,0.4041166853821258
1.933303923588178,1.9248815576099811,3.2809342019043126,0.0902602971617668
2.5224999905979417,4.819595617327522,1.3781616026123302,0.7019913557721318
4.833261506879133,4.563418279822922,3.408968071774478,0.5148702206832757
4.746579572476207,3.991778963423912,2.9404305690582357,0.5127745449336096
4.650601963742627,2.063777636419648,3.975301075901737,0.1921286726702221
4.5936707050469,1.1503031617148856,1.759373142502842,0.2390035497420647
1.2537678134045005,4.625428357762453,1.5944095210858058,0.2894405214991822
1.222948796333033,4.85422470503645,4.898775830849116,0.0964341195367526
4.705523427030512,2.4257989950326326,2.62690576842806,0.3457867864315048
1.8202661133948377,3.82632244465764,1.9622544960225732,0.2824562914185259
1.6428606076662913,1.0388550641796348,1.1704180632979777,0.1160392191615449
4.716808205753453,4.261709177216428,3.265035633669223,0.4899302303336289
1.9176786532714765,1.7189689184355863,1.6007304169403187,0.1638761666508989
4.311615952656736,3.53143741560419,4.129586264885754,0.2934101797336241
3.881736925565876,2.3329617170673425,3.604480293712908,0.1999314849453457
1.07150794922362,4.118909407906246,3.9820236191387584,0.0881990569781958
4.92327746313284,4.631709757023081,2.362632346960436,0.7680502579092907
3.188109954893904,4.112887850457033,2.9606867060968045,0.3524340341732036
4.921048908661728,4.282797472964881,1.674352348377142,1.0016788397448102
1.324830536127766,3.456242715539162,4.510755956255661,0.0807802825105561
4.963540435700921,4.857928938957794,4.062296226377235,0.4723471165602901
3.7349080144472975,2.5475474923543167,2.711983388487772,0.279193504547239
1.7061389640070057,4.461006696677719,2.0914873951214044,0.289589066484585
4.830407207641747,1.6813430544910948,2.551764754938069,0.2532733992690725
4.521283921498755,1.905522392153593,2.1556059403036203,0.3180508795963992
3.582076345247847,3.718527530907904,4.418748568613275,0.2398814606045217
3.856583484005573,1.62225615738057,4.437262971433427,0.1122011056575796
4.360553146618196,1.4668774402050984,4.562519279761719,0.1115631676370587
3.225703696075275,3.1423080804265733,1.6308844877565585,0.4945841200780408
3.145033006586709,1.4485635806908062,3.807344215070789,0.0952205670404018
2.1603208079617247,4.224172247605769,3.286531785261804,0.2209592396724463
2.1933181702642788,2.956801154285136,1.8451835799379128,0.2796883071569093
2.2332137282783635,2.648543339346089,4.010153601992245,0.1173725394416797
3.1967040926914017,1.4176086026563115,2.5021085988733662,0.1441261407247706
3.991501764006271,4.2235113303980265,1.7757077708638906,0.7554898428474243
2.4226834788380787,2.945058586116108,2.4828376533454217,0.2286822356308645
4.9288845423092615,2.246555859089388,2.4395981505084467,0.3611916544223628
4.798252919448537,4.281607156878537,4.347052772668743,0.3760842771599189
3.918349198277802,1.606348695486083,1.982941536925693,0.2525940916995163
4.707242283644908,4.584373427951329,2.698896642601992,0.6362831489318945
1.3282005174622764,1.4905205833368165,1.0644012216410357,0.1480084104644943
2.1425573583676734,2.3616179485174578,4.83047382536373,0.0833570815377638
4.018589059691821,1.595175612097019,2.546124862487817,0.2003514717841284
3.2758514110912467,3.706376237411201,1.5482493599169187,0.6240550818199722
4.60016976140558,4.454492984687396,4.45035876302947,0.3664099439163966
2.9969553838307688,2.3874965241826307,3.404273717534079,0.1672586894957673
2.5335136989854585,2.0912514259292467,1.691758918113047,0.2492190111174201
3.064603079814555,4.546882158615963,1.6096636357567011,0.6888789836865588
1.4757084462680776,4.2165772654832265,1.514886476292717,0.3268666960543581
4.456574980213857,1.2436848336562405,4.942959043859395,0.0892307780819078
1.913975545833312,3.739895760142379,4.307985963450987,0.132224440678813
4.969822619288163,4.947411431821088,2.639491067910538,0.7412912193548271
4.326264631169902,3.7476957859008193,2.106789161002647,0.6124159203596149
4.480364748971237,3.723026164177411,3.714488067199944,0.3573556297745076
1.119805849346049,1.4757017983067535,1.5570615715553484,0.0844550625303506
4.831681614092213,3.9055900903847656,1.675987924357949,0.8959921804171702
3.735962468616816,2.608936987152678,4.159907360616112,0.1864543720509378
2.0438906564537342,1.069467016156746,3.480139031365207,0.049982571373833
1.8880776812312003,1.1153679432145838,3.685247293085987,0.0454738282233705
3.584497516804577,3.166552747131905,4.463139232265515,0.2023786577780322
4.662004163282001,4.265531437834762,4.769822417458885,0.3317674156311912
3.197645883092802,3.9947017384654697,1.2265924567529218,0.8287138020736693
3.244218510686965,4.480390145141239,4.671328562257183,0.2476142602579683
1.5701283697951771,1.5431007648802004,4.149643481189242,0.0464631658112512
2.732909632354712,4.787499152129006,2.867662407474999,0.363074789501673
4.885412843629588,3.9076549085844143,2.594068699606075,0.585633802191983
2.8669696315420325,1.4997125138902452,1.0256513396348743,0.3335965052955079
3.398306189342427,1.1260895148795638,3.1962924551911387,0.0952750197661006
1.5284411724477538,1.7922658468285686,1.9053675787293765,0.1144096144035669
3.738141485533159,3.739832115134003,1.3067211274672772,0.8513635740565489
1.8085517767915735,4.844329198573483,4.227122183293963,0.1649339004897538
4.951394298354063,3.012842676312767,1.5935316730180515,0.7449607691426596
2.5317510066705893,1.107957403353915,1.972837279147697,0.1131469691962101
1.5612629377911462,4.786221379189254,4.035259898436184,0.1473626616517933
2.89127825485109,3.967204970740931,1.929162195628611,0.4731468167158184
2.3731313212531093,1.877543082980298,4.502436465462337,0.0787506642082844
3.122761976616673,3.194064378520649,2.775024769397727,0.2860262024983905
3.025737566385577,3.655685079363354,1.2614311034210337,0.6977930413448347
3.176626758217832,4.377014626226572,3.823277811640911,0.2893999603484971
2.300825557138255,2.6586677584562124,1.8534510720264732,0.2626375218021105
4.630234873612536,4.418181454812858,3.192377514881195,0.509943972409546
4.991233642407984,1.2693165637300527,2.48018614672281,0.2032748764818888
1.1926632212029151,4.935010066608549,2.0811685431723266,0.2250550449961234
1.3737686219448118,2.10083129744206,2.09795900776959,0.1094707034953098
1.4124510281402904,4.524653738601518,1.7336398762430218,0.293352636976555
1.516112768679915,1.0379817201528927,3.0285671717673,0.0413498688190873
1.527689512824006,1.388770551378964,4.736629806889892,0.0356439879760842
4.562056399755708,3.079605057102976,4.2551298591868205,0.2627441115177825
1.3724223956959092,1.1488884073277497,4.426674284260207,0.0283451142620732
4.644523712733513,3.048553144173058,4.371723304843941,0.2577344213646365
1.6589617837668484,3.553271109010097,3.5101636946428862,0.1336372383717084
3.968109746115944,1.765439480740596,4.709066421082737,0.1183836781547104
4.503465742360877,4.125383122204305,2.385369163049885,0.619791600437709
4.940727502915349,2.655743359367213,3.341640805035489,0.3124693158309614
1.5190930262935414,2.740527124206328,1.7820751627439098,0.1859013713503201
3.576968939720619,1.9699986487586143,3.841273296828657,0.1459808963760472
4.129111631398379,4.997619994388257,4.031561198685099,0.4073209368452835
1.6332486943967144,2.0760596898268293,2.551469443244283,0.1057528109989496
2.5119306316187795,1.988194794161183,3.6904556216735167,0.1076903337729262
2.15240413646418,1.4981309229910855,4.531465413753877,0.0566271954139658
3.6944961314622526,4.471020054442695,1.2471872003296165,1.0539507685538807
1.1080447168473513,3.09833300428656,3.315945192693131,0.0823887991471106
3.4582499916698133,2.888739557245187,1.2570539278656394,0.6324133070622163
1.0151402127441729,1.688460759801682,4.494314778700874,0.0303489487993554
2.148755104965086,4.792696684924881,4.854701586495768,0.1688085590404866
4.185817218643581,4.808764961319488,3.3445160933949576,0.4789284722657552
1.5652831379327456,2.425477897969793,4.0871642412732765,0.0739193729669495
1.0255572590284552,1.6452868348309129,2.532170651298764,0.0530272006160953
1.6568986380529198,4.608737177974652,1.3488924733137737,0.4504957393810292
2.275370802625507,4.544591175933659,2.614329220731656,0.314758060600626
4.22438722420107,4.300522463553465,1.966805574447402,0.7350445240063754
1.102467318823082,3.59067123908506,2.2631364272206174,0.1391940810751157
3.3741897564409378,1.856699059653495,3.8455658472809655,0.1296405616631467
4.440296849186515,2.9998338740371744,2.004019886893959,0.5289289269221533
4.460173012385518,4.13810310243324,4.409668737565074,0.3330712775882233
1.2679839166544222,2.3255535340696856,4.034848056772423,0.0581571395213257
3.5167266913058945,3.929850786000246,2.731536521251747,0.4026222791271406
2.201399672399297,3.2808114836147317,2.052893595122643,0.2799650831676527
4.062485070101751,2.8062625873340576,2.1598365352147058,0.4200387302394394
2.109181619879948,4.46473613692851,3.355210094123513,0.2233470351906686
3.811732213825216,4.981198489352536,2.237824389051867,0.6751812347210703
4.364159947772931,2.6626947973959845,2.3405485255535585,0.3950886334169445
4.13713966704514,1.693181081875217,4.823393177531923,0.1155689217224828
2.132688888659706,2.794361156347844,2.1276260434653955,0.2228973371496797
2.687912486131235,2.250046497939258,3.244080169285343,0.1483560205914134
1.7559063872354082,4.636463238694786,3.327585568249247,0.1946924378652492
2.391256075693882,2.442897229382534,2.0192724203057213,0.2302112302912556
1.6500294323362206,4.494507562336086,3.430224421439777,0.1720447434158592
2.959975869365913,1.7444139318459118,2.555286354886438,0.1608008267141502
2.126595605340367,4.158275347528141,2.7355279174493647,0.2572451172667803
4.962142331839388,3.036032992326428,1.8341320428295809,0.653634913488218
2.100757306779154,3.153761999116887,2.887932428427047,0.1825609584749729
4.921420550164907,2.299133832031705,2.106996760502256,0.4273473337065987
2.842301907248161,1.058287252794198,1.5075341482534448,0.1587803478501313
3.505540892935579,3.671620927091613,1.0998583178819257,0.931249958805092
3.2406052074932554,4.472197363692548,4.663305177432567,0.2473109724733524
1.1009846095911384,3.7731690378555145,1.8466902717478928,0.1790125935677357
1.151711312671457,1.206187814080542,3.74341197258662,0.0295311990031348
1.6625389936291182,3.83812539697546,3.706252576897216,0.1370080619686614
4.863526691624437,2.6699195379684,3.980183923455373,0.2596189994849561
1.9639921461763623,2.082547841290234,3.5558550655251677,0.0915336580107234
2.9958055313214813,4.782687175719623,1.508591139604058,0.7557952832493573
4.341425459920414,2.698986258712338,4.877822973531684,0.191160044712279
3.3480832338797324,2.372675698067002,4.459011140128627,0.1417706095890773
1.3235206926417162,2.366028653137592,1.8727241955685217,0.1330659839825634
2.343416439776366,1.27269225145643,1.2180356707422622,0.1948511625468772
3.859271879132378,2.6966044007226464,4.91306974700057,0.1685620561944849
2.918631482022488,4.102245986690392,3.4464020103795665,0.2764554541786597
3.1350536560260487,1.2807303000302506,2.046630562369081,0.1561181309628078
3.31999879073952,1.7254553344171994,2.487790279080623,0.183239043667433
4.510181923007655,4.852333780996892,1.0053070376558026,1.732351994619546
4.294386212745546,4.54946368762654,3.466036427478377,0.4485576997931379
2.787124940649045,1.2465829065330642,2.0032513268678422,0.1380169106375314
1.5782507511434631,2.431991704633941,2.776286238007533,0.1100180617877881
1.5126027790550705,2.393825013150665,3.610378064059682,0.0798095291725058
1.939413672085493,3.3189490840034286,3.3713427884914124,0.151935152544546
1.282920580030194,3.235746255947137,2.908460557405901,0.1135798227734967
3.063295083125304,1.7679007124280837,2.2039819294747782,0.1955369385150238
4.235439958575921,3.6788875808958807,2.966715351853238,0.4179547867705959
1.4401426733195717,3.257198024168777,2.25710174606146,0.1653821681555819
1.7926235634965026,4.031455642259877,1.9061732282334336,0.3017023943065369
3.222845195352697,3.170127816363299,4.44680577427461,0.1828345188674951
2.074760197716468,1.2312544496148892,4.936474903774892,0.0411802447418222
2.155790356068944,4.695633733192599,3.553042405908687,0.2267203397931102
1.012762627986889,4.296895364493064,1.88701094513649,0.1835177863357349
3.550024312010959,3.255636766271818,1.0489141320444388,0.8768341803330445
4.3181806860985645,4.595584723622983,1.9742234281729552,0.7998994944551894
2.032369748449435,1.1041676846200708,3.411343427458528,0.05234828370906
2.5427202558509068,3.3312638700435104,1.7492188188895983,0.3853484463044319
4.602473626604928,2.2195758491627635,2.6128037380433238,0.3111319754997458
2.488036082269175,2.644487667938721,1.222201757146402,0.4283960449387403
3.5025097465173727,2.344120250609379,1.9370884316283248,0.3372872524799239
4.659064216066297,2.106861935870955,1.8143647858233871,0.4305269088949613
2.192391308299632,1.1523876891591305,3.273743251212584,0.0614132670632507
3.5198080546351584,4.592663646031742,1.8535328716863733,0.6940223625063494
2.0151842909604007,3.119876080200484,2.658080391371558,0.1882236269564353
3.1530517661040998,1.0485433513472455,3.564077742647584,0.0738176914463607
2.0713805836700505,1.3294276712606852,1.4496321195763309,0.1511669838716673
1.7683961205570218,1.4982636720634883,1.347686546710957,0.1564476506767822
3.5329609830987323,2.3718146107182303,4.191275331386427,0.1590975625241171
1.7163625659432808,4.5867319614532285,1.4721795840310978,0.4255413243937929
3.437854579737992,2.5301255886596183,3.9458995789005615,0.175417811558501
4.627393473176708,3.999885776573224,4.936964805003346,0.2983418125794384
3.162623276945597,3.385925269665723,2.342900989946153,0.363714848873803
4.673173189984647,2.768508646028388,1.5959174356871375,0.6451155006236744
2.273201104112357,3.923394830056768,1.26968061951475,0.5589790345124038
3.251265710957414,2.9970502597766284,4.661675367925541,0.1663391964644534
3.8079564488694473,4.236211107785781,1.1887655373682455,1.079850160356044
4.670095179094703,4.082389254550511,4.204694920714551,0.3608243099517012
4.450975807225315,1.204131812342876,2.289866105577392,0.1862555880164405
2.848375357404085,3.37212062668031,4.115800162479147,0.1857103795262374
4.2669877942984815,1.3640423189887558,2.1088678944088195,0.2196291626465408
3.83827635655409,1.9589015854398293,1.9722538475034348,0.3033724805002727
2.222127672638477,3.2642108240699805,2.420735931222696,0.2384459376198476
4.570744734580058,3.751143602158849,4.229944546733272,0.3225567390729886
2.313147683118091,3.609533460735866,3.733871460929044,0.1779447609811581
2.390428495651268,1.2428432678895844,4.825460836963783,0.0489940636643311
2.5460832244869382,4.355622918679942,1.9946026418513552,0.4424422740530885
1.5297789046916297,1.9765837911536932,1.2236754392234772,0.196638154755397
2.9487799694560843,2.7565042687249712,4.795778659418916,0.1348751815683831
2.707203633638698,2.281155563546508,3.806204898325194,0.1291141377997291
2.8035161839399327,2.2737609617581924,3.290897156769836,0.1541429615514644
4.116731741380658,2.378178013983491,2.559455066753118,0.3043964296557218
1.4087911213465438,3.234758675204282,3.8777772176517087,0.0935181212403366
3.358949486093313,3.3754221816171186,3.990340189041995,0.2261058435263349
1.7854509575299566,2.857618613056626,2.0563457191278487,0.1974450253688945
1.1818695155740788,2.7176120553667515,4.079613777837718,0.0626510101074293
1.1470959851769824,2.0051475007996173,1.5940217591665684,0.1148264598616916
3.899052162572348,2.1785274591510717,4.433030170514685,0.1524795257796724
1.8160263373733403,1.815333126149417,3.9828853047262864,0.0658674440474976
3.034429606590137,2.920113169402056,4.289256830776832,0.1643935728876634
2.4122799597094287,2.8617468672016093,2.2594340080055377,0.243136073968417
1.8983075127445708,2.080405006219833,1.873793819701724,0.1677192031913381
1.207023611924463,2.3402161413114557,1.5794406893835125,0.1423175800037744
3.375026538144233,3.813273914854312,4.819268783096705,0.2125123539799779
2.663929345226248,3.778230362838736,4.827778627846927,0.1659028794946987
3.9666050304690823,4.629923880837727,4.353737995705017,0.3356762812475847
3.820597032251641,3.114152846302941,3.460607251247813,0.2735955195147427
2.2479786916490254,2.7121407293691813,1.233850549969108,0.3932167306627112
3.394865527181296,3.2406409050804887,4.299923381715969,0.2036024054672232
2.510706833933079,2.436669718828153,1.1578099043825048,0.4204801965239954
2.8223448090257275,2.721861647552128,4.107894857326405,0.1488150771713072
1.919009913703976,3.8728504253399074,3.0157192813958096,0.1961133533917422
2.253556414309145,3.828536666621138,3.652772727130818,0.1879614253117398
1.1237269414664777,1.751711716459861,3.0614289904857994,0.0511669315692544
4.281971847846286,4.814523477571866,3.296221155568908,0.4977037466550255
4.984386857420036,2.396041332470139,4.9404585400731005,0.1923662702480833
4.414217668565974,2.3603970413896183,4.580191919393047,0.1810277969117801
2.773687501840837,4.213797134531884,1.4867804055282732,0.6255679067777319
1.2268648947340537,3.8487759045657777,1.9579031080916325,0.1919191471175773
2.8456693465422,1.4905430077264643,3.8510908946568487,0.087646648556126
4.288109720247399,2.7280515801300003,2.09208757118274,0.4449679625551522
1.4662982752270777,3.152752452494048,3.6318564842443593,0.1012916517570208
4.665293750653,1.2978791318938243,3.2680209520639547,0.1474410950392208
2.5732988405483144,2.706863898647358,1.6848238917864395,0.3289972500062039
1.0740641094307035,4.242648750969895,2.929756663273581,0.1237729858739763
2.14520747024116,3.999716677859128,3.3495014548256563,0.2038489575019859
3.5097988760913057,4.593071302880302,4.952898199368203,0.2590097736261723
4.9338136241035695,3.434754199004488,3.420430383458745,0.394264598884264
3.4927577035590223,1.7826548143564929,4.341432339136075,0.1141281597558955
2.8635740992154464,1.7912996307797178,4.63595319986772,0.0880496745121553
1.6170597289637825,2.278253241329635,3.110422177875495,0.0942537969718409
4.6687992541327485,4.200246642355831,4.404155921050216,0.3543296083227649
3.0688641807405914,1.4181979636160165,2.0461314378316486,0.1692665464899253
4.345642796361945,3.3613966300915514,3.001620039143482,0.3872649617633814
3.010624677294162,2.842780567320765,2.193965831786325,0.3104275314842568
4.176069220984845,4.477319356629492,3.136053170102689,0.4744522167731544
3.717771185259396,2.9722323470077,3.360613069854221,0.2616598193976241
3.842458118168563,4.393164912470942,4.648621959696154,0.2889698651814684
3.149021256082092,4.186821273844771,1.1922514677013942,0.879999214748193
2.7072228494334745,2.4222183583947463,2.899198126343514,0.1799904815749141
4.087928094901282,2.501959544297515,2.5521841829494,0.3189052392899715
3.4018376836523103,4.081391811721604,3.1124756394404978,0.3549817708028223
4.99911379556838,4.072226416252456,1.1167056679397396,1.4506958047882932
3.0359600088556573,2.62994822272359,4.979904705542877,0.1275887400052567
3.409071208972975,4.503096285177227,1.231771699324161,0.9917614435429796
1.9500968460566712,4.158978957717766,3.8588305703078265,0.1672543140632661
1.3590772088074998,2.5746201589123667,2.8247221480206224,0.0985761144770292
3.574649762339393,4.281150314634272,3.497454885074828,0.3482025828706264
4.596833024757434,1.6739796245756795,4.095571132664414,0.1495149290185376
2.6053146752137213,1.7652423500312082,2.623268213589373,0.139512127942452
1.6927913705748132,4.8874326164726565,1.8663448496317665,0.3527625412982946
3.739187817518956,3.7094320557421208,1.3873104770279023,0.7956117175277349
4.0881040409634135,2.391996227044372,3.9770199753458906,0.1956657418696142
4.934574291709101,4.727004970633459,4.104734166190272,0.4522107169685355
2.4805920872986,4.436406170066011,2.255780403646993,0.3882218466779368
2.2342742223364254,3.6119492082142006,4.194880684569343,0.1530906379491976
2.555453539935398,3.7236004438871033,1.237357836603532,0.611964015617684
4.173897939273726,4.818371764722858,1.5702551742540425,1.019206145111345
4.032427659068961,4.376968518220881,4.110718793425772,0.3416743487855683
1.790625731099717,3.8888666026572944,3.994811274401592,0.1387144601795212
2.884477157480515,2.7437578230538198,3.256696948520116,0.1933862841563822
3.658227761882845,1.3622525571299129,1.4853407142457715,0.2669884189033524
2.456000876296972,1.4973724732073954,4.127945465030759,0.0708948270441771
1.981449538828702,4.224737474784325,2.567462394424933,0.2594590290592796
1.5841861681362883,4.9243220937345065,2.512703751549827,0.2470594764175889
3.69226304948476,2.580711539763795,2.40871236002478,0.3148018621489712
2.3227993021673,1.6873355691550986,2.3358691920468155,0.1335225954432009
2.643923326119987,3.3277670110658697,3.868512888380641,0.1809871980164722
1.6528670444638274,1.9218917427695132,1.6699713338632844,0.1513728407421637
1.921939319480059,3.869831618175657,4.30128474436364,0.1376016630105355
3.1631164153642835,2.5866868946258967,3.926686204574329,0.1658146803603694
4.915691646202182,2.1089196381492257,1.5959087134718335,0.5169240680566028
3.746079379445922,4.695353224488228,2.990705301992109,0.4680171421344131
4.055878819418412,2.709802325794655,3.124101124266452,0.279954617346934
4.604178017690971,4.0090870988080045,4.187303749954618,0.3507948981335504
3.1368537250842525,1.221345503750633,1.265142166460981,0.2409814485972115
4.738323855618017,4.182563240657745,1.839589884605488,0.8573070201402093
3.198086711811169,4.134207424122719,2.162862472728674,0.4864561832868558
1.4098261714124147,4.803665045500415,4.379134086510428,0.1230665930924018
3.9175680422230985,2.23404408890339,2.461687871166964,0.2829211651893656
1.7566353363754548,1.6717595415784,3.247350943816245,0.0719641724545604
4.892250602823078,3.7348782744656015,4.437664079111416,0.3276580628993746
4.072040925810066,1.8864555117513029,4.677519126610532,0.1306872639860188
2.211763013769529,3.0944756726596823,3.251053545532148,0.1675296486260543
4.104981152691437,2.315738030723188,1.1050466367186895,0.684557801700869
4.973158857114937,4.974031472840675,3.7142609214954776,0.5299789103837502
2.887377511448077,2.29244089401247,4.015260689285866,0.1311831653035316
4.453959025573777,4.095547046605637,2.403749386040729,0.6038917355756069
1.6629733296741098,4.403008863981643,2.6763542604123325,0.2177115054231905
4.663837458292865,3.4866753254277003,3.2550454191033045,0.3975465580186913
1.9479498781312268,2.579848118802893,3.891214797470394,0.1027724827195351
1.870704740708247,1.887211701141242,1.5492387028459291,0.1813416927974024
1.6492034510695808,2.3410790512884727,3.348385819761105,0.0917582148134211
3.204999808191168,3.657883500896508,1.1586589555243876,0.8051789096311595
1.3070314444495374,4.152883755413203,1.0590376642647183,0.4078632174065683
1.0244608702591012,2.6411571579366075,4.784977958977825,0.0449986840449618
3.897693208619436,1.6926848120372884,2.2575866373730973,0.2325570233285244
1.3751311376665898,2.944148812595732,3.841545868319002,0.0838663972164909
1.3162953656735437,3.987758163832637,3.3440232320161405,0.1249116701178891
2.5150587095812766,3.799471690286075,2.4842746320919598,0.3060989724001746
1.3283558816124033,3.9033594360355934,3.691436994421824,0.111775768205931
2.836881114977028,1.0139848270481195,3.6388518346892114,0.0629069104351603
2.5106040891313675,2.7449001485861366,3.568488097534504,0.1536776341544049
3.1700249496170048,3.9943001092731616,4.708902102271917,0.2139803270366246
2.1540355807191087,2.2805444018921066,4.031836820297484,0.0969568716515783
3.217299512586485,3.267532023460005,4.746082850620629,0.176265032930793
3.688472205213537,2.5690722911116737,2.60708911124745,0.2892391658665742
4.893772963297665,2.826332094409904,3.5972369149407264,0.305976520708407
2.085567138141843,3.6688282406180615,3.307371036023657,0.1841021128297706
2.9582107347080604,4.665748433484733,4.167658849043511,0.2635411287998916
1.4181380324942965,3.256434065593657,3.8843295900342834,0.0946095237634493
2.9960960981095512,3.444036134332348,2.923409487159911,0.2808820087272816
1.0951594116633498,4.476996723916298,4.396190668348566,0.0887519149360021
2.815088279090335,3.832165459867198,4.538944394412642,0.1891348434774603
4.5569405680642525,4.256604790798386,2.837286090288644,0.5440310672123347
1.5972989258254755,3.9024763646901377,3.0102245462866297,0.164785018172348
4.297302407099869,2.92507659270857,1.1710363927017502,0.8541868929938776
4.062995368008917,2.692498520260472,1.4586792800322317,0.5968045458151358
1.2557411742863045,1.81802542897508,2.914558269954459,0.0623329213596941
4.432276219170559,4.908549624561287,3.750005290395615,0.4616770213439012
2.7407633264165865,3.62126795789022,2.3410872668548537,0.3373686548014028
3.549072564116752,3.867765141754208,3.8519596447163855,0.2835850822433871
1.5468995284120457,3.3160828816442214,2.7114074676438507,0.1505507182887137
4.439090627610673,1.272128256333032,4.107498629003015,0.1094051131501099
4.591565931952522,3.575892990433182,2.5451590243611357,0.5133582574175856
3.722398489510848,2.3952237323657184,4.665246331538453,0.1520843427733434
2.2516775891547782,2.0261199997912054,4.083553045310591,0.0889044098303454
1.037526446517716,3.925405961999245,1.2178441307574022,0.2661228599048089
2.0723748980910197,2.360580017918455,4.840553225257011,0.0804233548832479
3.2688466155189784,4.995072994821977,1.7457987489870344,0.7442731291765426
4.338210895768837,1.4660879608323405,1.204057811880591,0.4203523546137406
2.3249091121220027,1.710876767570031,4.555294517529193,0.069486171442185
3.820434744861033,2.89221891318026,4.700024579610758,0.1870828402698733
3.7834423787876257,2.055031849848448,2.005904313888496,0.308450589719887
2.755188991919117,2.797558362349568,2.991154134206968,0.2050604439457911
1.0421762750650974,3.2319450408471377,4.467556824813131,0.0599964011277997
4.972659693861235,3.4433620332229,4.592392305366818,0.2967034396556839
3.829935002801657,4.744987806243091,3.2364255845063488,0.4468389418399914
2.3704035175217744,3.619514356706148,3.363290773260086,0.2030010604610711
1.3329031149640893,1.5893078306053412,2.047647134002695,0.0823268737928849
4.073457742588907,3.39863314486723,2.3992424137634085,0.4591805771566316
4.159273227204684,1.383242025943031,3.2620630082342674,0.140350323005921
2.529499819619912,1.5926014835547102,4.471057609066765,0.0717004099815338
4.45660482330265,2.001139660280056,1.4423648278261822,0.4920356130126311
1.521037066101687,3.80798126307276,3.0631990052450786,0.1504698624480856
1.7864311840632134,2.618631335576889,4.330031427788457,0.0859725363011732
1.5691534256471602,3.150914510130336,4.646336248496739,0.0846801326284824
4.022404936694874,4.708129464111623,2.9534065085885834,0.5102712431648874
4.088192023585101,4.642353306665649,4.563884337047127,0.3309214986049108
3.5389726221179654,2.292399908498387,1.4200294026843774,0.4546324014709376
1.1998019623333422,3.96878641118194,2.7261552258493067,0.1389974555427608
2.317599161773681,4.801498863290897,4.149926579362163,0.2133854869309436
2.013955297160478,1.9474272514507376,2.117889252058428,0.1473662251847082
3.77037221271199,1.167038339448108,1.654871080361441,0.2115900880010127
1.3794607585885088,1.4093228549334191,1.772641442357639,0.0872748443905887
2.8570378875322016,1.8256657615966887,1.4588879538595028,0.2845151967550786
4.699944966272556,2.706309330987112,2.1140883102948824,0.4787813431018513
2.034265999692468,1.091741505141822,1.5743628351226375,0.1122568544423825
2.86623796062636,2.7070502069375006,1.4412485215438795,0.4284102127408242
2.897704624849256,1.12169426428799,2.092731235617959,0.123596249539012
1.9693343805760368,1.9525818826733672,1.4782253619435792,0.2070037461517797
2.108013566909435,2.077241031092136,1.427126288954064,0.244167594022557
2.1202705509316555,2.625942014584496,2.634494177033043,0.1681780475238371
3.699825662003097,3.782929925848707,4.647631880953588,0.2396447784793776
3.9641370295478766,3.15642952005092,3.445465082771085,0.2889928099800476
3.0975340052795355,3.5598285009353456,4.477809247282079,0.1959610264980167
2.8965376388778763,3.9047008540666326,4.649567416156434,0.1935728884592015
3.968335807870296,3.945663826761644,2.889383125700386,0.4312345015992007
1.9960402630788208,2.629044025086739,4.797518352986247,0.0870443621713092
1.955454365439476,3.562359809576048,3.7672202019919694,0.1471480791672051
4.44940116310584,1.9730951149740903,2.939115587257936,0.2376966468905519
1.1172052999129178,4.195138348073012,1.6562759995350975,0.2251835711202211
1.049141331993845,4.081276530806468,2.0102046051521296,0.1695039765038798
2.0319200328124256,1.0545715599037493,3.847473732351332,0.0443197334233147
4.101230715628069,1.3561637531845705,2.1118421629939608,0.2095824985686627
4.661007964767432,3.4377416218390424,2.3474068507444783,0.5431938517503154
1.0345186551305243,4.315611482116191,1.392321296449432,0.2551710122486472
3.751213508245869,4.244748344439005,1.3400360424801807,0.9455780617749971
3.2318498809096203,2.4989398396992506,1.4384176635991133,0.4467989141791237
2.011636284629138,4.896803274589386,4.825695367544042,0.1624397643461449
2.0569190167154296,3.1247159939740343,2.186182900564705,0.2339544911353936
2.2012639289394462,1.1300017411570455,2.5054072649900863,0.0790065382717222
1.649082735704177,2.4381292098851706,1.4334896178699204,0.2232002859729185
1.6417643069085828,4.912723231617701,2.3382866529122404,0.2744893462258078
1.7340691912522788,1.550113922056827,2.962530984199488,0.0722033377013977
2.874789843281204,4.0724373768604885,1.1254175430176172,0.8278220151706243
3.536565165738505,4.052634627574671,1.6167842318307466,0.7054352982120825
2.8432233348904634,2.991997065740432,1.2462550654893336,0.5431944669686369
3.8654135634015354,2.585234656573747,2.2403641109176227,0.3549502321090376
3.901162110399937,1.9805110687431464,2.507434193105084,0.2452064351547297
1.0954362775501858,4.5192927666162825,1.2636090312270878,0.3117704936394893
3.444720804885669,3.0183746999263223,2.602677604401055,0.3179046942867856
4.256407899854922,4.780111086414426,1.241663016312346,1.3039700616733805
3.5924910663538347,2.6225027134054457,4.907483455612588,0.1527717082666151
4.721215111233942,4.185001799722814,2.22418828359668,0.7069163475410829
4.51379701023695,1.2910178166748607,3.782466488644651,0.1225996717200939
4.702662084532802,4.700560352043749,2.407523313888985,0.7306561443357109
3.1736983370715186,1.0624137374583618,3.7106308459222737,0.0723105570988186
3.644666279403277,3.029322304714256,4.823454440410582,0.1821525294539893
3.858364632989054,3.442812001011655,1.833717273850889,0.5764668473997319
1.9586218946674177,1.3782563674630386,2.617310168538305,0.0820758815613193
4.975574246452206,1.6935998176357692,2.96802651201787,0.2259312834843473
4.723493317445108,3.140594152392592,2.4570116148333145,0.4804608989045298
4.419008509654201,4.4964874370398125,3.03218785306428,0.5214735132526301
2.502135923041071,2.6664586162739505,4.965316909239638,0.10692737602682
3.4936706524270504,2.778357582038776,3.5459821294874345,0.2178330112147821
1.6999837183052895,1.9435168541535632,4.155310062543517,0.0632731962443274
1.3912687769495982,2.2485400269243225,4.261002694201671,0.0584238252857731
4.851316030333226,3.024489047764757,4.831792640603606,0.2416536899706514
1.898463989992078,1.1587210830455024,4.536281223792641,0.0385897032037038
3.228777080722671,2.9774351636452887,2.5854446114815004,0.2958933961984755
4.4575378599020805,1.2585918839999883,3.015929862794036,0.1480297023351135
2.5033157928523786,3.956627150138986,3.3350871084999176,0.2363326475992673
3.7971376293712376,1.4455925937037954,2.8596196172361394,0.152751020885288
4.469221294838476,4.511242429355213,2.9442456737439087,0.5449342640397957
4.157638162872591,2.475492212542576,4.360434312586987,0.1878315931703822
2.3186829158001103,2.8113559411183284,4.883340386480709,0.1062258794334651
3.80311518850292,4.358740319251068,1.9190822507290768,0.687380207012654
2.2997365261530183,1.449882681030377,4.9562793915836565,0.0535359238006945
1.3951162113996816,2.1073866436142725,2.1046586160442784,0.1111637228759859
3.459993820945896,3.310602528094988,2.363915319360593,0.3856031619260336
2.604867070487177,2.3264290141262776,3.6588480508331847,0.1318017368118595
1.7167961176472335,2.037945987270801,1.8927616905606937,0.1470976012700327
2.660259257748225,2.9817884185686463,2.4427481921325493,0.2584117292191732
2.617515747287326,1.254424284333019,2.978346454671479,0.0877301105389646
1.8059017028273123,3.457618652582391,2.733588786579082,0.1817724879877268
2.0820780513006403,2.7877755084372184,3.4669740357066114,0.1332276449757388
1.943747489992654,1.8573930869969115,1.7846472786325087,0.1609835174116762
2.2290944963041186,1.105066262799296,1.6536980885951786,0.1185361210626029
1.9575722088845304,3.775997339530798,1.3981041059127115,0.4207267207086296
4.20646502923739,2.644206169607181,3.4387254994883496,0.2573980330262369
4.158165108130694,4.143859836878317,3.540783168847885,0.38725549679395
1.0419524212798068,1.0126191610707895,3.025140228034535,0.0277548352866701
4.382343715103311,3.306312387736904,1.5552679665332398,0.7413703793622702
4.393637350076524,1.7084860775537227,3.887607968961593,0.1536538065929914
1.602764932426738,1.3210223840553057,2.358633333465572,0.0714347801349031
2.2496569278086738,2.779781803738458,2.9571075776224265,0.1682867847215403
1.0165006318067569,3.5653729930522373,2.669106287727749,0.1080530153707766
1.3210672889696422,3.005320045448314,4.465356064674872,0.0707537899938809
1.7485802064300904,3.108778337868571,2.531479181958129,0.1708799431127665
2.775917323217409,1.6830828336678074,4.7469426479954855,0.0783227935200126
2.9013099057616487,3.4853614061045546,2.3848565405260334,0.3374192184837563
4.03056760621147,4.685550450801513,3.0151113078797502,0.4984408351938498
1.9587483176410372,4.420482268608369,4.740115089097458,0.1453615478870391
2.952340976030066,1.7285844574233145,4.5879380449107865,0.0885176161091158
1.2131616908646348,1.812898429767591,4.162614919971254,0.042045164888649
1.3088080904552055,1.5338732694997197,1.0486168400823117,0.1523487019107801
2.1056576357497496,2.365609658182199,2.5761964923998786,0.1538657632772156
1.1838577878439782,1.1023303066695331,2.7971982663415798,0.0371260007213927
2.5925511779293107,4.99152048117123,2.233552352354028,0.4610565490657428
4.498266188785074,3.34830266462678,3.1103547583222126,0.3853453030809719
4.331229531942291,1.5075875984054088,4.157985415182726,0.1249686073843827
3.1739817217542097,1.450084715667062,3.1349560768602376,0.1168305636521118
4.367994208767408,1.663039079753283,3.9384695737603104,0.1467733307908316
4.570557805965005,2.560278561587726,2.35471904075348,0.3954644655618997
1.10388724418551,2.265555601008166,3.765713761765353,0.052849668859629
4.913966583022743,4.730298449193595,2.2241931978100533,0.8316457435851015
4.823732907962956,2.036830818234448,3.928554122007178,0.1990194884194697
3.7601393946591215,2.475296107523515,2.388425558094608,0.310105543823817
1.4349864102937708,2.37606506157879,4.719068422963193,0.0574963106332237
3.33462563776586,2.4024639311575973,1.057810047217127,0.6026794862045565
4.951645934833298,4.221078532372635,2.2088313054269366,0.7530097550396002
4.3868299032185405,2.1387032327772992,4.538968241965192,0.1644880351899978
4.846712614231924,4.44016390590261,4.885323112148292,0.3505444650191511
3.435093833075024,1.3811062894083008,4.249042623741598,0.0888514983719268
2.1911066427923123,3.6899573576795817,3.8184100195486033,0.1684971028090593
1.9271403051784333,2.7584438981562363,2.272012457642419,0.186190242605895
4.564277328692881,2.8910711750374265,3.1198813056516217,0.3365757889026231
3.1770128339999677,2.838630933697442,1.7506391395139491,0.4099410436804818
2.289744577276708,2.7340060839331737,1.0372418931590994,0.4802823231102778
3.2719510259600293,3.5145052366163965,4.675335350044733,0.1957259267736335
3.2608539905224383,2.7502096257780035,4.797717296239536,0.148748513066388
2.489578652772714,4.572191621527358,4.0240774481256585,0.2250992667074011
2.9526922370990385,4.808063962348426,1.913782883359458,0.5903178135233325
2.993176827318176,2.769168996281997,3.3435532119851548,0.1972712205297553
2.342019190374715,1.4951053492211837,1.808490342713979,0.1540764227244942
2.948135856979992,1.1810316057615085,1.1634693260890576,0.2381465042881801
1.899450237848172,1.4256911878382152,1.8146465682008184,0.1187548812752669
4.6001220887544925,2.8672373269352174,4.982676929960277,0.2106494875581533
4.308242026651293,2.65212999185871,2.364985102958238,0.384464837631585
3.2345803670344844,4.500342021924143,2.2669252832487,0.5109947014809988
1.65570190757917,2.3030844748818358,2.6897530064069715,0.112815754242826
1.4486353234011964,3.4112072157947133,4.322147702527302,0.0909824661059406
3.086528505183036,2.3227932745997206,4.425539695511533,0.1289153842735476
4.401977351833418,3.7013571486308616,4.642168537087136,0.2793045616522703
2.65842405137818,1.2265678839487486,4.803269757835098,0.0540217942667113
4.339904884317651,1.9293523429151875,2.6285038359847803,0.2534972655407241
1.199319203429007,4.9441114146853735,1.1029754300375112,0.4278064561833528
1.8504512632168728,4.542995054948079,3.611415236248915,0.1852390842431087
3.626281766034754,2.976995511616213,2.7045851805699823,0.3176356194793451
2.02411654936688,1.2113485499928434,4.347755989122847,0.0448775989821685
1.5018778112408957,1.6819533827710504,1.9203197607780056,0.1046803438999251
2.9372307254328063,4.7087443005182825,3.18620217455628,0.3454299393963911
2.536538690401101,3.0420950566995293,2.613533123210998,0.2349505136703339
2.155341877505353,1.4112665161105968,2.834707438800647,0.0853900164672722
3.989544170124192,3.73962343622259,1.806514869416087,0.6572033158247697
1.611849288598498,1.1410291865723186,1.4250874576615151,0.1026998486308514
4.559230071924029,2.324029856432838,4.682881484359706,0.180057070877384
4.671108454943552,3.7622064542877856,3.195304549416178,0.4376636252146822
2.953330768174612,1.3930018165327311,4.693812663660889,0.0697474214353717
1.2860470438201812,3.642293311769153,3.158335337364313,0.1180221897852797
4.308559988595043,1.7556477256973544,1.9697258473902388,0.3056003690513608
3.0083130192467267,4.321385322397201,1.9226864033741344,0.5380562699767613
4.979602056040411,2.7387119595239904,1.7483254663320094,0.6207387370257983
2.886039102164829,1.1690840323967473,2.1502436951500195,0.1248677806638369
2.155167215805424,2.97939341400516,3.4496479268904072,0.1481235760518165
3.266540077954472,4.769466682157855,3.209053645315956,0.3863411507877726
1.9934790157734812,4.495996943567161,4.911265556031726,0.1452226623407294
1.4802893332985398,3.7344285583037022,4.689494982861853,0.0938069089511838
4.306689037200657,3.131912118009934,2.467314542915674,0.4350294912836331
4.742890453916758,4.9497428768826985,2.2894308783721304,0.815996569971049
3.517523838137715,2.159907645530626,3.8924183191047175,0.1553255353764992
1.716047923611589,3.371934264436581,2.52446690019063,0.1824017357593047
1.2153105489584517,2.874000501712784,4.3871391825673545,0.0633552823202365
4.550861747439223,2.021249775465113,1.742138553574298,0.4201661593619491
3.1739206384148475,1.1586847754802565,1.5972465736948358,0.1832228080183534
3.616990472753896,1.320650796460613,1.75826182713922,0.2161931607595256
2.306214429980688,3.0705412745418115,2.6912488921323505,0.2093875699436229
3.763646648470005,3.199582339223121,2.691615355256765,0.3560239976913281
1.360985705030889,2.590262693992352,1.9748428719542008,0.1420544894445989
1.9996243959332023,3.0054221623264623,2.5896633166320218,0.184671868041118
3.6657425006919535,2.5884206714058355,3.159178962245194,0.2390081561940169
1.2272606390374938,1.6424636549096077,2.401690419134322,0.0667891142832851
3.062165775769566,2.083894748077088,1.269607004923173,0.3999680535124345
2.578976518553095,4.133172017665659,3.1818345276252478,0.2665897295732315
4.752377072075889,4.780399381123798,1.1549635333574475,1.565297664793362
3.669745710117953,4.660048137467071,3.0276816324033184,0.4494757897506062
4.774478688941498,2.9296318567419743,3.1280963214681248,0.3558352982200198
3.846240510312922,4.556921837737333,1.093661446436622,1.2753084887098731
2.861775126721998,4.895180156900388,1.0085035945263434,1.1053934068890137
3.627531352073924,3.716758644993092,1.4601176643287177,0.73481466622738
1.257387231275927,4.724098792111562,3.884590039932171,0.1216838552017664
1.915347863411772,1.1109339630572324,1.653190409830246,0.1024243376874278
3.590464023632145,2.475906049167693,1.570939760702723,0.4503138914583572
1.9531611033798064,4.204293614972657,4.796401486222706,0.1362403379249558
3.928522667709205,2.412379774919789,2.280064650471685,0.3307637573120346
4.473069963736656,3.9737232367290902,2.3517758227914154,0.6014472197409122
1.0728485032891206,4.816151386974283,4.652123220454363,0.088384774053137
3.5069229856343718,1.1582404382072342,2.3250309259847075,0.1390229033970083
4.508780680682822,4.523508647850397,4.910882083117966,0.3304952067515105
2.9169492279348144,1.335830958214212,4.085347368777015,0.0758999553482449
3.488217659751525,3.78351208801273,1.798963382639077,0.5838032586320171
2.0031209544838102,4.626371064131924,2.5377678925539144,0.2905934858424804
1.621740904973986,3.99640039097233,1.2011331424390006,0.4293875512789165
4.635241819206732,3.271446785325197,2.819175501483868,0.4280359829301898
3.961841571813476,3.81992832152321,2.931022380290865,0.4108878694672833
2.82444794933619,1.63547424451211,1.8154016002516664,0.2024858628149252
3.64043425981696,2.7414160261523923,4.925005261065016,0.1612544013673606
1.7950660255595818,3.0618915166420244,2.457770760486897,0.1779586037115951
3.2537474222304605,3.640307279459048,3.136354846425216,0.3005293031811674
1.3377105624833292,4.454280642425459,3.2048479539838306,0.1479525443759791
1.6208342110960934,1.630992612024632,1.2561310500430154,0.1674733754238772
4.039017143195485,2.8230812112815657,2.6064029410508134,0.3481349675320131
1.4007720921015077,4.414738829081124,1.8987425232883963,0.2591770582446239
1.4675312072110611,2.3705752472063173,3.82278581016524,0.0724187895285491
3.0381718925074264,2.7984840636102906,1.766325096277782,0.3830493027279339
3.3433903884019665,1.325308802269662,3.154327266882263,0.1117860364632591
3.77046006456106,1.712961761421905,4.6412910521821935,0.1107371509894668
4.098622355953747,4.155158642417449,1.0109398476684883,1.340572588823722
4.954745127248149,2.5765843219495426,2.4155913488702803,0.4205642468197414
3.764518392996256,1.2235914594270474,3.874478470554565,0.0946068852434131
3.354156110376992,1.3033892187569118,3.868429839675048,0.0899317009217415
4.451042255320021,3.367680445501767,3.887142108980665,0.30686849981349
3.6805661360445914,2.413040817917964,2.4556196408958986,0.2878116252289116
3.089075619124824,2.798698503435125,4.9071862676415225,0.1401981387358709
1.561089109497109,3.788687256065727,4.781363232985802,0.0984362021506072
1.2387903975955994,3.059795518857132,1.1313414315720944,0.2666162885719331
3.262288608360504,1.1322721596790817,4.528562320279769,0.064908712668455
3.878020869007334,1.2178786113716915,2.8243037723040474,0.1330738969813525
2.889709046078832,1.335499339345216,3.0403626653705063,0.1010095741315462
3.4926210267057867,2.56618158788886,2.938308675850068,0.2427345336314075
1.708848582031537,2.723155985461937,2.5037218488372743,0.1479040812536607
1.5343128281227931,2.668831716205101,1.5755629554509172,0.206818546230339
2.788232767391618,2.742010769029439,1.5229606068051456,0.3994842383405459
1.1941106274328217,4.930999978639264,1.1544320573487117,0.4058834301809325
1.8651511255798117,4.624527464925694,2.857813080584773,0.240180478650475
3.76283831138662,4.140660823986508,1.0680160981306432,1.160907325521044
3.1735342849144823,2.482884709259302,2.13097550578654,0.2942465819172941
2.479520987973642,4.9432453295122105,2.4819844788150403,0.3929805246552099
4.200545866602122,4.763537545572279,1.5422402331258742,1.0324604664451702
3.846259271832317,2.942987657776698,1.1745683262943056,0.7669001938558146
2.7561238299040696,1.7285233976542802,2.020782566657509,0.1876050558246944
3.815486706392392,1.9707330584109943,3.703483991430896,0.1615687670399864
2.5552320042226118,2.5940065299557373,4.617076804426247,0.1142416429720086
4.3711659522584245,4.440174161900451,4.901450025648124,0.3151104871606151
2.958133745072845,3.1301674749812936,3.680716903535199,0.2001903323048401
1.3018479940866574,3.789576540132837,2.9123489104211737,0.1348024214627902
4.24271117934514,3.726247963384429,4.85688742371612,0.2590283617440927
4.512102744293854,4.990935098421743,1.6205638863002632,1.1058211247696563
3.988656142970535,4.99441301504636,2.441010790687906,0.6494287164069761
1.8440088211529304,3.453511606027565,2.3630364616730053,0.2144586793410919
1.5289844304575215,2.562563859161501,2.1190208295804327,0.1471406499527792
3.460751610589916,3.671799984159642,3.222633330017368,0.3137824768702736
4.145393516050296,1.4278471087958842,1.0147121202294174,0.4641889078051138
1.6114150350593692,2.97083064227276,2.588929796474792,0.1471482726169633
3.4537685655081214,2.430277558487366,3.9744961286466727,0.1680572167249796
2.4618643427633624,3.889996893214621,1.601404863528082,0.4758853829464839
2.991069990037502,4.272186549593471,4.566064201857021,0.2227024045393844
4.303609402503844,1.1864710367122382,2.58854027231974,0.1569730868070075
3.3541567238035843,2.2595781808885342,4.194206524185852,0.1437974048167968
3.5492278711833056,3.525399176556129,3.1626590993789807,0.3148327738849594
2.417627487334953,4.593659144038927,1.1907330866297985,0.7422049835318161
2.865723755810657,2.463202209282732,1.454109727113177,0.3863023460159323
2.047901058768449,2.9214736719758854,1.422951085786234,0.334588578613225
2.781824810121573,2.4151164845379887,2.8732941824479115,0.1860706611603272
3.503125200627266,2.9099248912323024,3.5184749259662302,0.2305542403444361
2.5806418900465875,3.8809278567786554,1.559913321974466,0.5109200914186893
1.8254694331891452,4.943446796929919,3.218826917348445,0.2230986494618538
1.4544338200470186,3.682536688031378,4.607669873400587,0.0925017240878078
2.1496058449443063,3.943210801176995,4.26181339805288,0.1582721619298712
4.5959981154771015,3.358542797473725,4.47788370791745,0.2743140512414576
1.1494746333269965,2.7139001456393936,2.604984946694921,0.0952967684894304
4.356664376258616,2.2806934670034784,1.8917833158551347,0.4179648577426245
2.919030693775007,2.102315294975919,1.829610509599,0.2669119396347973
2.243130335490585,1.4827654339160117,4.034183647922898,0.0656087001028988
3.0321590533117404,1.5166375881430811,2.572483110190088,0.142256263676275
1.9987934252299968,1.7598732690679977,1.68692049640178,0.165937608971241
1.6952173172470206,2.2652165121253063,3.9171273684547407,0.0780113047677644
1.242162080894777,3.525765660656848,1.6242313599788925,0.2145724478733863
3.1585857950511644,1.0856384216450548,1.2847096607278772,0.2124041652038695
4.522912724434086,2.115073075379704,2.201769140725357,0.3457498017674836
4.098658667051681,3.160473702602402,3.720636242936778,0.2770555515968871
4.01689245793175,3.6340486538400936,4.969991955207799,0.2337305023423377
1.740057175810394,3.333087869974421,2.6796112317142904,0.1722378629806403
3.687886981786476,3.8950553456036814,4.346536891063935,0.2629892534591357
3.387331983206288,4.165588411375371,2.711441347430707,0.4141179359873091
4.650377092001204,3.750871824051655,3.909447317887401,0.3550546174705308
3.815772217161692,3.180123923501009,1.4901247450460988,0.6480283335591058
1.5432388422387784,4.028068421571639,2.7521189505636072,0.1797433864690873
4.077301537334437,1.6545795336392612,1.9831924325365216,0.270698443335054
2.952552117608525,4.161910254880047,2.598946485360309,0.3762556952247281
2.274538138837086,2.9002209005910307,4.071312140634637,0.1289377350550488
4.408827062643882,3.8778146495057166,2.966748260418665,0.4585846887816379
4.549833327673454,4.820916656956964,3.423021854891858,0.5099241435664783
4.279741168583655,4.948443175116863,1.4080268929511086,1.196920424844686
2.809104721696916,1.62315884855755,1.6120460813613864,0.2250824517384123
4.341707133392012,2.0453228640348016,2.0869538102162117,0.3386099356323525
3.960514466927582,2.4579860383308825,1.490152064575348,0.5198649801252182
4.59034023582665,1.947940661456052,2.993110298419342,0.2377322028288198
1.6622663660607309,3.60653740373902,2.0765962737935757,0.2297360363018544
2.4748185620918384,3.5777608187659418,1.5001743784539905,0.4696810740640668
3.560624301051429,2.5136402193694813,1.9076978177865491,0.3733445545501291
1.3728039880664058,2.6444824958470647,4.230030648672438,0.0682960915819093
3.5396957265118503,3.411322124378194,1.1690902940374408,0.8219222617442642
4.931239179242121,4.247530165996855,2.849126913182106,0.5850202247180849
1.7243596606583194,1.8583103122786933,2.7084903324780805,0.0941475315202738
2.7368365706155995,2.3854573203438245,2.1354676368983427,0.2432863019921673
1.667835266718641,2.5884068471418265,4.8645344376728135,0.0706211111673715
1.670362020078071,4.2124084176449,4.3895827826617175,0.1275580791735775
2.557642380302171,2.1421650516003785,3.9467410152237834,0.1104699751582902
4.120838786222809,1.6704961238037035,4.857910567860947,0.112764323139694
4.159985707372051,2.5907333851870966,4.607626580515948,0.1861347332119849
2.4165840035410517,3.2898699896364216,4.540192550635538,0.1393466383956418
4.6244638925922725,4.556736498685285,3.841242574781239,0.4365497165217657
3.114935832273172,1.5771299246369883,3.808157035380904,0.1026577789499385
4.8776869313695705,2.559806500315832,3.2645315539632964,0.3043619269588294
2.072574959350988,4.065540558882301,1.5568042859778355,0.4307097095302547
2.402822441880461,3.776422350176406,4.508065255085516,0.1601777470402645
4.160097937059357,1.7868736934347775,4.4559588039461095,0.1327536219784809
2.794482885754232,3.683377310804678,1.4433369684563266,0.5675054849202461
1.979244629594012,1.058397810227902,3.718689808261948,0.0448279202169149
2.8129372928464065,3.371138129010181,2.7412056888655325,0.2752866241182803
1.9677352897030271,4.50053499648959,1.2639950868018055,0.5575394055607141
4.336220534917754,2.744195121067059,3.935207193782335,0.2406295074844461
1.9121536317144168,3.6843903828582834,2.707974368796249,0.2070303466333142
3.120832475755252,1.8359810540116128,4.7498739899927,0.0959945770782305
4.144768883407426,4.699986133349209,3.95232559282666,0.3922241376639669
3.643553945871621,2.160522233752348,2.180037114695203,0.2873493324144459
4.682159751589127,2.6068283852567475,4.21490949004713,0.2304414246832404
2.64810291932256,4.522888683753336,1.026111965691519,0.9288511928292106
2.884103530281227,2.7892335749609147,3.5816307108293843,0.1787331301268213
4.7473986883653545,4.411234672183907,4.578200704915994,0.3640082073456998
2.27287850548659,3.317542357734327,3.0869271021251183,0.1943821853389999
3.758231540722015,4.846209880543245,4.980317877289694,0.2910173116454394
4.688642387238167,1.7254615334793657,1.3699977499742362,0.4699186411329165
3.1375078870725357,1.0937569810253676,2.8776521153872947,0.0948980984159495
3.4838521955305404,3.520894109715072,1.88001251128874,0.5192088446287242
1.7163216624374695,4.84043949968065,2.4459696914013063,0.270285373767138
1.656485678149997,2.431389775630748,2.222231142371458,0.144225873495277
1.2847085266507463,2.2078135446626552,1.45668862206246,0.1549495815898643
3.9244809505985048,1.7717625272449151,1.4108643297042378,0.3921864817711666
2.000624748163901,3.5927181717013297,1.9120081141557936,0.2991501275911906
1.1481445765303817,3.764280613246653,2.7818149371218315,0.1236347260643423
4.412791664113827,1.6183433188342522,1.2111628628016442,0.469214768949147
2.9416053802009423,2.874555842206517,1.867058130200962,0.3604022197969609
4.144651117141279,4.1587510293701255,4.700894667119682,0.2917833567756261
2.1009453803466784,3.826656544981338,1.6844351085549656,0.3798132381264464
2.2078969502857504,4.614485179092431,4.593412146518052,0.1765049040971444
4.221270208571735,2.2431231143475445,2.492006930624923,0.3023689233346673
1.7282068722130617,3.355101798155369,3.6108120665140793,0.1277870017353989
2.7472077814251064,2.831153581801452,1.2976440058233845,0.4769682912410347
2.404291564514791,2.028983204376126,3.001458366943834,0.1293371828180677
1.8894756729262097,3.88407757633208,4.250888163320598,0.1373851071838709
4.909135383682286,2.1996589697363897,1.574731290473176,0.5456875457826769
2.057045837437081,3.687518114011266,3.549416756289729,0.1700635624633951
1.4692004235909333,3.7912684046591374,1.4640535429034722,0.3027601784697293
3.4633209277505084,1.6143971040054743,2.315150293591253,0.1921825950851237
2.9910700438223565,4.178336630103789,2.626203393711461,0.3786969325189171
3.7942905834248615,4.312941332835216,3.347657700830048,0.3890032500672515
4.804694399319647,3.1216954507639314,2.7237729247824256,0.4382031939458446
2.707395210199851,2.9289918019278494,4.381821851635138,0.1440141719094348
3.2364667662155755,4.694911723468054,1.1121655966503474,1.0872245789792714
1.8926885799651227,1.5268661483780734,3.3113271741882246,0.0694493477240116
3.538024066939567,3.948002004063989,3.675509832520112,0.3024201290312741
4.670625067993032,2.0204823471487643,2.486840776785283,0.3019758569569339
3.533018178019241,2.646646281716181,1.7852554730915204,0.4168036730301244
1.969787673923636,4.551362658399047,2.874413836318077,0.2481999551987473
2.64121369508989,1.9005994982737435,2.269899429877684,0.1759858179274198
3.389093262172365,2.8854572609150755,2.865365624118801,0.2715865483993582
3.20080151872845,2.265578013269045,3.115868803050186,0.185203307679812
1.9076299146730415,2.23996314655984,2.370769782946458,0.1434285969495148
2.366720841171849,1.9583033044564335,1.336873657191861,0.275884157580701
4.98590697637643,3.7969886736880496,2.019393007443902,0.7460239344227211
4.039714174083411,2.3110601114152938,3.3501673214238767,0.221761176919014
2.726319575083916,1.9144807751631256,3.3980901209672227,0.1222314643710738
4.434940335550729,1.3820802307287026,1.7367997165461393,0.2808415962434768
3.35013842390799,3.1145432298386027,1.735388695320199,0.4784653445919265
1.5738350956038225,2.673570808649192,3.615721433232293,0.092607484723615
3.2876416540814795,1.708783415453753,3.090938256435165,0.1446343009087298
3.3209861166016017,2.222266483903349,4.719143621732647,0.1244486350164094
3.2275090660132517,4.547011480706145,1.873079148928677,0.623487180315454
3.2035172165321373,3.152669186421489,2.5845964191522506,0.3109588074662247
1.326862797948127,1.1320543063368746,3.265258976939998,0.0366071385259866
2.6367953887983115,3.340185702121966,2.189969752911447,0.3200361686893637
2.105862241772701,4.4079573641405645,3.985749556248679,0.185330745391961
4.571815673976577,1.372765828841192,4.846844001702735,0.103042471394778
4.997207626316446,2.688760702191938,3.5717534277959704,0.2993561687169543
2.7446040624813475,3.4880830351293057,4.219727669491802,0.1805394974142126
3.5804403597916163,3.52768781159988,1.401027489121744,0.7174143642927995
1.3760137582729688,1.5060603097587038,1.4533015836823138,0.1134748268836602
1.222715575053824,3.4054428585593324,1.7193432289538917,0.1927199148489138
3.135725627106982,1.3766871517939978,2.470619993384608,0.1390456795694025
1.771968529631939,2.6715044461951383,2.099571113168553,0.1794202480985066
1.5588802191785671,1.989306651766496,2.812798063801235,0.0877336226955972
2.481887479061314,1.2953466294170566,4.656477476713329,0.0549415258775755
3.9504601193278974,4.693341361150765,2.3329550147677027,0.6324316502186068
3.3704972295846827,2.061222500228967,1.377671263378588,0.4012946644059688
4.343894288211839,1.9061947107706425,1.6034613835863412,0.4109397371086971
4.509683028387485,4.936443555495834,4.603521215542234,0.3848222551278358
1.1432445506333613,3.5041181144768885,2.620208917482584,0.1216668018347749
4.066611133722322,2.80628446313533,4.32356436269837,0.2100450951790801
3.1749970083918644,2.136124108877742,2.737616132265841,0.1971457352231055
2.051585328231233,3.788431839090977,2.607378423522747,0.2372111675431809
2.193704065522175,1.6151721910709558,3.542336500048995,0.0795970900002598
1.0672156428339958,1.4159977059514288,2.095027230816625,0.0574004366132513
4.150976249914431,2.942954625451804,2.415753804257112,0.4024123294934005
4.573498545361545,1.687606810815875,2.269221084795412,0.2706656482791305
4.375193781740128,1.1292127636855387,1.2917966644131416,0.3043470164757521
2.725556170312888,4.638832542596066,1.5972000446584786,0.6299334265841668
4.127635350810666,1.4958614620405184,4.517934218434515,0.1087534215881512
2.713887490076252,3.833200338020124,3.1986389310956684,0.2588083440866792
1.1985392970494058,3.974965284551791,1.5379742106898613,0.2465055495595931
3.1361804012925374,1.6636465333403558,1.0057549633840526,0.4128193515785681
3.572931014449805,4.287361997140431,1.510823571321959,0.806846963929375
3.963847476069797,3.8799035993592175,1.711114117830348,0.7152354498724621
4.707039970916616,2.194213730010555,1.6274384397862454,0.5050244225656295
2.559237248994612,3.3956847708325464,1.5869461487728138,0.4357785618752477
3.028040590784708,3.029940841003407,3.851585261480872,0.1895598958699581
2.029456699853327,1.9672471929491917,4.1641034866491164,0.0762969796335542
3.528544589912769,2.6444712360957485,3.471279508548766,0.2139119313577884
4.413222840169224,2.4225526237906925,2.511088293330107,0.3388107875118744
1.13609898507855,4.392565864036797,2.525596308884378,0.1572391385723807
2.881082949977557,3.979205581909936,2.8979019524177683,0.3148172986067313
4.238743305907231,2.036848157791189,3.5763793974225675,0.1921066165497709
2.477210327828824,1.114280693654714,3.51589427895219,0.0624757986006164
2.077741602108899,1.9165251632682316,1.570253097143603,0.2018024984069814
3.8679458241659432,3.4758161936656644,2.3320347717124967,0.458767135654596
4.885000169822916,4.658095540585389,1.80660186597018,1.002306753491387
1.7505020589481894,2.21279665307367,2.158743827524453,0.1427884762093837
4.192840391871812,2.0522121087851577,3.3843274929508147,0.2023244321959998
4.081170921691491,3.623901623198012,4.0833939172875136,0.2882239340141865
1.0327803252475465,2.0056500749870403,3.788859847163189,0.0435055551982875
2.720084825459105,3.535361366335003,4.079377365362139,0.1875912224476419
1.9227705009197555,4.352351187679677,2.611040822368188,0.255051484515397
4.637268105321008,1.553962612997239,3.978331355933863,0.1441424682704184
3.15535220139105,2.7643522677478667,3.5197105045527928,0.197207950375475
2.212649460470051,1.1034716212325857,2.4242082842919284,0.0801482399480313
2.715714102540381,1.3053847062064077,4.848469906302889,0.0581845928152289
3.9664689954229377,1.4310990784296953,3.725026515373315,0.1212647381861818
2.4748612377293684,3.9645020277199223,2.9565545278293923,0.2640850041182657
2.4516960580169878,3.753190542666984,4.433536769142344,0.1651608325678253
3.770372965323373,1.4620901165746378,4.852455829043059,0.0904038652566162
2.205219187224133,2.358257186321397,1.549821076515472,0.2670247409123706
3.850485587044868,4.420689154549166,1.6974577721257078,0.7979885081143211
2.5630767570284805,1.1303910981475966,2.035368585919339,0.1132758708746445
3.576485897276951,2.2536281561955303,4.9815771658347,0.1287543915283427
4.074254111560409,4.031851313814381,3.347457106439004,0.3905060220361667
4.120180313800594,1.491032795036475,3.773767115235948,0.1295443447991239
2.0376715244686863,2.119842858265391,3.612257709199079,0.0951588651630165
4.230884253237846,2.0352872850989794,4.576129886173795,0.1497437334868875
3.7192560487715856,3.8077464202720375,1.4283952381978589,0.7889797173495466
3.3848722433309386,1.6888183131958183,3.662594421422887,0.1242014075622444
4.453435808536435,2.864276904196839,3.428990065864323,0.2960288969990785
3.536214609323129,3.0785758407757173,4.479167071010638,0.1934110778455765
1.407848764240911,2.9930253636391804,3.433101165656617,0.0976719674145956
1.227788866086544,1.7853576927536705,3.273966979534076,0.0532800680700169
3.702394091387349,1.612498254444397,3.5437590636504184,0.1340626643683512
2.519713740970744,4.655400044399912,4.976897511740201,0.1875597517467134
3.005708921350111,3.868317573599717,4.866781164175013,0.1901154266643898
3.120154372960726,1.4536256259457314,3.301688524428004,0.1093157372178824
4.06571156712738,3.721450772914549,4.150511874541161,0.2900930466495491
4.709176365390752,4.272526605303213,3.35698599103465,0.4769472384574616
3.721249436274912,3.031169594329357,3.248961885070837,0.2762768764190682
1.6951198366723692,2.619144539279744,2.1589561222492195,0.1636463005843197
1.253425543080183,3.6579637255595214,2.3083409555488115,0.158062233384405
2.173379690959157,3.010340151506064,4.125193700763736,0.1262109296734736
3.836042664754826,4.9026583422609615,3.472071624823239,0.4310389521126761
3.584180352116911,1.7565996581938808,2.739776712332824,0.1828679577413771
1.0043825229358307,3.775475450860442,2.247528167263936,0.1342628279715205
3.333842575811865,2.6136656819571407,4.129150868044739,0.1679285387562292
2.166977326215955,4.145488893559906,1.4941311968413706,0.4784444547052218
2.7614308870801945,2.468265454191851,4.911327153237012,0.1104376901838528
4.402294565877927,2.4571296583402997,2.475113015013562,0.3477781354981238
4.219396747241867,3.23934470571403,4.136327812213409,0.2629557756562622
4.271702339072019,3.6157511969356784,1.881031880850488,0.6534216212585886
3.541936357836331,1.389958500839398,1.1423107403201151,0.3429639427490291
4.262558914868285,1.1771680844590802,3.05839641960352,0.1305585244018592
2.6468151236273125,2.784394612676319,3.9150202505486416,0.1497995523235877
2.1155264880067994,4.187896208806604,1.2569268680944492,0.5609117055580075
4.94179910138933,4.46738324870975,4.389351176409623,0.4002470179398843
3.117835593391148,2.810456718862633,2.9339051178968365,0.2376699000133075
4.030275821195619,3.2362597609762425,3.7755630143835184,0.2749074790849697
1.5532702065228832,4.483609324069949,4.833911528648478,0.114647929016821
2.833038029247636,2.95405540638612,3.4297498754992706,0.1941774207044966
4.615453364443504,1.2331502913019483,1.438474670395034,0.3148605820842426
2.450025629354886,2.1449871333576884,2.7593672114590664,0.1515569844438595
4.135555644477096,4.582226466438856,2.571792346088852,0.5863604299542103
3.1144969102891804,2.6417140638478123,3.256241781722353,0.2010699658104455
3.226196759768863,2.5889222955141333,3.644370391873585,0.1823801181227557
2.81046269977656,2.4437102025864976,4.763337917573081,0.1147377348286294
3.117699872051596,2.0872901155889854,2.323148478725305,0.222910378861916
3.958245672499858,2.3880403776757544,3.7107485867252543,0.2027089931808561
2.407221682882405,1.7448338594566293,1.826410690336426,0.1830045394029288
4.917423252989169,2.896141307448688,4.238215704656924,0.2674018564658504
2.2501517222702523,1.6772546509240138,1.23825799781936,0.2425435900588425
3.8347174443985295,3.0493232421134278,4.868690588983195,0.1911238096522597
3.68326672094682,2.969394960273145,3.521123194052827,0.2471781355833765
1.3244964948349582,1.0696372884731584,4.53633282155254,0.0248526425396325
2.4045859727184387,2.381351943809738,2.005837683902856,0.2271738008634054
3.7916135744846384,4.703427668845199,2.042130761961693,0.6949365079983448
3.921744680639722,1.8251493478329048,1.328862502739241,0.4286351801931841
2.077219034576763,1.292892303445774,1.4303505414915527,0.149414344883688
4.739703926785628,4.5765270558909545,2.772334484016568,0.6226324579322485
4.864292459801211,1.6179001512251676,4.274832924025279,0.1465016056212243
3.739046157148793,3.8092488397230793,1.0509180697459417,1.0785032218879225
2.401161668082465,3.883428000108613,4.021398755652155,0.1845226385478169
4.053430088194106,3.9916044634271097,2.5834951970249724,0.4983708863919481
4.467994761112897,2.682290751336296,1.146543058903292,0.8317987700374492
3.026367015264956,3.674304827361581,2.081329231342738,0.4251538639809263
4.407086543049427,4.7538173711539535,4.013282579257861,0.4154171943745302
1.1714396575179125,4.561704169804636,1.379316344243129,0.3082998358270873
2.509101427994465,2.3410436742883944,2.798205049691951,0.1670468665211107
2.9859088927667465,2.9038777399064863,1.0861397287943388,0.6352714181594286
4.634490028299394,4.175316622655707,2.6797612244851834,0.5746261737135621
2.1957433450143,4.001449914991278,4.127229331916322,0.1694066658593268
4.215293728286482,1.3717093654569648,4.091591766671085,0.1124573346576627
3.690044983778264,1.9331416776860928,1.282698699322038,0.4425484522874076
4.8120014332530285,3.605571772202489,4.183681461797366,0.3300132813135125
2.671634594933378,3.96664315047129,2.8599055586187925,0.2948754621783599
2.077155746118156,1.36951221586424,3.6787390143561383,0.0615355560865612
1.950850831045964,1.2706254320355548,1.4176303365582972,0.1391453649774693
4.5313300316272365,1.5587897939020388,4.584622178195403,0.1226026431314913
4.886976220016026,2.3296206079575894,3.418256852422028,0.2650396614337399
4.144941172617875,2.9416574808416445,1.95344564577274,0.4967058543376947
4.027691984032796,4.775637264792372,3.407506514026456,0.4492013205301776
1.923508396542391,2.618407341108271,3.4557081386556803,0.1159803397191995
2.345130422677136,1.5969299733997988,4.047362515592847,0.073632730214363
4.608458102989935,3.6047745841314938,3.3479591971488425,0.3948605402743659
4.241678280189676,3.946540938177724,2.955931667479585,0.4506611113037987
4.030663639734465,4.8554986639976665,3.627821038709049,0.4292938605079101
2.097495681301788,4.937018872588286,3.4482191119437458,0.2389797728728555
4.280103658958311,4.482329418940605,2.0786614096283467,0.7344537297798025
3.4873785706376856,3.3106117726585143,3.6465564124601513,0.2519501081455959
4.761074470206863,4.935705839935517,4.359504641355699,0.4289505556027692
2.214248071078424,3.7328280103413833,2.028281180633173,0.3242845293197977
2.2112858293193347,2.2464346573186904,2.663381122528822,0.148421047458493
1.796165379013349,2.7354226969310926,1.5540117818789785,0.2515976591326219
2.801448366784269,2.1963878720463788,4.048656577345568,0.1209402482093677
4.680923620984081,2.9814302453861803,4.85314072559862,0.2288355316733253
3.814474966921005,4.336940662225416,2.054553659350005,0.6407533669755072
2.6788628987330925,1.26172823456498,3.264366817439785,0.0823962583320526
3.6922366811672473,4.797754814825487,3.040462762463857,0.4636369387420557
4.274511694863779,2.4231737707938765,3.1098626631731854,0.2650452312701315
