epsilon,p_d,theta,r,Ef
2.1522928868313493,1.373742001822326,1.3118415805340642,1.5157310426376471,0.0108313072739852
1.1578222378229088,2.723940859464446,1.483407692016406,1.6862868490430003,0.0101839074907808
1.0193881256660255,2.206877806324236,1.3895762596721222,1.378972841186194,0.0349412880193342
1.0177987921921303,2.642073154593106,1.9894520870964687,2.912488492804315,-0.009316878242229
1.653304859229366,1.5234092458034545,1.9969707521222344,2.9850233005874625,-0.0031131348587437
2.19879996428212,2.530853747215384,2.8627624226972905,2.878406848734161,-0.003048794282656
2.6271573141254647,1.4863661152493324,2.2017439947869484,2.709892152040653,-0.0032330080434108
1.8276690488841527,2.8918893801276493,1.443702636128637,1.078822859523619,0.0378252885880469
1.341414149099505,2.567741713592026,1.288728461359422,1.2663190280708527,0.0601643169366834
1.5720730144321686,2.567736039546784,1.4153262442871528,2.4057210360138623,0.0042842932269284
2.7994494382637987,1.969891376326106,2.802138048404363,1.40991769212232,-0.0188187604349561
1.894017189233946,1.466703493706174,1.6341092108427715,1.291377455311041,-0.0054205217397514
1.0731119512706988,2.4406810591837,2.1803394942684524,2.282696897188588,-0.0214273658419799
2.3479177685996278,2.2292657400424365,1.6192787041475032,1.7486130406493927,-0.0020521653666606
1.285996140249878,1.792179267001673,1.898519114686884,1.3422400925072868,-0.0419290678143352
2.9414280964316784,1.751062452669755,2.897987957937154,1.457625173552376,-0.010741951828744
1.272328084542085,1.8438869432239944,2.1585731226748885,1.659020160386037,-0.034963725255957
1.6622557728471057,1.935749223649823,2.7195137991204925,1.75683007875585,-0.0191603443147017
2.792037269296617,2.611277995591,1.1969412881551138,1.1097530020760058,0.0555416282409849
2.507999009445199,1.6903254568287434,1.902383150316567,2.4486685099457164,-0.0033732439109197
2.074328509375663,2.2808818158118127,1.193022258818331,2.0034710931985167,0.0111913839368128
1.911343736939206,2.6937053588489093,2.267032976151236,1.4118705410673449,-0.0588255587271732
1.0633300248379212,1.0134262793163376,2.5627287345512824,2.080857735476524,-0.0115644033656215
2.9898141449606888,2.423672112239478,2.656055218165344,1.158194830119617,-0.0514137787187055
2.503539271692952,1.94141081449736,2.852125470082965,2.415681656582363,-0.0035926726838334
1.985323707927072,2.982807168651022,2.535948315438551,1.5402734900123294,-0.045939907843047
1.3613382171184087,1.611346215234856,1.19224101774843,2.550352594245989,0.0058499096298517
1.0496232495167104,2.0683248712681346,1.4642344352466157,1.67697127037577,0.0105494308298976
2.6150011141409646,2.90683221577367,2.470072490984197,1.5476433522087147,-0.0348701676788473
2.197516457043624,1.0286548258559085,2.136224770101733,2.735364972051753,-0.0024701018114384
2.7084111299813864,1.755275777822666,1.0667238629933986,1.1129191673661505,0.0474691485692678
1.1752368581654964,1.9871671417703607,2.570996891842004,1.1627273079366771,-0.1167301284717911
1.3726300073644138,2.4420926429954672,2.0566307404006445,2.7123691784195705,-0.0087888735792993
2.6396041865261965,1.8465714148521053,1.9012634122176773,1.694731812995389,-0.0105310395503357
1.13094829810635,2.500140447148394,1.447159346193615,1.0638448319643323,0.0536428366832467
1.4286643708107087,1.9878784745820863,1.362352155295857,1.8621829762667,0.0104145437667277
1.8739795727172517,1.6697370210250064,1.3919154476817162,1.7435903826056582,0.0070262049390615
1.612419607536579,1.2360998249928234,1.81851952232442,2.339210264656472,-0.0033988387911163
2.728612343011696,2.4082800591382565,2.7279414735417,1.7152970780545655,-0.0153663283244627
2.615312586266046,1.4347162849210102,2.3980048284879696,2.429461005774713,-0.004550654498935
2.59000414562934,1.6785615489064851,2.792550071369996,1.915512567286876,-0.0070746767135116
1.812768377352088,1.986756307512856,2.7003969612756498,1.761706354270783,-0.0184776549314215
2.7775366958522896,1.789335228102216,2.512498658642264,1.8982909089066105,-0.0106966946726272
2.6489300476696416,1.5936893794347953,1.750989523924595,1.8573920387212053,-0.0039521214715131
2.1612328358030046,1.932198896414127,2.0093619386542576,1.763426393754136,-0.0149635266364998
1.6401759609647946,1.5484737803480997,2.655085586155243,1.2257286739609914,-0.050582435807346
1.5137300360708068,2.631944558755191,2.9368190958412197,2.554401651016597,-0.0049583455303948
2.523662694199529,2.2588952081883398,1.604821783294073,2.042026952837936,-0.0008532189016587
2.797432881562952,1.3142366536091443,2.319427299120446,2.1362510963864416,-0.0057367134589017
2.0975369118154923,1.0311521010323197,1.8862302862441085,2.865686859972649,-0.0014707770228353
2.033265697598356,2.4698527187381174,2.601231760131088,1.70954893352749,-0.0256052424643513
2.1556800648284598,2.918654962893628,2.616572691114923,1.077919981920761,-0.1119338057523144
1.613506343446709,1.9687741840069508,1.6970437909579636,2.0755789981868205,-0.0040692745072177
1.728968168715498,2.19711471733794,1.118702832344603,2.4970287196308547,0.0076569596142203
2.4385660948456254,1.3743880413234515,2.6200017123017894,2.794864264233938,-0.0026625215774313
1.8805280959844497,1.0983540418996582,2.935378169927879,1.8337822903609848,-0.0045317621558219
1.3228930324239054,1.5708504648108403,2.4293977615204616,1.121815376344499,-0.099324433685077
2.8058256955084424,2.3715300843927416,1.692745852245679,2.381002035844301,-0.0018049525556336
2.2680586284129145,1.202732542574265,1.9785983912775331,1.0786351880778922,-0.0367271483629774
2.62030606843948,1.7466578898525391,2.067315505945561,1.2782219304051423,-0.0319154786906421
1.670158418362966,2.0333573993328127,2.586892896907367,2.183385348667106,-0.0125019755989588
2.44485453632589,1.308209758872178,2.0816875116741604,1.783600827977735,-0.0096024465959113
1.5251151661129745,2.708828047202456,1.514194759714495,2.1864066264763835,0.0022913839424816
1.2819595289393242,2.088936291391761,2.099818707573395,2.3509347688198305,-0.0130444890997902
1.0420173797965422,1.5980136204561186,2.778822509247467,1.2062834420871658,-0.069199945948391
2.652943950545583,1.372421634938766,1.0328782846136713,2.368201886029274,0.0040912993632892
1.6145637854800132,2.0361860675196155,2.5816698871793955,2.2666480938988727,-0.0116345569170476
2.39621829566606,2.131399415784808,2.054284581988588,2.750743800846787,-0.0041991406729099
1.7635921851061895,1.032713891745267,2.0688834286169038,1.0844518696605534,-0.0460044879388943
2.6253712757060548,2.145623247134692,1.3187652241110708,1.230537782812223,0.0252868224481017
1.8993004384111825,1.9819342073075423,1.818358788774898,1.716373809207655,-0.0117048097212911
2.4457023168105856,2.062505581992384,2.4514800617610235,1.3416952517912504,-0.0409238861398086
1.641540776051745,2.534684761934293,2.4357922461270105,2.072894346517738,-0.0204312793190241
2.3375148971431985,1.7965296273111742,2.993882538134934,2.107768466584467,-0.0028523144225363
1.7434221482841912,1.8238784552723413,2.57066700237044,2.5660883031573345,-0.0067207430446954
1.968490918427701,1.2253835858498854,2.949369044383058,1.3072484535356503,-0.0124747269525212
2.6604466715396287,1.961688332647139,1.37130318295151,1.3317447971529357,0.0144766295580415
2.733286679886949,1.5846869262010337,1.5244629890865793,2.791845446579596,0.000294284518494
2.648412282028655,1.283196128767133,1.1766945318403916,1.079585999229808,0.0325924556398424
2.849170907545493,2.7692096831112023,1.0443419550431725,2.401445295153012,0.0072787009233981
1.808840211981976,1.2485207992339342,2.323644129397349,2.665815768611931,-0.0043397591910092
2.956816938446398,1.281926807256358,1.6975855053731752,2.7272623606033486,-0.0006400107443601
2.022216909634129,1.1301734632561726,1.2159171969851532,2.5015475970783445,0.002777071965485
1.784575674547234,2.557900401009164,2.93208342170687,2.8651616516677336,-0.0029595927858761
1.2701357060916123,1.0598145108786723,2.8745225569397586,2.864887916486994,-0.0021564646014495
1.2143267979623518,2.925789748610958,2.4257663786369275,1.0052040586964894,-0.2804196267855531
2.083096836481863,2.0564673170134737,1.2686026094481906,1.9666953202457371,0.0088029483693073
2.4305330629102126,2.644656810874648,2.793514532584008,2.600149166167736,-0.0047380255121666
2.356180554297566,2.181789737117212,1.853122701455001,1.1405604698356255,-0.0398642857658541
1.8467935100374109,1.8748417956471968,1.3340443789747365,2.400518772259052,0.0039947013003297
2.6005362062271646,1.8395850222868109,2.8752249161178467,1.6093594247527587,-0.010288457583535
1.9506720180927848,1.2249403100680023,1.0699543869349597,2.076161838462009,0.0070556380516768
2.766362140539944,2.8913413206382383,1.1073058456746605,1.5320115119598574,0.0277506546747049
1.1159836948610613,2.778528630102511,2.8646316123310727,2.672623506143795,-0.0081890401575582
2.906431772583277,1.3119925627814906,1.5945346199556618,2.4977818878136184,-0.0001640988055728
1.773269200970762,1.3388318122395175,1.1480019996714412,2.554796014734261,0.0040446002518919
2.1301285008355904,2.796733035748687,1.6098676919206123,2.235734243440596,-0.0010947439946983
2.0734521182834,2.965789755257952,2.8749689865587342,2.14167779799314,-0.0088351354683796
1.6376289099163135,1.2248400551676408,2.8643861319243813,2.6329279831683228,-0.0025750212120813
1.1289570673326257,2.573172484386428,1.058296824690769,2.7373811709243165,0.0113367270782443
1.4743249891483017,2.2002830421106268,1.8505002466354328,2.7433763937197795,-0.0045787490802329
2.287479569587525,2.624293991876936,2.749372476009428,1.4779177493987443,-0.0299677747128115
1.975538634812392,2.280164188301975,2.560762595374783,1.3296066003599254,-0.0537751845647077
1.0024889624727735,1.2185047181872133,2.7971122064873386,1.547739354379208,-0.0248777988074573
2.374298569615263,2.153722809417757,1.285544584694747,2.195840295633281,0.0055229651952111
1.5921475616190313,2.1059121288203317,2.3688347182472187,2.9678803846051007,-0.0060375445809837
1.272118596789305,2.70796988159592,2.447597273323405,2.180532346453385,-0.0240997558563456
2.656160657931508,1.7330044300705474,1.001860862581307,2.3350553513064694,0.0055526178627627
1.187753686244244,2.6934281292338174,1.524986310237906,2.055595770183648,0.002851214776297
1.3765809972403868,2.861636324752414,2.075779300129057,1.424389719008543,-0.0727102212309007
2.8488578785384178,2.823851205879474,2.9938328908649554,1.6884446010281366,-0.007158769244375
1.4026566513625216,1.8154252416381291,2.97141861854079,2.7456627359188603,-0.0024915691807299
2.792566720947693,1.5181793029366977,1.9836900120427408,2.481339821428942,-0.0031223231949023
1.043627777963175,2.1765047996082654,2.467977360236944,1.9893625936687,-0.0308324858581866
2.7544660715248828,2.307137127454413,1.3076547916546886,1.0257103307252178,0.0465399735826558
2.8919441011299787,2.1091004159939217,1.389631763308047,1.7341799205541566,0.0059165028088688
2.125725871504792,2.79642583150243,1.7119882760290153,2.9546454917485443,-0.0016963442430665
1.359057816945482,2.8766669596448478,1.1948870028738936,2.768778947330702,0.0081295920319865
1.838571347690968,2.1675673677959217,1.622965100802214,2.756786073825162,-0.0006995466393775
2.49854023662918,1.7759767266129711,2.857148229331302,2.37736687340443,-0.0034016344262428
2.3027354902899946,2.1816376907616704,2.542593256044293,1.098928749033098,-0.0793609017531219
2.604885482949112,1.0233104353737246,1.56236446479653,1.6099320313170202,0.0001895005347498
1.445441440896596,2.5710325807064747,2.1239468844840603,2.257075214529364,-0.016508633351867
1.0418302794247878,1.1312040856803194,2.8714723440144247,2.621742446857514,-0.0036991981873221
1.33769455603104,1.5317793682264094,1.8445625671993864,1.7274255413854387,-0.013804217852416
2.0082016450858307,1.9482199325330216,2.755245786638689,1.3128480316192586,-0.0357244480694526
1.5867977318560311,1.7270243203567213,1.8856143310825488,2.136175353685488,-0.0078478862941627
2.680792427183408,1.76666858504111,1.8835706137133217,2.262916350875546,-0.0039748970682258
1.6858051441780046,2.3001490850453066,1.0286018486900024,1.227012794042941,0.0779370232002865
2.8090675341284896,2.3141485376417843,2.981772582171498,2.7844088991318827,-0.0014313705385588
1.1038650439567286,1.4239723898852812,1.9411877574011875,2.841981096785509,-0.0045271080825693
1.720022209157999,2.93473874273263,2.113600392972912,1.2980686267883477,-0.0823691290602908
1.824945509526704,2.8906284851452577,1.8392169326823955,1.571103452588231,-0.0249339234314471
1.89974770583374,2.7689616311737733,2.025789669513272,1.6813209175222046,-0.0289001603293074
1.825777028314644,2.190980651849816,1.6194640567520269,1.6484698584453688,-0.0031075224197107
1.335210451239733,2.2158127525440614,1.0296149521676878,1.6875781666726597,0.0363971737845415
1.664352864326838,2.959002710738995,2.421563845866154,2.366366236980404,-0.0158786375082979
1.5169879779726003,2.979260144758719,1.4348887835402218,1.0250113387020383,0.0584432201670025
2.0991665037815874,2.9746569690392484,2.8800713393277304,2.174816647209481,-0.0082140027297071
2.0352671826646453,2.0366960270066627,1.6573382116341204,1.3380036515561446,-0.008588158072366
2.6583963010361167,1.055065551689316,2.517676071921349,1.0866792460444157,-0.0350092133893936
2.9248286498022376,2.2176682883170304,2.37308409681855,1.6393339819343915,-0.02053181814012
2.9004570668680483,2.236032812405626,1.8134664548753443,1.7986490712309062,-0.0073775840131882
2.049517189593243,2.491930026868898,2.6989667583606725,2.252987414973432,-0.0098236321350257
1.1173083561130772,1.849168978966998,1.510877635937826,1.0113889756884002,0.0228287762311291
1.5910223652338713,2.8629101172509603,1.3889623742081958,2.465174800271392,0.0050998710050759
1.5024748481159629,2.905785433321829,2.69222475182706,2.928731381244672,-0.0071912750315182
1.7127888875993071,2.0805829441629227,1.841977078041552,1.707152584428859,-0.015042843937468
1.8485920444459496,2.676135084728978,2.547120241447137,2.737185221147012,-0.0078193862273934
2.1006666778029937,2.0218555939899137,1.4418853668173763,1.0468532178431753,0.0255337571560105
2.4143783093761257,1.0165934058382395,1.26796505857664,1.3334150137790777,0.0120690692505285
2.9153512206212686,2.3438114794064875,1.2827187792884736,1.0888576849859049,0.0404985929710938
2.5657933354314384,1.2377269424876662,1.1843282858931494,1.928681833725557,0.0056041218731299
2.2640697547266173,1.4142062071872432,2.510221639217816,2.918179401011374,-0.0028590861069462
2.7215850516800124,1.7513203509458697,2.519551737150546,2.458294054602891,-0.0048968892861001
1.117719421898072,1.2413046863556083,2.1433977306474645,2.49023414251546,-0.0078185556800819
2.6041408022495203,1.24799819577606,2.880322606509276,1.6505190252610171,-0.0063495354793583
1.5757079747350862,2.3558255828545454,1.728631329862909,1.7702712966273997,-0.0099867870727906
1.501976288846774,2.3878790373551744,1.1017876931624275,2.3203271301672186,0.0122497315323004
1.5430790415104232,1.9382432530495448,1.5155493394548143,1.6595173933910672,0.0036175171845117
2.709268461565122,2.848140978513796,2.481904918601221,2.7853853754073645,-0.005624209060179
2.801233623501917,2.323905603612975,2.55657364109452,2.598026276116689,-0.0051995880474341
2.345620885017951,2.510820509419357,1.3877709347142717,1.3505803061056867,0.0185642285114404
1.4436814686898436,2.465519184200506,1.7832712965661073,1.1583257142775618,-0.0540771120605905
2.4784993357303167,1.9612042988284628,1.895022878151372,2.211673145530888,-0.0052729859287825
1.95876061833455,1.6519423954505652,1.4159140760549864,2.1222017732633645,0.0032106932979298
2.7824135165964528,2.2233710150081443,1.0464780029103682,1.2808772313085588,0.039340512613689
2.9321002226466018,1.1740028633970236,1.4500779566500868,2.7863595011288016,0.0005282458927778
1.606629835710211,2.6893364010454928,1.7847116971718175,2.829560521962982,-0.0036592755920143
2.69008112827736,2.756593347214161,2.609982194506204,1.5481957721713455,-0.0288061711525037
1.6484066186004418,1.69836675608967,1.4863299624437756,1.3737963427888724,0.0079749435559524
1.359431729024851,1.852516579881173,2.9663597861811017,2.0785282479458447,-0.0062192314784036
1.5728416809869192,1.7581670079212288,2.6405624501245963,1.6537365669247044,-0.024858214276855
1.661491450179808,2.446437544434656,1.0656976631140171,2.7005179495384697,0.007558353596933
1.3235490411182678,2.9805217066959555,1.9437827141278787,2.241429100008983,-0.0162004799210491
1.5249729583607126,2.179940959913686,1.7217718485318223,2.4847040723050697,-0.0033079345221073
2.425709413614142,2.0299029194418465,1.2324707042892191,1.9627612411055888,0.008272152795086
2.8347023070782145,2.0862701526781398,2.263930402841684,1.8244319541824916,-0.0142208357855408
2.888310213172301,2.961091646803548,2.672997409653334,2.1168871014932846,-0.0103962410736988
1.0907507259718574,2.354587130295939,1.906360989617924,2.692593442691093,-0.0082083988398751
2.559787746040513,2.863073279554384,2.9343854543144965,2.691294105748618,-0.0027577723025187
1.5687745863980287,2.752386318085908,2.214055661398758,1.925336017905745,-0.0281657007737821
1.8240718309071515,1.2808141321813562,2.4470516419038058,1.1363330304111714,-0.0561821875037673
1.8152510450950852,2.279464504300268,2.349618851641554,1.5440394183931063,-0.0407159736917047
1.11473677380928,1.8361662135392955,2.5088236949817584,2.222699885600945,-0.0170774069051589
1.7551125290915972,2.224622819969852,1.0177863221444574,2.428005894980095,0.0094489414416804
1.9699302004893733,2.508388570355658,2.93351070009495,1.2015980807571718,-0.0354162718185129
2.3380911474685693,1.993051164026004,1.5862607063162322,1.2998097647601126,-0.0014328221021345
1.4379245420731068,1.4212811373464047,1.1125334235334308,2.565028145100285,0.0055474256018537
1.0539049597275665,1.2816310858300983,1.960513914031399,2.7993491786613025,-0.0046510559371248
2.17898388609448,1.0169421794928024,2.4406211723775613,1.9098561199772477,-0.0078831693266701
2.293531717678201,1.6473518202746606,2.66893371297522,2.9440591375011538,-0.0027237957020589
2.054766483011764,2.928742762703024,2.326893165059702,2.928411891816449,-0.0067632819914737
2.681670683754703,2.06645162848697,1.1495096258851236,1.8845251027483656,0.0102575296807465
2.553073702880394,2.852045294179064,1.821730577950762,1.332393990808854,-0.0271193791997078
1.442281251623998,1.1416094662006615,1.307363905395877,2.776698706513602,0.0022191175058913
1.2401409700594277,2.6315008508029014,2.090923496127668,2.2867547217724717,-0.0182696739187885
2.5726598331399675,1.1924661536545609,1.8761673550161664,2.718778756524909,-0.0015788409283536
1.6207904936549429,1.3471177711178337,2.451159110887561,1.4665867518852067,-0.030885602417711
2.914369183251151,2.820487459311169,1.5041072624307683,2.1371186943623384,0.0015738787240785
1.8594124772850256,1.2327293020904635,2.3338660877784734,1.4571896862883156,-0.0255500598438659
1.145026015636578,2.70860797189355,1.030445409310916,2.753466342087916,0.0119339286910952
1.4125752742567768,2.2329180136207407,1.3677837465098726,2.8925821616325686,0.0030792108904665
1.776281788565466,2.805774130674414,1.0548022640361194,1.71849875406397,0.0318877752398436
2.4586781877198582,1.3009472217619509,1.2851368495923652,2.009447439040845,0.0042091998037449
1.384324937281315,2.48455025640242,1.9082699821400395,2.8753142496847475,-0.0056313855059337
1.3556377697997222,1.8920416708393035,2.450616957252632,1.1524540465165711,-0.1069072395858779
2.2933470406019287,1.2790576125186208,2.120379179182165,2.057745715814538,-0.0068064516505394
2.265222568590689,2.3727374872319773,1.9497687609911567,1.323752118746022,-0.0370534720749927
1.28197701512121,1.440399451161152,1.15868387709317,2.68037532821752,0.0051121797446494
1.110895889331851,2.1888286771069096,2.7416777703231143,2.0090132354182004,-0.0208034031911893
1.5001633953630056,1.1168384067454018,1.7140786690113765,2.8073827840762964,-0.0011352475980628
1.197839822212773,2.9903777140341044,2.204889442134913,1.972867384719996,-0.0370441054581948
2.200939830253807,1.7651323167725133,2.126165995766308,2.8794053353408438,-0.0035930500577314
2.790095192707555,1.4340831716722018,1.1923679966435714,2.9226797324718885,0.0016874149851266
2.158445028400221,2.1145101525310217,1.347112230427688,1.2612131328441785,0.025215375731688
1.0592916428756431,1.2306760535966648,2.873863541732648,1.2300815667665268,-0.0380170372445166
2.8947064750662,2.908050588131036,2.335236760409998,2.346308363672862,-0.0092755983478015
2.600730686805619,1.4460201899102718,2.045420242372475,1.6657950785276774,-0.0116727801517478
2.4909719175030576,1.0558676029524232,1.1719681938005526,2.240254897815151,0.0032208731392115
2.8478198488745967,2.870974413041945,2.303933886584471,1.0782717831261206,-0.0954633973963739
1.719368268757187,1.4489641281345595,2.9090582092381063,2.845474679958175,-0.0019581829354939
2.0547976332044007,1.0923227225234655,2.5456883360561524,2.057879089934205,-0.00676453565914
2.3215828057417047,2.17589561992794,1.7459456144410643,2.805735974512696,-0.0017382596441497
2.002646493398223,2.2598419257635736,1.7620144725617162,1.6624182605043554,-0.0109409438696914
2.0630975462963743,2.3271667657317447,2.997843255458458,2.5707955738745563,-0.0022471039293809
2.598381882376221,2.4801902238955167,1.7245784429278823,2.3617914298810883,-0.0026182180849288
2.3564698012205896,1.09176319031747,2.6754002381282804,2.8640442459757187,-0.0018903743175619
1.9257335753557867,2.094178008278743,2.030675655474205,1.0904678220380697,-0.0796298779375729
1.9140484213787583,1.6118263396625672,1.5858500059801444,2.1660045934650007,-0.0002977663669536
2.218529450835716,1.4089155134864022,2.9003205227732947,1.03153308435811,-0.032048068774834
1.5503970402151408,2.3300144924869226,2.4784904849855813,1.3972585666266346,-0.0638034587932991
2.814019977040932,1.5226203793487365,1.3128144191943587,2.768244260024714,0.0015021329849183
2.836166388278281,2.429308166927498,2.1864111528893755,2.187463336984452,-0.0092103294625171
2.888386813671856,2.117628536632432,1.706233516769318,1.5672023802017665,-0.0060833743853898
1.606103982628825,2.4899149822904727,2.313864184923199,2.745330952729379,-0.0089114810218028
2.6526486737734736,1.617378366197204,2.252430449121036,2.4954536696896463,-0.0045829463148608
1.8957894007676932,2.188954083610582,2.8204656836179263,1.0311260102204332,-0.0753044872978415
2.101129650252584,1.543244770343584,2.3193727005473725,2.6636021072851555,-0.0046267557228534
2.485650959947634,1.2504372781490196,2.1826524919959684,2.6567155863741485,-0.0030113837015534
1.923465853616624,1.5059987031917312,1.5057981871182828,2.648435177440182,0.0006521695369014
2.509890152823957,2.8357699959831333,1.7197060714367778,1.395829720369443,-0.0145517197659597
2.3674762613967686,2.3272079701204813,2.204242586004552,1.4121784366621102,-0.0397548865183755
2.3726307021156767,2.097311061654969,1.06970764402381,2.64030588232188,0.0048305461298611
1.846522665135552,1.9759625887106316,1.555346270629172,2.37075898038266,0.0002961653189089
2.0669503024966325,2.6943899111436007,1.965409523776669,1.296095312587614,-0.0507273548871208
2.633945164350253,2.38560428778932,1.3491169469900246,2.6014267757326666,0.0026343358900253
2.8019880153043304,1.892169265923044,1.2093604797543709,2.448466360287546,0.0036328660485862
1.1605714632770228,1.4155367986318983,2.113975609055424,1.8047649115438655,-0.0219169982941744
1.2720250102329358,1.561536845898818,1.8493082670955447,2.0266331259625563,-0.0093065973519556
1.3450937348562904,2.004100823078109,1.7689679290350002,2.826374345844613,-0.0030408866866064
2.58785319519617,1.300757170425885,2.698329161783078,2.935763310901704,-0.0018374263662922
2.6189220493659744,1.0281883493630877,2.683903694523288,1.8527978870489945,-0.0058412683405774
2.8785873470645367,2.187382115504938,2.3597854501169877,2.840534457189816,-0.0039574483340094
1.563683409861821,1.2479740221097215,1.9839529434092569,2.938868224030568,-0.0027602218354554
2.409545732440087,1.630410840832777,1.680462078121192,1.6855810046718054,-0.0036695072762236
1.3086707440516854,2.0303866992750472,2.4533130262778986,2.291861892210709,-0.0150945389318646
2.271797950059254,1.1706638050370648,2.7896608168831856,1.7075574549749224,-0.0079953029113723
2.584356345102688,2.2162535955382205,1.6848184334603098,1.1302570835239714,-0.0160274733026986
2.668877645737385,2.6407265407637563,1.795579404052322,2.130951466540294,-0.0053042020966352
1.2130632371323826,2.190071997853921,1.03833759150933,2.769542063804585,0.0088739274520676
1.1047921108371752,1.2639095097805322,1.0887922064118525,2.997873634358481,0.004163665589476
1.2974693340280254,2.847518120705998,2.7879615713502828,2.5647462689773084,-0.0100894441358354
1.2876916218624574,2.428954676853622,1.389053683745357,2.211923166847108,0.0073970730677778
2.771867124393345,1.7062830148986143,2.2744470125016663,1.282460201312088,-0.0343714492375328
2.2064626016299984,2.1501221224381792,1.5085886520127203,2.0203139081095403,0.0017504284211157
1.8860804109606155,2.992181937601404,2.976496418421934,1.0668168303465335,-0.0505692199634556
2.4150531867392457,1.872511294234241,1.9506585213419296,1.732395788345446,-0.0122597472405777
2.646482878629681,1.4102277499292322,2.3245193981480954,2.121025879843176,-0.0066526030567259
1.2172919317815911,2.564000724231416,1.0449358751437083,1.8834453094342252,0.0326741769601996
2.4949099331212894,1.2094366022622585,2.9139461909647526,1.6276142851337707,-0.0059011509358391
2.1572888025702293,1.5026931940100423,1.948196246519245,2.615120331086957,-0.0031852941579546
2.096716169206294,2.687184032014298,1.735092824331038,2.2944403649899785,-0.004087176980124
2.386047750652173,2.4593269815119427,1.462822273146709,2.137169203647126,0.0027006636841188
2.224092717017943,2.543577176310688,1.3381999581547468,1.5323682255125657,0.0170191750272195
2.2455176966550523,1.4258097868061044,1.0587795601423966,2.004830366748388,0.0080345087310958
2.3677541292250126,1.3076324180983494,1.0075641144124774,1.0719318576303294,0.0483245315120448
1.854486867161809,2.13132902970756,1.7179148384883185,2.195472292483052,-0.003759558502938
1.1633197503645931,1.2231651877830418,1.8608318813072384,1.2954240590447843,-0.0316430393092308
2.237254804378469,2.738338999410522,2.3985746294275314,1.2197893444858885,-0.0802115166419015
1.5673648002300724,1.5800644522253402,1.5615789981312558,2.5731652073896503,0.0001301947786249
2.1924641317012723,2.687559642579595,1.0254942402195024,1.8771934650611464,0.0196181290000681
1.9506213462805784,1.4757984437177212,1.8270819439459296,1.5775947482576445,-0.0112802048880739
2.561444768128436,2.478031183782288,2.8620825668913064,2.5070943005066235,-0.0038864981392823
2.34470320175065,2.459711640221886,1.9841164104676623,1.9034678777512333,-0.0133572805576073
2.4580228837670663,2.751056891707316,1.2916279265834685,2.46115199483722,0.0047475797859887
2.27765988441906,1.6744199644020044,2.908837200067492,1.9879987249377895,-0.0050134684813873
1.4117086903137357,2.8970523727985857,1.3211967436960397,2.3477209331198567,0.0090622732959262
2.822606699096061,2.252011175759552,2.8180519226109557,1.6527098583277715,-0.0127182833115965
1.734552412139319,1.8809001951494655,1.569779325286689,1.2273552400819103,0.000142396780108
2.136296960172392,1.8244988328048548,2.277044254793709,1.7173990116833246,-0.0198740032170366
1.9337893720336847,1.367293358474839,1.663245474144309,2.41411999527282,-0.0011028409541626
2.3732590400670066,1.8361528640359337,1.1785036682815122,1.5731216588556003,0.016760611305017
1.5959049288503186,1.6808748507874127,2.134582797364426,1.2093751424208137,-0.0642087523131417
2.9730378130784647,1.7608136915213246,2.3701140972164536,2.070067861058136,-0.0079665870279827
2.4167154872039607,1.2480241220298147,2.803891478740144,2.186370039218506,-0.0036875228818391
2.179389233139895,2.029325023681724,2.2372365281252327,2.836530282890055,-0.0047328941724218
2.5616459039153643,2.9268778941361866,2.482174809144765,1.4621749069009495,-0.0422508193206487
1.1638035868577286,2.3908814821204287,1.7735205992105014,1.3790550074660537,-0.0368795829481565
1.2019769149052622,2.5193047779302464,1.7118869460298844,2.7511565811592344,-0.0033455634563734
2.8034667039073,2.1250389159261287,2.7956088209151053,1.645501987387399,-0.0129573068654566
1.1394731508864486,1.5722466020117174,2.5892360738990505,2.0966898802600675,-0.0159628294445736
2.564690660290105,2.695401779591185,1.9843404311336263,2.570993140399808,-0.0054327939061254
2.69784189507082,2.3257124401767517,2.9976780443697364,1.2145768485352768,-0.0163030020374249
2.890507728295604,2.877587609390157,1.3435678699405125,2.19826990160799,0.0049105708732065
2.0790738211269453,2.1765315438510693,1.839435044913153,2.1615275002038232,-0.0063327671855628
2.990260446676233,2.0782856566731915,1.56770536181661,1.804599127952039,8.726833767831381e-05
1.0960820232399358,2.8301877997479403,2.531594371453377,1.634134535243049,-0.0663286512732038
1.6411433645471496,2.681129901009752,1.0232011991283816,1.2182895720860754,0.0958761139556989
2.9413984679844147,1.3552853195302037,1.4636401605726372,1.604240029797564,0.0028331382714062
2.859994316578629,2.0149124133332323,1.9827687201533888,2.0463999884513147,-0.0072010708733772
2.1838702197713467,2.441388731165821,1.7667611870916835,1.9580404313411,-0.0067898262539222
2.5816494167456536,2.884437267990215,2.535857067789784,1.0402520875309205,-0.1109092112678893
2.560603296947394,2.922328550938307,2.773223234966378,2.5646814994119618,-0.0054257151342562
2.648356930273871,2.3658522653481464,1.459385615610117,2.6651734924723662,0.0012447246158417
2.492954171543865,1.97449093434228,1.5883943547177275,2.1764642639296934,-0.0003226799283663
2.641016149749521,1.7843332693324645,1.345887154631191,1.1662950006305943,0.0221030679048602
2.860576965429381,1.8978389629200505,1.539972863178375,1.199231539732233,0.0028288786106592
1.9386526993253927,1.036180197602457,2.9932155253738406,1.8350067938799943,-0.0030193089967301
1.7589394876535658,2.4766772574841336,2.7578305630404305,1.7175225165523025,-0.0230342774286476
1.2445528268575448,2.4717646896355623,2.863376723562882,2.658048692738281,-0.0066673252928352
1.8768099509857057,1.3364532970554142,2.3965387553827493,2.813164231368593,-0.0038055227256787
1.1997145575302648,1.9429903150902,2.55222865480759,1.393966279994696,-0.0659547393622995
1.633158342821652,2.489242452974609,1.066362463562901,1.762123302797292,0.0281383979618951
2.178181300766747,1.9344886380865969,1.1424134841586076,1.224424145614606,0.0436439097116717
1.8199165625911495,2.619299021441209,1.0470507156948683,1.131129082154111,0.1028212157061586
1.224650914592564,1.6713566414673104,2.5678327289733813,2.511697831413512,-0.0093736962003709
2.0076500017866987,2.431701587895647,2.6316895351489533,2.4724836410061477,-0.0081497886627568
1.1572454076667869,2.978174821284141,1.4706712807655786,1.3921038070556098,0.0226494440270056
1.4043650878633775,1.5685664900203231,2.563721076797989,2.20891127195976,-0.0113197181830887
2.4499863245336835,2.7929116053145764,2.170536601644893,1.9554845828797145,-0.016957354053015
2.3037689005909963,2.243532171386596,1.0508322396747176,1.6541614005807186,0.0221479585887003
1.8863570515723016,2.3229544377387104,2.7281171360658973,1.5032488905651684,-0.0318424715285184
2.7342618016787545,1.1629971201750682,1.099765911519202,1.746542801062961,0.0077074064198989
2.8031984192822064,1.3299470454279132,1.8184295672281532,2.4061065735395317,-0.0019322093980835
2.1521043364875827,1.379104044795424,2.806241720661453,1.6686462654033796,-0.0102326596909872
1.243261726783412,1.5031069585305714,2.9995375827934394,2.0616601087738697,-0.0046162130331437
2.565328432221131,2.802118554059009,1.846385756846028,1.8479790567807184,-0.0108195606348618
2.2325606753893146,1.3110482522119389,1.024742592317193,1.6278121860057833,0.0144245084007814
1.0394997483490998,2.517491705441881,2.3439446340451933,1.1937203757503023,-0.1698974581353915
1.3495969275160222,2.780451140436293,2.7502211491615625,2.5132855936455565,-0.0109243567087188
1.6108315284745678,1.55139387890027,2.428840135208347,1.277873686229865,-0.0545116671190077
2.4892963130084618,1.1774586988124705,2.4720224713448813,2.2493735978196274,-0.0048284402833694
1.9648387287286235,2.8229831549881323,1.003398996573927,1.0300460089020784,0.1422445200218104
2.0631185008588915,2.488986114262963,1.2176641787544278,1.798619483731924,0.0160621610997469
2.190751641656143,2.8641833144065245,2.7346279856293645,2.2342912966394124,-0.0101718189442502
1.1659044736341209,1.1412776399849072,2.6031179784109257,2.4386475717178344,-0.0070941405279841
1.6842805828149112,2.7174748372762974,1.8336958779791988,2.4063256725004765,-0.006937295769427
2.890891994876988,1.526202170488442,1.8922459718724145,2.9169587396381043,-0.0015222054771091
2.7123044218562065,2.1663449909459893,1.431189568011879,2.1773289495243984,0.0025455240095196
1.3770460079085882,1.847108093441313,1.6211456393359551,2.804375848846491,-0.0007298034637292
1.5109652083256109,1.228459436697316,1.9196522010544548,1.3187084323998852,-0.0271888882802095
1.2318204481808306,2.48202824234889,1.7395237733211095,2.914964856178619,-0.0032150101152995
2.680672321312209,1.3011024989940183,2.069812293702601,2.038762827251511,-0.005745637250068
2.859311837326681,2.590037998882459,1.1555851482818993,1.4198721004921402,0.0278844438868232
2.6328222099169887,2.4020961426329484,1.508121205334502,2.6070267350153844,0.0007684242378199
1.7933054993608395,1.2812447471151,2.369931915955779,1.192372973357899,-0.0502873677781275
2.8402784653612647,2.9408458637911146,1.5796130208040378,1.487778657316046,-0.0006617455376563
2.014398345579772,1.6706304239287402,2.9482006348826597,2.973788927518858,-0.0014199448713936
2.9100855733214024,2.202941155562355,2.2239330253565903,1.3058845462817903,-0.0391642035919019
1.952089637545316,1.5834415069684802,1.583942094034112,2.9784438261532893,-9.633438337311148e-05
1.649036811494638,2.1503447689408715,2.8973508340159704,1.3613129162802171,-0.0289550388082293
1.429820478382679,2.437280407193904,2.398585974940346,1.315376037374583,-0.0890825911245497
1.431659429688764,2.0782868337788107,1.464666659786304,2.603283279074601,0.002069110302275
2.445914893251648,2.814897308418998,1.7978536607703297,1.2037425134992916,-0.0345490937635322
2.964692014101619,1.269478038730872,1.5021880016756222,1.3983056748109373,0.0025571944557913
1.1357778057789532,2.9147090106074005,1.6953913653032229,2.7220469690711457,-0.0037456150774779
1.9701405010229396,2.057602703894913,1.7575878167732628,2.155891469711104,-0.0045404897958003
2.695272983076209,2.395551974257258,2.0153527932055386,2.2102224351967728,-0.0076300095041265
2.0173606002665,2.852389994905476,2.653301066739479,2.353056543774663,-0.0107336883968973
2.2111671428962287,2.5930079551031904,2.902187738029186,1.3277031537526618,-0.0275550224824394
2.008901312970345,1.6542849561758026,1.6718088542483005,1.4869072781519592,-0.0059996847354788
2.1092997357151373,2.079879232306108,1.8758018665860237,2.856248489049784,-0.0028937052422656
1.0409741486444313,2.220918084051494,1.9129299643565851,1.1430084006999972,-0.1077991231762646
2.8089126663899613,2.870564066199493,2.9452632835270443,1.2029854481873354,-0.0268118413867064
1.9571351155748744,1.59821120386182,1.0137828299120013,2.1841530082061817,0.0083959792981771
1.367775964341337,1.5565311018415504,1.772395934921109,1.385267192611567,-0.0200498740908917
1.620650221204773,1.61650708982931,2.827948989428529,1.5297271612712775,-0.0195222285123812
1.0437619438927326,2.4684756768410745,2.7886357857330446,2.9053141852325925,-0.0074678073026658
2.2899741504736197,2.2911476002331925,1.0439137423243527,1.6570313897378794,0.0228179495770002
1.331263746723462,1.379354122732068,1.630220837125532,2.602802689308008,-0.0008316527809305
1.9669183902818632,2.503554798618148,1.2278717064496325,1.3696192005744348,0.0374526902540403
1.4060510658317598,2.9394080630729142,1.0320068450292743,2.2508338996798987,0.0192749876325079
1.0713073752407078,2.8940740145008808,1.4888662102259629,1.4269432604845975,0.018104442909416
2.136721007558513,1.7943830192376329,2.5412815374263618,2.87896149563319,-0.0039163387131112
1.2960124007695164,1.344554554349554,2.704281455203967,1.1988041241474925,-0.0551533599053305
1.3721665834232957,2.8142158816858025,1.523432663837725,2.371779213658636,0.0017355405565308
2.707424399065352,1.834474673488129,1.45760561521313,2.8593131695653824,0.000776562720083
1.1533195403207757,1.714672080560457,2.5182554721065293,1.880362398929417,-0.0253025765445671
2.670469663696852,1.8378982597389784,1.9820685143415573,1.555155107633824,-0.0160076112105589
2.337408681298806,1.5394937960316974,1.2218435433097206,2.483985016567803,0.0032963111479732
1.245548908822759,1.5620538442963734,2.664640744619291,1.831949595829748,-0.0198607620358323
2.788509237009213,1.96225606874086,1.5598706335498065,1.2001266399623305,0.0010617644902326
2.3731809685292244,2.0735564294734594,1.164670275696257,2.1553082419971266,0.0075609788467148
1.358481135598953,2.1197597923758966,2.2394096668622483,2.411503225018957,-0.0129209714105751
1.2088594155281882,2.804890460853088,1.2705052170446365,2.748862479737441,0.0075353837106507
1.8701682516333176,1.2410890720311851,1.2745501249240037,1.7316804981309846,0.0085186224086824
2.5197209686457427,1.052743175659511,2.6631219690366428,1.7616131062818432,-0.0074571390574674
1.5221188418924714,2.670443245744734,2.7714691136645158,1.2563342353397753,-0.0712300855008261
1.3573842651468433,1.8340824950425805,2.7872112585235542,2.692025178399443,-0.0053810997953161
2.4292210624052686,2.3579133011071645,1.8571800027339216,1.033928120456829,-0.0568117587173613
2.933609622565976,1.6591097376928567,2.4591455232592603,1.2075212078287176,-0.0375316786421529
1.2524809314313663,2.7814458648335423,1.8101355672861503,1.4106607266025413,-0.0434953977354995
2.327608964269288,1.2468522839779124,2.1020410815290056,1.0070825513167554,-0.0546875907538771
1.1138316703413214,2.531771690224344,2.6410309501710203,2.8324332179606424,-0.0100544741935085
1.6418905034677085,1.1930581001334415,2.9072679906959,2.9471071589113227,-0.0015305357105701
1.0808555112550975,2.246532322074241,2.549554262228881,2.9965105746810914,-0.0085400597415133
2.2514448351881104,2.1127968778329302,2.5270749592062582,2.7012533981144404,-0.0053543808533261
2.853786123204641,2.210596782620906,2.945510428933914,1.847882184729423,-0.0056004813657759
2.6003791329823667,2.939456323753827,2.01807728634272,2.0323047271516685,-0.0125372893821906
1.6191084928692645,1.1871836712752195,1.4068165400076236,2.9577721454256336,0.0010895223744238
1.884273898708218,1.5470919887695682,2.905258105853041,1.5048403834568318,-0.0130932009122367
1.9610045852055915,2.413128893271569,2.4316815891146897,1.558492185212301,-0.0383619803854004
2.5679177820278576,1.2728602665648796,2.574495270715493,1.1110044879699943,-0.0390980174298789
2.4951342983222293,2.191917369609037,1.8422242017777968,1.1793438810538004,-0.0330240725433993
2.7480329064714715,2.085609223577502,1.2677731662032568,1.735103695842734,0.0098787759065848
1.3828846878055847,1.1584142776805049,1.1549334497807835,1.9495699847252304,0.0099733961273706
2.0973111081323235,1.8030487717789707,1.332614635772408,1.366505005042589,0.0184407879017984
2.2010835653756624,2.176864702914503,2.92834892305176,1.4091570194556229,-0.0174525099647506
1.5679776674432182,1.7840926330947569,1.7195971890291095,1.4161678360643228,-0.0140223394257378
1.5345682391622653,1.7477094752773883,1.9419356539017207,2.309907356930787,-0.0074560265010658
2.360983872250837,2.018042322535484,2.6671433718978217,2.404279310720055,-0.0059666953311348
2.3607236115320567,2.969911367378604,1.5089059961469498,2.271810983063891,0.0015812712283925
1.4433617183514722,1.190105124216787,1.045588121731568,1.8605600490309315,0.0132585245189387
2.740654591677444,1.3456501038178417,2.252220606330278,2.0551410575935054,-0.0066065682820205
2.7610661762796904,2.526508171516769,2.7336684055802043,1.7856846393814874,-0.013970940948616
2.190415884237915,1.966801469504062,2.296572603479466,2.5855396359753358,-0.0061569660792447
2.345246551669392,1.8483831042426555,2.961482679133869,2.1673696731953247,-0.0032570203615135
2.1931612360454533,1.3929627847639665,2.568223468072875,2.462959359280285,-0.004624879083881
2.27835743471796,2.9587934817534967,2.13049155295604,1.614396888652054,-0.0331517145074574
2.6484650522557525,1.9358248525266275,1.0080647569720709,2.3141876165800226,0.0063531474712598
2.0252148476430314,1.4395712880937233,2.3305160826723386,1.4271184240984198,-0.0291534829476487
1.3025237918576398,2.6169683552937637,1.139350557611425,2.2121255889713494,0.0168314611089656
1.8325300128376043,1.598876618403261,2.440163380254876,1.289415745372516,-0.0478975293866394
1.6582268835577725,1.1597356982816909,1.3415474244066987,1.7992162446784958,0.0063439436860553
2.0115624179277978,2.4671102167821743,2.6998710247180897,2.2365382909919904,-0.0101145499138078
1.3713439263856018,1.5722488094176508,2.429230953933179,2.27828966744298,-0.0114493162943505
1.4109291273830908,1.925716673486284,2.2618439601067224,1.0686225212152172,-0.1311345382294946
1.0436853886492063,1.2527675335570307,2.375932065016229,1.114027121487554,-0.1035515307924925
1.9426836801700185,2.9042464051361643,1.921761193438256,2.879965632830592,-0.0048236583665549
1.999911591534948,2.510275721751685,2.528088931099572,1.7254035348064938,-0.0274620581316915
1.4129620490143389,1.7462531140360262,2.401844963721522,1.4796544036467916,-0.0453486735421048
1.4888083265308782,2.3142075558965924,1.1372262832531232,2.680053638448741,0.0073492642053926
2.7163792256217505,2.007809709443058,2.589217591520136,1.9204267400983224,-0.0111286605061974
1.0969021638619996,1.9195174318894652,1.5303290392409616,2.357260796948849,0.0012892659555932
1.287086706328078,1.0646756621237006,1.852413606659305,1.5664808727120991,-0.0137149743201372
2.3086573086036086,1.9717848924125616,2.4401703778137085,2.684960484298548,-0.0051929423561237
1.0346862661297054,1.7383830622248055,2.471253097214041,2.97928023818956,-0.0073838418013669
1.9189187719383765,1.6031096949327148,2.5217417139028733,2.3416671224435373,-0.0073444629995498
1.1275230982813644,1.2703242104726415,1.046899270370778,1.81804128512638,0.0193882856501271
1.346614562650757,2.125124835474483,1.5796966351296984,2.10434467216228,-0.0003598189428894
1.986621269300172,2.7358334224813907,1.8670223794907288,1.0954194956025376,-0.0698324963822442
2.015591002676979,1.2399002919762434,1.3808441353154266,2.507080300022426,0.0017279765005148
2.7503757542743656,1.2096240196445165,1.574350146625286,1.2409821095161788,-0.0001952382696239
1.031460778711863,1.1185104072125658,2.760956256952509,1.127977366630027,-0.0622182936970286
1.6000286494420417,2.8136953677572407,2.3032725124501248,2.563817974314736,-0.0123860236179076
1.9541342187898367,1.3782284096153496,1.580360965991941,1.4303894580812846,-0.000550246642722
2.868266009713996,1.916989067810913,1.0686000521232375,2.8936713073840963,0.0027783832024534
2.2076329207690386,1.485472427696916,2.616351462072428,1.023698209171401,-0.0649612612347393
2.6053274225770098,1.0999555487214787,1.229680915337772,1.8547256552066669,0.0049803313647724
2.4201613374923987,1.875370051501816,2.8551043189104286,1.627877080427531,-0.0116243116717384
2.511009036137537,2.3744216422179223,2.7946843931932164,2.1878387971477413,-0.0068923807943194
1.7978718300987586,1.7310788583639642,1.2237011232555544,2.334713166570518,0.0057777444094541
1.445948444345177,1.00583133329148,2.5273047804418383,2.4872711092671222,-0.0050832411961905
1.3025153969923686,1.9331173157265404,2.3896154777852594,1.7801936696053724,-0.0313317085963716
1.3303306778230843,1.0708695592591433,2.66144434202202,2.0622116490961844,-0.0089770633262071
1.4304812285029649,1.840643884080432,1.8301796265923425,2.165347766311656,-0.0075006825295466
1.2446063322584626,2.9838808069757485,2.2215953914357334,1.2617002818972285,-0.1373511465174125
2.5195332881471164,2.571866395808424,1.5449574414614258,1.0577385553607306,0.0053184507576701
2.5505472731300998,1.5255586821743548,2.560295494460745,2.7685867230494137,-0.0030879314087342
1.9589871251881064,2.7380174787841964,1.7271363056294673,2.65259741995278,-0.0027496163389876
2.461082713722062,1.1139865754725482,1.5142759500339638,1.1849186767087028,0.0036633569654371
2.463992253360098,1.6608297578964129,2.810983859695796,1.35448648762325,-0.0198823118892522
1.6326041331361485,1.460321381170731,2.7727182030969204,1.3628074263475392,-0.0283738146941666
2.286439713874969,2.806981162302592,2.1137845245856166,2.9287005189981583,-0.0051613246587472
1.9851915204321728,2.297002904751219,2.6631710546799976,2.947066303817325,-0.0044105547824075
1.9484465269261415,2.924366003933814,2.179970524626021,1.498734111183364,-0.0499458316534303
2.3767038389041444,1.527457553317298,1.491102234392321,1.241801359268687,0.006358209071585
2.534448148012165,1.1566820578658,1.5476479692932652,2.094846562946908,0.0002742523451511
1.6302381194397917,1.2862632287855738,1.2692990374513309,2.816331520052588,0.0023909875217837
2.988649970147952,1.4918270535729456,2.67780145917902,2.2925134227583817,-0.0039570601795872
2.935571980500963,1.7515134761454183,2.116479903354033,2.4366378881770467,-0.0043679662345251
1.1853099807537049,1.5359195281193074,2.714516228907988,1.3142692282039758,-0.0513741591574037
2.4197270985395254,2.937907002261448,1.6387739236179255,1.2509458981267634,-0.0100344724143285
1.6175940972940164,2.820104460106532,1.6567921920350897,2.6632903561045227,-0.0018853230748531
2.101270043905447,2.9838032880330587,1.2792942577051427,2.041311164498928,0.0109705012440156
2.7992489026678182,2.695779596594895,2.343914168527348,1.0335937471518877,-0.104074333540038
1.7830138922321257,1.4337413884900514,2.029226289413507,2.094573003521143,-0.0082901967518093
2.247167177058769,2.9123207198421035,1.106288324226724,2.8841373976356817,0.0051651965699006
1.3445893385006935,1.2151852169803905,1.1498300784221562,2.8594426532737574,0.0034418270280742
2.2873113698315786,2.37755480915151,1.6239874389826632,2.264000304138814,-0.0011352899518933
1.3281351261415937,1.5591635968117468,1.475250353564811,2.606889249026416,0.0015023084468568
2.1303876507546065,1.1356731608801127,2.183547580524075,2.418539206758027,-0.0042324836758894
1.8491839879203005,2.909331608222842,1.6265225513789996,2.2120601864739875,-0.0019297178475196
1.6425052031479537,2.5388126420543906,1.957693622492492,1.191010005279894,-0.0763213012351988
2.557452256260752,1.7912837819776155,1.0872313042866222,2.64671034880303,0.0037124104594047
2.531659774369013,1.957348538998452,2.171713249458909,2.4293923306855643,-0.0060033570228204
2.0764398897044725,2.460621861345944,2.400889278186691,1.8671523195057125,-0.0216436366511336
2.0897073122028056,1.1506709592499942,1.3945119070801817,1.170159345964922,0.0141651421058257
1.8105880024806604,1.8372967416814772,2.044559063786038,1.1040840962457492,-0.0730762953080093
1.6360773131496509,2.838618518800089,1.9519029540649069,1.833358057649536,-0.0232071339467703
1.6795029517151865,2.787012087329169,1.0664873113748965,2.900197521809977,0.0068703110064827
1.4038091113318625,1.948056792471702,2.179551696521755,2.859154731995977,-0.0066493071203972
2.6127088847894617,2.549854245976986,2.689506082277328,2.8770223962125256,-0.003844599526921
1.502970142021459,1.8847770593061528,1.5869976559611318,1.1624103009377644,-0.003087573619285
2.892886975381938,1.9087208845597583,1.5228276987066882,1.6986800625683909,0.0015391412229194
2.582501462142593,1.562581100403469,1.1194060715445926,2.966170137627178,0.0021726700933795
1.3597341401425858,1.1150543241600783,2.179619133881709,2.600545844714281,-0.0052223489834427
1.2861240215225231,1.3475187249343257,1.3950693694010563,1.4444358714628072,0.0142866095331998
1.7830060293239247,2.131155585616205,1.4276235724991673,1.849445274121561,0.0063702789383091
1.9620065826340636,1.8638792580568528,2.4542565009003843,2.7773529595018864,-0.0051915721433708
1.3285985836486511,1.392958809725295,1.9458527625421875,1.2873029403078364,-0.0399935993136798
2.152989253169446,2.8720216937065333,2.6967596955884616,2.874826648002475,-0.0052063795098287
1.979385365609425,2.645894606969166,1.7676383865560603,1.9034736159166703,-0.0088747067828113
2.567057419363434,2.005442255667602,1.0381018569653997,2.017674151509901,0.0099334399611672
1.0976661192127626,2.558591767651967,2.513642858979682,2.7092051434130826,-0.0133041946149496
1.263781995507984,1.9024176476271768,1.5576358941584687,2.091271091751965,0.000517051866408
1.2534094690209594,2.963905740148932,2.7456744343323405,2.151582635156807,-0.0201670281319053
1.1102487057031174,1.331206646845633,2.509409810622583,2.4331384469403634,-0.0094730261310764
2.8261734605483686,1.47812017821773,2.8938503391204047,2.7468577433349672,-0.0014321748076669
1.3235919845837103,2.688619666760685,1.0325111128816922,1.6818934101595182,0.0448652173437147
1.4140541699567255,1.929906422777674,2.20608372102667,1.7903391444845969,-0.0271189125034419
2.624241977436971,1.8518420191809464,1.2064312961273351,1.2042294696042135,0.0321201499730926
1.757070118049766,1.079932607412644,1.6377729574515791,2.5966444639303816,-0.0005596354408422
1.1825225260312924,2.994422045474095,1.4574847473612822,2.7967484494967,0.0031045971186104
2.140042216257436,2.4196060827282384,1.5292351695807926,1.2223498169477995,0.0061352827889539
1.4970328079451731,1.5676878512562689,2.410782521529655,1.3766158869447744,-0.0476297072489589
1.2682559871736545,2.998799913114487,1.502349197328776,2.8442995223152003,0.0016738784412425
2.901165441747356,1.1926764339116485,1.6076629266724165,2.993919013855147,-0.0001347041230884
1.0965945258037149,2.665518633558258,1.388917489885115,1.956929145278528,0.0137747487707679
2.4691039387496243,2.417291575998366,1.0783179721053884,2.7865317061074903,0.0045004242440591
2.1625980352399257,2.158338057898151,1.671670883781998,2.603886374152005,-0.0013521362033534
2.841984220309012,2.827341929852625,1.4170685280480408,1.7241335991683633,0.0070120305873607
1.0226412865113566,1.9739053775741724,1.7921637069076577,2.9937743094657376,-0.0036786545653257
1.9227065157101004,1.0667417134642314,1.65627104733328,2.2882696775198985,-0.0009402782619999
1.628266408411225,2.196084353458626,1.9191517416117687,1.807110097527612,-0.0175058072770741
1.8223595296744144,2.927690951522661,1.5441294572458435,1.3824831909702564,0.003868914267581
1.1532705633528946,2.3671617447778046,2.98277276187473,1.6560431288064743,-0.0168488528731156
2.932595059129621,1.4072947649109104,2.3636527192396524,1.6674987648574384,-0.0123529160136387
1.1750001328645467,2.2229751205057378,1.6446383822091395,1.339340402747346,-0.0138311754662387
1.2397610882883912,1.987145446522533,1.8856380288126,2.7476391095508967,-0.0054315947165144
1.8177165423360664,2.368385540234867,2.3232206028029183,1.0896658463345117,-0.1199451072934124
1.3736747803314913,1.409534858153939,2.044943810395322,1.1818323081934916,-0.0602820033382562
2.8070746482135,1.576093047996236,1.047522352810811,2.1804311256704896,0.005596928972971
2.067682052962527,2.798129951253895,1.4474141456898857,2.487926029177562,0.0025622353966621
1.6050100047426326,2.978338351266917,2.4352946867692475,1.2749037624797874,-0.1055572413826729
2.509392122237851,1.865694040660624,1.087703752218254,2.858706255126032,0.0031253483334994
2.787973006869751,1.8353219848953253,1.8301188489115976,2.605567308904133,-0.0022020160387058
1.3198486464083552,2.1498679697855723,1.0914549983270625,2.365016020050547,0.0120295993618353
1.239771453900294,1.863812610562964,2.275682403559921,2.7831732796574427,-0.0082161130213675
2.6566349655188373,2.9245629763357788,2.294639457488925,1.571330792808539,-0.0336130695901227
2.81597308139163,1.592236955821658,1.2693284411616104,1.0862915615434354,0.0298574500681213
2.113679154156359,1.3611590836085,1.3991669566961298,1.6714645068303045,0.0055401181139239
2.679153815570797,1.3342533247404729,1.104376285345249,1.9769927053516665,0.0061800573069087
1.2121652005119217,1.4278418656145602,1.1371962726752811,2.0400349623056013,0.0126281108883193
2.48594181330217,2.0755373436248945,2.341736094093234,2.893905603778852,-0.0041104209984335
2.381511790360877,1.8806377552531048,1.584061190087772,2.3643727347309094,-0.0001891767719055
1.7348475798432956,1.554019318636189,2.1513168552837096,1.162325113846566,-0.0624548763145341
2.2816008629415823,1.2562174665616996,2.9576000722144027,1.4287774691612498,-0.0081058194774571
2.366410685697551,1.925674444461974,1.5885271661815492,2.09955743676394,-0.0003720995363685
2.0205906919300385,2.5619146008294456,1.220325286073776,2.865098523944371,0.0041501800886677
2.5640712061271134,2.326385116109899,2.894797150860865,1.5101751784461857,-0.014898345119793
2.564767122337344,1.3656439696053997,2.326296643884872,2.47538279260945,-0.0041827987256927
1.789879136627846,1.2664923015775378,1.6700003059377837,1.9673245925979312,-0.002186442873921
2.0879827009887064,1.674516258332436,1.7976898525739642,1.681738630691995,-0.0088229052541475
1.207405893583471,1.6245006432887332,2.5211678975192746,1.475078458968636,-0.0473392218439984
2.349322614437103,2.5902410959701614,2.188436414457567,2.170601859609511,-0.012151252127345
1.657800760545484,2.70036343434209,1.0982721019597812,2.056272734390632,0.0181257385044626
2.457423469227206,1.399185573999708,1.2819503362688072,2.680565944199735,0.0019269168110038
2.3273248510066358,2.6982832064291338,1.0833557822741953,1.8774915147197964,0.0173068049291216
2.5828911133530426,1.0857849450542922,1.0685208179481325,2.412987024214652,0.0030140888024475
2.956532891340194,1.717927621934903,1.497989719185355,1.19376071726175,0.0059158432462404
1.8392198583800456,2.460324121551525,2.455896520739742,1.6507582054451857,-0.0347934617663297
2.515031986622264,2.270578725763712,2.784199719766165,2.338673919711434,-0.0055221573997329
2.6002136022597906,2.591201827068531,2.4763922737407658,2.4952040438889465,-0.0074367589549125
2.517657878726509,2.6812269073173685,2.008791828285241,2.6652894570413816,-0.0051575942353363
1.852483360396201,1.7251157708981788,2.3805475941786325,2.4599612245657303,-0.0074583918930159
2.814825241361328,1.0554584774429523,1.7356692342423972,2.642516163021116,-0.0007854135972423
2.946261235635647,2.679410961475696,2.772311902557396,2.2552984927612703,-0.0063708528355535
1.81225080832297,2.1446671400791493,1.9038290443371069,1.2178186723643518,-0.0483271657354493
2.594787211814211,2.98374619154672,2.158733580382368,2.463797656715056,-0.0084711163890508
2.6812537570005057,1.5418390702712998,1.6323525136983503,1.6985672373301597,-0.0017200392989735
2.2312005653424904,2.2525379014670337,2.024584885394545,1.4988868328630898,-0.0281995712656921
1.799401867265954,2.5483640193963515,2.281453112629479,2.28684491219328,-0.013977651231305
1.7389965081245984,2.1727722743230213,1.6591955934121,2.809848124097396,-0.0011823937981631
2.8323522123561387,1.84682688808448,2.94969627357631,1.87684976630047,-0.0044081262539849
2.1274043394177693,2.933939694641332,1.418876567053442,1.3765310247192863,0.018882777181144
1.895296018940511,1.9970582213756285,1.4196839296473431,2.9223231655679864,0.0015000605688474
2.2697473985515804,1.951474994018472,1.1436174099533043,1.2734477211351158,0.0374783845765448
2.475159032511224,1.4941865557405647,2.182014756045895,1.3276310068543296,-0.0289433170908986
2.853712775664194,1.779115239306977,2.328126103973778,1.2893861131280568,-0.034661039708565
1.6857989051686848,2.5474311995457315,1.8350344966767285,1.7042966817741934,-0.0183721910631264
2.693947535496428,1.7421322481661998,1.3472954629778178,1.916593502350033,0.0047394965487985
1.1319132379424672,1.4312961475300174,2.1137940654035,1.853962646614752,-0.0209567588666136
1.7646871284240837,1.888006369828525,2.3284268561504486,2.2827561537875045,-0.0107193512723501
2.874809173106928,2.5134893341084776,1.3874015579948975,1.7515694307459149,0.0069646982454241
2.278513220298564,2.4886699500111757,2.8603884961575226,1.0455747836912117,-0.0608194430056264
2.241499698940922,1.84864381317793,1.4188522830058683,2.1166506011393205,0.0031063975743754
2.4805094296738006,1.3927003833230116,1.223382110597802,1.087632844260808,0.0333505755986854
1.3393397717643734,2.0601454493568925,1.0242169040675702,2.7612212680171035,0.0077453070581352
2.097456090869102,2.363001008898636,1.9631473072777408,1.6648480707705968,-0.0205925930630321
1.208896505875175,1.031423355541446,2.863099281649345,2.5667052355555557,-0.0031838580920867
1.0955368053017749,2.2127586735045446,2.2351404132494426,2.2733957811522307,-0.0199208844839904
1.8815681242159303,1.893963487153891,2.044920028668616,2.545044827369038,-0.0059212565296181
2.3620575872667144,2.636355880855425,2.970415003119057,1.1162873311321362,-0.0321533987970675
2.45909528796374,1.7772234387110513,1.81881337540662,1.9634951203659736,-0.0054239046650168
1.524461403690649,2.3805313309574023,2.3444239756220435,1.9399927878405543,-0.0255222035158914
1.347156777777623,1.7254328608784892,2.513543256414673,2.5653580898889747,-0.008610881921344
2.177955689772876,2.0418963725354704,2.885312760972682,1.925778300850434,-0.0076843338233601
1.6255023933310924,1.3647169075314758,2.5540743188633552,1.236573176399207,-0.0489034255049915
1.814404417865288,2.904048950424632,2.8394624382419944,2.2858987372527464,-0.0090875340367109
1.6374789642501817,2.688724929106135,2.359186832104607,2.546189898898197,-0.0118733122472102
2.2508623001946906,1.02733889767555,1.4640891620351195,2.267380865022444,0.0009899075099133
1.0944132141299523,2.4818396210046414,2.3733878665334918,2.8874315622790947,-0.0112378146829825
1.1581745196175806,2.8914673468177368,2.3329399722856667,1.2886902156642002,-0.1390945805431191
2.662036987126241,1.708673023914022,2.4249509139538103,1.7917011338876496,-0.0131950291154456
2.7766486480560197,1.4053635471780015,2.43223272466187,2.51735745050403,-0.0037434582368223
1.8829395473769293,1.369007219937788,2.790754060144277,2.07794587636379,-0.006243728576588
1.16194749333917,1.8878353529804648,1.2651278472991414,1.421100054440506,0.038785444343607
1.3284881461207094,2.145379822152658,1.3971118019931643,2.9193928781968754,0.0026373753745591
2.767132378625537,2.686745123686239,2.286769741054888,1.9335794959867625,-0.0158778571061623
1.1659134368099384,1.017436349453955,1.572496251956343,2.771360780471653,-1.6638037475210258e-05
2.8790104885489987,2.3135344717052626,1.3455922021463549,2.8399158424091704,0.0018231374228178
1.6189769112206491,1.6119690516712035,1.372901418626773,2.5902387928518933,0.0026365995153059
2.9455118002897667,2.730244539155789,2.1125206084652977,2.3599412804076296,-0.0074381247978575
2.753417817410201,2.6664700655376627,2.3702594548707805,1.2084372326852808,-0.0654789710759869
2.0609501370107868,1.935734785103381,1.0943859007540306,2.491142410191989,0.0059108509303803
1.2632238804994451,1.9951722938023877,2.4909966748434025,2.6439504169406245,-0.0098320228123499
1.9785719357468083,1.586954600283394,2.6697697379297995,1.794546426812463,-0.0134139197516346
1.447607399085458,2.123694954869056,1.283552794561663,2.367665496205597,0.0071694319211271
2.58014171853242,2.7693517897680104,1.9981674144186437,2.307583456767328,-0.0078658628643431
1.0230099283638463,2.584944607411206,2.397781636319271,2.9246646887857564,-0.0120149119030364
1.9486186100515768,2.1243780080862096,2.4900624691646067,2.9348196590326645,-0.0049646292590328
1.061141066292083,2.131606960155999,1.2853648432774607,2.5854050902780905,0.0074974140434536
1.6296489702597827,1.371628518638735,2.425690487865371,1.38710789364529,-0.0372807387326483
1.6393558863871227,1.477662345539955,1.899126316841738,2.4676293021097235,-0.004371307680746
1.0917894152204242,2.3894074864368107,1.01719845115659,2.3626493996646225,0.0177169965672809
2.590211245966404,2.719691114021966,1.8752985011855872,2.6134936236962143,-0.0040163937044883
2.1445033543021608,1.1602684059937238,2.731070316392321,2.0228595305556016,-0.0057100887096161
1.7815217453539858,1.689248446148944,1.9869154247640688,1.9718578513115468,-0.0109159098036312
1.8528884088125817,1.2740745220350298,1.8134764864512465,1.2906289948042833,-0.0178114624800186
1.9148136980164736,1.31007142005025,1.56305546884398,1.2623601415085763,0.0006284949119385
2.531050873040994,1.4824515550635204,1.549414446333438,2.273833723268516,0.0002542309599015
1.662027532667958,1.4215989682733228,2.430008407957974,1.7780481844940887,-0.0179655248749042
2.368785639445972,1.2308009426570403,1.2445208462306978,1.722357802532046,0.0073708227428573
1.5502954969322815,1.350746466309587,2.776627681507531,1.1666230117648266,-0.0436773294479204
2.571319397308135,2.3583730601964263,1.4983619186938149,1.297127381074136,0.0072417704218069
2.919773177090443,1.0432485564688672,2.830232251074058,2.6894604919049883,-0.0012787256786063
2.371536031028942,2.6948096683717893,1.5271613874538936,1.1378750461567475,0.0080243342352997
1.5896004725370052,1.8546371955274903,1.3002481862010546,1.379071299516126,0.0273503890017098
1.936596966357909,1.48980743584106,1.4198858371879628,2.531253517985471,0.0016830650306164
2.0241780252009,2.8226809920538747,2.087634894712938,1.8862379153226287,-0.0213104388808656
2.660528569547063,2.605128302576754,1.783381056221048,2.0684930803483583,-0.0054472607818437
1.0307763488616837,2.6166758454235266,2.1312158858852857,1.6615041352170046,-0.0594880560558407
1.0719269506265756,1.6767860296612325,2.5937952739883148,2.6037932702246094,-0.0094053304481852
2.0232085669901734,1.152119172920779,2.8330087290680206,1.0761499632021834,-0.0315641506868188
2.8291962703255646,1.6978439415893798,2.4444962566586708,2.0558512601381445,-0.0081158302012752
2.981997504275224,1.1386356476057675,2.5405340278481936,1.7372239123682307,-0.008109274320561
2.4007963634653686,2.248227606932941,2.632302740397159,2.310525056063068,-0.0077152415305322
1.759685099084879,1.3565600096092476,2.635571934747809,2.40080155419762,-0.0056385755841028
1.330573444958649,1.8410572290024,2.3799649469877298,2.452934902687894,-0.0111779148183013
1.39117794838035,1.0886795436048675,1.234775314550684,1.6974662302537424,0.011890337652924
1.936404803873243,2.889243255713587,1.8703417181341444,2.3294661342278298,-0.0079450375021773
2.5723630629301315,2.543630395073193,1.3089061569572944,2.7138831803365906,0.0029534949981697
1.276334000016035,1.6713583935377792,1.821758496218551,1.7317684122194252,-0.0144798702264647
2.875500699906868,2.426382267723345,2.9232129617597096,1.551068805647598,-0.0114177292153196
1.3741548907134893,1.354996467087051,1.1831754935169925,2.0703999421455634,0.0092821827622772
2.01610863012532,2.54055628145592,1.4982178311521863,1.97737364053338,0.0028141148188458
2.8199461014142977,1.1636848821373604,1.198150305482809,1.989778842027788,0.0042404375141302
2.810639641293001,1.6117365409391806,2.411261547794385,2.625923423200725,-0.0037573778794809
2.8693511748286573,2.2277045133784235,2.786415982684568,1.5752411322058328,-0.0154607113501546
2.02132803020589,2.5496157512460136,2.530546285345865,1.8584345501207469,-0.0220455310175285
1.6504345445263766,1.1470981509368592,1.2509575043126449,2.83897945791005,0.0021643391204442
1.7777438688743803,1.7255161312360223,2.860046546154024,1.280992037223584,-0.0294220816080296
2.1680127574194428,1.9564274759148912,1.4842856389138137,1.6446110961911382,0.004168927979892
2.459846951110227,1.0045228097755263,2.537533140198503,2.4752958767109883,-0.0030049710593236
1.4512490634463624,2.201899868896392,1.135774253742566,2.924621987786032,0.0055338102311288
2.5981157408104902,1.3862555430048586,1.125289361389202,2.7521510363861736,0.0023761115443255
2.057638671425879,2.838038856563037,1.5652023093591945,2.026081965487358,0.0002214646107017
1.2082749405779745,1.3766334593342566,1.597156801886662,2.205392150123002,-0.0006681261926587
2.416585980100182,1.659751088781105,2.513078515828153,1.6463244971471032,-0.0174758085188725
1.195038916629013,2.7946196583004617,2.1875300118574907,2.2129321718598014,-0.0243066461314132
1.535087722669752,2.791062721354104,2.604851896658371,2.932951538095826,-0.0075600760240959
2.562466429546131,2.880481360383901,2.7009088366678653,2.8498938817803188,-0.0044730093446899
1.4827353134100798,1.8129804654004391,1.7206669653508406,1.1841346561809971,-0.0259556191389179
2.9742907471632947,1.6569231857622857,2.8663714576102706,2.7284089899356148,-0.0017124860305004
1.8208439693847007,2.7576053880273323,1.9418280490368964,2.127491222888068,-0.0126870962351431
2.8771299989074937,1.4564963162397868,2.140643707237322,1.276012392251117,-0.0264237479323635
1.6370957325316342,1.6694537353499197,2.930264917520015,1.8044682437391883,-0.0084979147342975
1.2198947735807115,1.606249492647124,1.625942360112954,1.0861486776020273,-0.0135010525449319
1.843855964035503,2.5639729400833566,1.07291009855451,1.4590806438813009,0.0448419742374218
2.4822910272861014,2.7979605428181906,1.2578174851302135,2.636671355030673,0.0043003741871113
2.077167724354661,1.6015190740897998,1.1694299658004614,1.829935814809512,0.0108023603708917
1.378471240055751,2.973774211193616,1.2586979537257037,2.6353696497883217,0.0082226386492685
1.899041091378036,2.857854495314112,1.351807147927015,1.671408541679838,0.0163161356434447
1.4301651501088106,1.4419905888028082,2.808668526716612,1.108077042781193,-0.0546441823179512
1.066885509610615,1.5081475269284383,2.867898044030544,1.8465513177877135,-0.0139479493879576
2.717543737773012,1.532969345495995,2.1642549411426097,2.936204645302406,-0.0024663891116353
1.1121849394150582,2.223844544282546,1.9464590956880017,1.0727042356682053,-0.131989755522132
2.087403923228766,1.165853017282397,1.1387790616159432,1.0605331026434437,0.0425037588583261
2.67240821155581,2.5077328942016046,1.2661353725091509,2.3679843871154507,0.0048278733355403
1.068323456737871,1.5473323930568172,2.585731663252255,2.5292024435073066,-0.0095795226099237
2.9632421596172667,2.666603683915368,2.0130540101103813,2.7389565682358903,-0.0040442522095692
1.8792358472829112,2.1722745918180424,1.5184924008582386,1.74722512524349,0.0027010968649888
2.2197489479588075,2.205066927704705,2.42771477853796,2.4297261500710485,-0.0081821818952475
2.404417145082269,2.891258923020156,1.8316213237899024,1.0406535247321882,-0.0634659626655644
1.1691496732547904,1.1700708695891533,1.5492348593426462,2.906720894807638,0.0002096945547321
1.4774871357126702,2.610744774962546,2.212457244268312,2.244147869558023,-0.0178965592758634
1.3474993904916532,1.197594314337636,1.4078048683357487,1.837384996515657,0.0054769370537249
1.1485778483300824,1.399853517752259,1.3071179841450034,1.7429907770705502,0.0138262005180826
2.4920388930851805,1.5663396745837177,1.5227389665108264,1.69658555583932,0.0014743692409375
2.0908058554781803,1.0811557372247635,2.883963480873869,2.6780260137225347,-0.0015836044927793
2.48997827928662,1.0844138359826418,1.0244980376831876,1.2039217058939633,0.026449253967584
1.1896275391936888,2.948225257272113,1.0690621745539848,1.0394694400582642,0.2221255389995461
1.57209061237605,1.5184374000758265,2.9302571568632563,2.7596007119093136,-0.0022503773493108
1.33740859851315,2.123102140855165,2.016251429617265,2.845100168106716,-0.0063984752219122
2.474882941449758,2.790845957614171,2.476570060565624,2.8493951125186747,-0.0056506054141531
2.03056242179285,1.4992819469294716,2.3034564489368097,1.4134011105109627,-0.0310407193509821
2.52668617679559,1.6483616177522291,1.2578261524447392,1.852661449485696,0.0071744389151461
1.7497663492848547,2.830051430189902,1.7053964576670555,2.1314681134256857,-0.005302448091334
1.051115601206526,2.391674960570032,1.249553538544954,1.8888748622565357,0.0241482733458182
1.3789332068363145,2.240843040007956,1.3729587099566944,1.4784321310024986,0.0231362223148214
2.6130788266894465,2.381081953509353,2.28295851121631,2.809179477246361,-0.0048538832759189
2.1720125879513903,2.967950358070949,2.0464512270082738,2.7993347650881457,-0.0060538247416756
2.824504330899057,1.3218116508958748,1.6599819772251097,2.2063578894174705,-0.0009227848078295
2.6207038398316733,1.729888176301278,2.015614347945409,1.518712158506465,-0.0174738302837496
1.8828866472740893,2.304949065910611,1.5622713857647834,1.7038225367300897,0.0005036696877519
2.4615424099778997,2.501431622604687,1.1817995647418995,2.557674796094364,0.0050882918654399
1.93823201636438,1.0985156094888004,2.2786655550907198,1.6187571537471688,-0.0157577732784859
1.8845920869498525,2.479683689436515,2.117259149265035,2.47898896030834,-0.0091545680614872
1.1880643475873556,2.582991244045241,1.6645521193706645,1.5983919574432357,-0.0118466243005379
1.8859072969252264,2.2128886497006013,1.0343441665056814,1.2523653970675397,0.0626490232402022
2.4706358517724443,1.3186701165948818,2.3167242053599413,2.53055164976818,-0.0039193009888914
2.404977769759036,1.4330257408462757,1.4049031331381738,2.7271056481913645,0.0011422983131637
2.0376926940410947,2.625828285672937,2.993824777805945,2.038671372244554,-0.005287335797073
2.943616311505507,2.4919724025197025,1.386535666005181,1.3111563015848489,0.016149818530159
1.1521059213015794,1.8436868107109363,1.8480716010154528,2.1867064049117477,-0.0096195245338486
2.155580412092825,1.045494526868184,1.5507991301094417,1.3241839295678577,0.0009969590490974
2.216125926146724,1.7122164245709557,1.2498134758030923,1.2551546132907867,0.027926381982838
2.780741233294524,1.7860409385660894,1.987052776411296,2.070613486431944,-0.0063874373904113
2.58693762378926,1.1426071661888184,1.5050153008753775,1.1595098955725116,0.0044365571618413
2.0385104239883773,2.9933398475011987,2.8274613465161207,2.421260813284375,-0.0072574662456126
2.349030970226893,2.404780283489803,2.647812845087066,1.0800352992067292,-0.0809611264243256
1.2469706331158503,2.900226181370655,1.4727629359557075,2.3510758972182138,0.0041617405148792
1.3819101474224684,2.430733244223572,1.9577738205736888,1.8261213745851528,-0.0240994957790694
2.5661633456723565,1.716301721203428,1.5250604874120106,1.1251811185412022,0.0051192257372404
2.001408099122742,2.86180516091853,1.106351757887723,1.3559866499900324,0.0548312140312693
1.540327859368637,2.459847437555341,2.419378553366281,2.2148972350402367,-0.0174035875518883
2.737438397634284,2.526038509134013,1.0725103635957902,2.8751887861764347,0.0038909665965216
2.457729299781642,1.8302791522418365,2.1152498083915936,1.0635224284343727,-0.0654813595189195
2.1371132523555856,1.3576920460755597,1.9788555697106716,1.2634068198718087,-0.0273936834492822
1.0505547531592634,2.225418087083587,1.6701690130541254,2.6752398341576757,-0.0026074759747933
1.743313253505458,1.8967063834153652,2.679494206531309,1.981278357784228,-0.0133274517310909
1.6141791109157404,2.240179389502234,2.4174434200763635,2.983203006333909,-0.0061929476876255
2.715301619368855,2.397308780998916,1.8032764800999312,1.6514177567584531,-0.010492277477758
1.7178117315320294,2.326590994799953,2.366830008667232,1.5152711299312436,-0.046457578546624
1.7666106724948658,2.905845139152652,2.9661071039765616,1.6290011605551245,-0.0156159054105911
2.448864756309843,2.4532460888227976,2.6131305064096924,2.66665652822096,-0.0054915974021065
2.615482024557867,2.335888808986725,1.697789068682309,2.269735523644488,-0.0022907915948466
1.5814155811635486,2.8796811508943234,2.871504152301589,1.5189512036342312,-0.0318973453490395
1.831326036065752,1.383928793454587,2.1572764869302663,2.432282254363498,-0.005779258160598
1.6831628288398772,2.3780963811661744,1.2184666991683837,2.5791577909697647,0.0063675838901135
1.2651026102565202,2.465446236719788,1.483296186207178,2.17108176438844,0.003957695722665
1.7399786867360143,2.11295634625014,1.2189524058011734,2.20563883026835,0.0087408132418988
1.4412446264363712,1.0513986482619664,2.098428882839915,2.2728398754906305,-0.0064526676030337
2.0051392065589635,1.0311006816512718,2.2322522150493604,2.7753675998891527,-0.0027835208391647
2.5327871265673867,2.2664459682836138,2.42493106428044,1.9759539921132223,-0.0137145247144042
2.086359605565583,1.899590145300019,2.9965360678951427,1.3966047725090616,-0.0114127347042607
1.4993267274118292,1.2834661685796076,2.615901126621573,2.114086000834493,-0.0093880766586985
1.1414003940177748,1.1991390974259024,2.054493394938929,2.784772605672945,-0.0047814516485032
2.3576292304248185,2.1393448881712085,2.4029584289799804,1.301334964078714,-0.0489347227951097
1.149944683706131,1.0848019589799156,1.905587707318661,2.722741763121141,-0.0034624900112678
1.299317532810227,2.238039503904092,1.1555292523256924,2.9873294594114324,0.0056939348640047
2.104096989743116,2.208498339199828,1.13694517029617,2.4869529361822083,0.006213645871498
2.167522179048228,2.414868204240204,2.0813792934728577,1.842406975812563,-0.0181325892581834
1.9579276507685672,2.9669244870954605,2.4245601559932948,1.4692975561776278,-0.0564923446000191
2.1034103694983477,2.770386065909057,2.07552764358831,2.871849287687031,-0.0056190547593272
1.0179872733043307,2.940841171187783,1.2709666463098632,1.039814151609305,0.1731014355063865
2.4532970216737526,1.1300723885399415,1.828907071002065,2.3987723997781245,-0.0019662710214958
1.077299048495788,1.4935112832318953,1.5957153625402876,1.1875967978639266,-0.0049218457737717
2.3193974555467305,2.011201571552608,2.0328141122762693,1.8582458887013504,-0.0128729154699913
2.2751620017768106,2.30030871490242,1.5301688338034647,2.693201463960781,0.0005014419772078
1.807495563961794,2.0247055262888227,2.0128753344289096,1.29970661556777,-0.0471003147877998
1.1200128932389748,2.3240983363957675,1.303910011337834,2.099226679389256,0.0136228815168842
1.8921413745752675,2.5409826652405085,1.5340808233943872,1.2830668574578583,0.0055676352079137
2.4904011947677303,1.5965673981712496,2.862133635322833,2.6609464392828377,-0.0021537105206451
1.784551519054613,2.481571710073612,1.184567522707386,1.2457361554461923,0.0599228630121457
2.7436026416805985,1.8446750314159688,2.3036917048557486,1.2303231088340774,-0.042857199903789
1.3464771546246452,2.5225831024969887,2.229565252538045,1.5269222210779634,-0.0608132010826039
2.454168630474304,1.9980346370415516,1.994916405165175,2.954486728291819,-0.0028265933560814
2.9673616699722,1.8783400224878304,2.120109029792125,1.8812606326701728,-0.0101067756837236
1.1311306400846428,1.1281711605606346,1.0972535598908593,1.9230514787220927,0.0135886215362876
1.0053609677920785,1.9577872940830228,2.6291821497173102,2.4873059806366045,-0.0129095448628067
2.720487490902532,2.265900810991682,1.75517778106319,2.586854333767461,-0.0020702312433849
2.052992619296215,1.4968046949710283,1.654376497718898,2.7183167684797587,-0.0007208879452486
2.622775475712627,1.4461998961953018,1.686402344399377,2.217939981631041,-0.0013823985304653
2.8737764439661917,2.536034666886575,2.9150917705924426,1.4741954153374983,-0.0143900313317393
2.233625065626479,1.179897435880037,1.7915604741962703,1.2177339066919906,-0.0149215219900651
1.8052643632583305,2.3322116933085084,2.440131292746456,2.35974075549007,-0.0115709007438486
2.1463383105836646,2.541421551302991,2.848743565438082,1.166207541552841,-0.0492590183020379
2.5246260600964554,1.781486139928097,1.0014545067570553,2.4564483402391657,0.0051602343317717
1.3853286927932682,1.0763867058210286,2.9398936252568864,2.485765129467948,-0.002370320477365
2.7773048619422456,1.2984424330700768,1.902157200084238,2.1448617494637263,-0.0034797228294162
1.7565037431018788,1.1455796638816864,1.9930599253480643,1.761300575817306,-0.0106527002807305
1.8606093608569771,2.147777800616665,1.3996624254717491,1.922740460564972,0.0065058917514502
1.256877368025522,2.21327872299359,1.6267945965505728,1.1136305275547496,-0.0170097343196083
2.991407251394956,2.086945240729233,1.839877521914104,1.8814756328958295,-0.0064086266007393
2.4686401038414765,1.5037695336779036,1.6653266758120353,1.008877855701055,-0.0133076099233132
2.545156790370397,2.2538497543047065,1.802222386013704,1.3415863101358534,-0.0195460640298882
1.2427809374126515,2.822256929351711,2.7452571546305853,1.8247203745966023,-0.0317771605986684
2.988733880958744,2.130149184403152,1.502215047480273,1.960281846251248,0.0015442640655591
2.47094508929688,2.0395083873343505,1.474190098613033,1.8126219008057531,0.0031765212647349
1.4130475943391878,2.3270978802587443,2.8022512065026524,2.6175993591264146,-0.0068806447127246
1.234277479328863,1.39048663376356,2.809048577422274,1.0427513055760764,-0.0731928712642216
1.179325550002958,1.6566182578677344,1.1401091837277593,2.0852402910058263,0.0140311710608069
2.3584366956277547,1.767130865401306,1.7335180604501914,1.5367940819860704,-0.0078788146530313
1.4542221065106822,1.176162680651649,2.434872107410129,1.8935225842934311,-0.0140445404272767
2.947646389738024,1.214634675911135,2.6969467730570704,1.2204088324683158,-0.0210158743555344
2.6574166103195798,1.3423686902970204,1.0911695992564954,1.598598926651648,0.0120846288777519
2.553881686697098,1.373599274855634,1.6579056539631674,2.633734097494922,-0.0006091445483078
1.1812042124711917,1.459997938405206,2.8794951853002795,2.054447152064838,-0.0085161218805731
1.8160073808245063,2.208858677399525,2.5149727940926194,1.6306886741008169,-0.0318084643448527
1.5342144590869329,2.8977963286120625,1.5224039381481134,2.874630237456085,0.0009171619499026
1.6199857717967747,1.0499731291317067,1.114457747031326,2.4799465851351927,0.0040130718932565
1.8648715768832231,1.3296068969113417,2.417877015979644,1.8683761545406283,-0.0129493989261366
1.6588314224097092,2.558760308572518,2.6130012629309727,1.254956524757228,-0.0811387430220704
1.7005342637176857,2.904653186058649,1.9802415668668445,2.322768755743189,-0.0118830044231023
2.7432867722858862,2.9886421348520016,2.22037651154318,2.6350017451064707,-0.0068472774794834
2.12371578052976,2.944854026088924,1.946654418281116,1.1209694128474224,-0.0802454550124451
2.388366106833236,2.79133409983793,1.9815845973563124,2.2414644311438794,-0.0090706545597964
1.4686941271191405,1.3740341211655345,2.723186275756768,2.053341429262485,-0.0095778384345242
2.196910069091431,2.9922997906641298,1.6799643770121226,1.6401043658950856,-0.0079823229889274
1.2940188215741195,1.338763701931437,1.497115236642684,1.5867451480997894,0.0045387500247799
2.5246438007736804,2.502012750324767,2.8330394789267066,1.405542635490422,-0.0246533214922193
2.2012783994428267,2.942878310923186,2.382970657739339,1.175413241871975,-0.0981259661809246
1.110629741810702,1.7376861442483271,2.4567095184818424,2.7848804407210404,-0.0084728287042918
2.553773603987265,2.9765330013351443,2.597847013050574,2.346779153995743,-0.0095315578450353
2.528350005582728,1.479360059585539,1.2501103825925153,1.9665856326182551,0.0054940811495817
1.646642506589154,1.1285013894753924,2.9196686630066746,2.9721258663757952,-0.0013380199583415
2.729332317565344,1.2576601270211016,1.3861360949727164,2.2172394679286964,0.0018215276653838
2.658429421012734,2.2445333739029216,2.7171335366000022,1.0421836580227173,-0.0668249202101866
2.659582577622438,1.19963222671896,2.0638053791599105,2.6604550945357524,-0.0023841200347471
2.7863547937576243,2.404407243181246,2.871632281979486,2.049412276296204,-0.0061515645665147
1.0435022834186292,1.8292048107594765,2.8867057334390376,1.0941134120387843,-0.0779588087399244
2.3319469826007784,1.893192226438668,1.181910373925503,2.338129218774145,0.005319851144121
1.1197000261591097,2.9228718199651977,1.6402583760900662,2.7123823484291973,-0.0021623025604493
2.9565511176633,1.27913714979647,2.454527446818506,2.597606285638615,-0.0028896132629647
1.1681662755483109,2.1742808450175586,1.7539305936864358,1.3714262984021666,-0.0308475355558335
1.0613589872635911,1.7927686388104858,1.0026144459916393,2.3292110591961213,0.0144735909435377
2.5841805770745943,1.4535980918656164,2.9601799784936027,2.444244168595211,-0.00163190920981
2.64387660729102,1.646559285240037,2.805502895385932,1.6576736317878096,-0.0101623555431638
2.8057790941760103,1.4064205929129256,1.4799244687747726,1.9242911523841,0.001517737644079
2.8706659516295243,2.538420999998957,1.8586056831976523,2.9939238308055254,-0.0021410237777432
1.1749910379741968,1.460171594599366,1.5442943042861907,2.4161744987571585,0.0005571491721311
1.4903464149310894,1.2577556984815128,1.795519003962437,2.1314242172713413,-0.0045199809804796
1.6825929826604349,1.6222704670350565,1.2409594032477604,1.3053415976152398,0.0317112770663114
2.9730214904741947,1.0739255163946912,1.0232770838568757,2.210540621428106,0.0035484388668197
2.956928063599922,2.568072920875073,2.800732937716797,2.0897415266997417,-0.0071581334198814
2.2626719340332864,2.635223853513217,1.932084518134243,1.0551827463347163,-0.078253820681824
1.4030535135623727,1.4539663099381923,2.7478706387900207,1.6285769674669164,-0.0202912281034385
1.936219977136853,2.040504957230155,1.1259536940869137,2.9678421865668447,0.0037384563195797
2.1400909004616766,1.4624653462092534,2.0235016021548127,2.967732575368701,-0.0024550359030712
1.9118211637276863,2.0266188092692268,1.805019696449258,2.686549778994588,-0.0029463215690459
1.4071844967388818,1.165591544294008,1.3631843252092437,1.3857796580676691,0.0149873416874163
1.383101122863469,1.5123461083334797,1.918339171565948,2.669120398370592,-0.004396025872564
1.0061015510683335,1.8445248665216216,1.9681769771879656,1.4253709519736557,-0.0539329159697786
1.015053662826259,1.7024447443351418,1.0902194495752584,2.7370985431503194,0.0080044217053196
2.8225838317554346,1.1271744230230551,2.241190702124048,2.108030541745059,-0.0049545519382034
1.068026255467304,2.0502083911482254,2.346348588287978,2.156239712260936,-0.02285189098187
1.817118682775243,2.098453409561544,2.0064264145211568,2.0622951305336734,-0.012025036828017
2.3403065599082566,1.21719744284216,1.821713460800353,1.257150265893332,-0.0150308757339945
2.3452096714811583,2.173362092892897,1.5095555543979091,2.8606197888942813,0.0005773453083515
2.464115179681412,1.1151371411268516,2.475558919399365,1.283087411884638,-0.0248476334097455
1.641793837283808,2.0318681741589093,2.4912873556065045,1.7485199777973353,-0.0266316442726312
2.575777946576758,2.5107487903660166,2.679522080833776,2.8273339055216926,-0.0041086977275915
2.869442844786412,2.9064193368374323,1.859958269994544,2.501416389399575,-0.0042225087480436
1.8050789945412289,2.6048915009775007,1.6438389477360746,1.265429607936845,-0.0123743211866282
1.3874185032033015,2.20669540842381,1.581599501163506,1.2432021987353814,-0.0021347085326447
2.7881913082813785,2.2101959950243275,1.425696822479491,1.4090254092194214,0.0096786802152937
2.67655030649214,2.840731791202613,1.7375213652749906,2.8271384519673144,-0.001835048891455
1.478290523334751,2.702457628438598,2.7039839058179838,1.6357698373169642,-0.0382732880560545
2.5117991468293224,1.1822706226963784,2.255237442998548,1.325322314250167,-0.0236447701138981
2.235612406813972,1.102960967241314,2.990609201800345,2.0453964465372247,-0.0020466877259609
1.2234912779962437,2.5306581168366877,2.9466348946084264,2.0104137931433748,-0.0115496078644313
2.037019089981011,1.6981193068134688,1.8766795123408069,1.004059551917449,-0.0564580353263419
2.5316895307116933,2.55636891886485,2.912619552207052,1.8526813323651936,-0.0083795280052436
1.0351014532881135,1.4175680239198196,1.0094714350003382,1.5945158101834254,0.0363414301577184
1.0387380143168443,2.929411977268161,1.131597693755839,2.478456281650642,0.0170193491087313
2.2149514868077547,1.7640490534016942,1.7093650884196572,1.4305483431103956,-0.0088846822513676
2.3939885893651898,1.1733672885755615,2.6207907289886414,2.738182749286469,-0.0024599427125298
2.2115453547106783,2.866762793072856,2.504675178284111,2.7544264700825027,-0.0070802100544086
1.4057543264010903,1.5001129466578125,1.3822851168582326,2.0804013308339755,0.0052081522825067
2.0688293431424194,2.633317881316396,2.048423261366132,2.0470979588621243,-0.0144603644742133
2.358176402375417,1.854304899544162,1.8429980397990984,2.028460498153319,-0.0058242375830381
1.504264708888315,2.1221442690225656,1.5835998995391598,2.042715436976752,-0.0005058504323105
1.2855651428113437,2.264301726584349,1.366385072428706,1.3610587311128863,0.0331482027901007
1.5585272286917191,2.28752261686859,2.542755057457602,2.055175663660642,-0.0187942843589367
1.2613499119602556,1.212245972178725,1.614963832875176,1.6620254203059173,-0.0022044055644962
1.4469743039737677,2.3434368545565114,2.2349911853513635,2.2466813328479738,-0.0165486535285483
1.74937760489992,2.0818833849694176,1.348126847961678,1.1602406966770795,0.0391786213274722
1.945707882664814,2.0396300534704204,1.003407362677955,2.833658028066335,0.0049848501164847
2.9434868056489973,1.8871497013489495,2.4035165585978424,1.3794049941222757,-0.0290270073089764
1.1981638019875327,2.086769502322045,1.655632904672126,2.362110859788294,-0.0026635826077558
2.098784879276485,2.663319422550557,1.633859510678592,1.954083603929043,-0.0025536485751301
1.913774385909928,1.6295450259447792,1.7465841624709395,2.8537199168325147,-0.0015061137813636
1.306669045255087,2.347283701424155,2.279854974635313,2.864852241642824,-0.0090134905670307
2.491513393360373,1.7358851043851091,1.695584645973983,1.4352413982915209,-0.0069478467060672
1.308851530515302,2.628540877042595,1.200782706888096,1.1822993995212023,0.0978096416342674
2.1501732505429656,1.7928249280727664,1.2801373738862438,2.028502821313776,0.0065477313849807
2.6998799617338163,2.7122198598767744,1.012056903244133,2.5516281077567484,0.0064888686757391
1.7664023272409617,2.139905459892302,1.150234544756895,2.718402923630076,0.0053657438587015
1.4041595637726365,2.415497447163557,2.691928213463237,1.78544796723807,-0.0282449959208067
1.0047797215619862,2.841946377792377,1.826713497991513,2.374382449537408,-0.0123530181026688
2.027960530428227,2.77835513388513,1.2207341796567963,2.1130530341983644,0.0111679943652394
1.8342608718422992,2.5177216004121856,1.6597859050997423,2.3535592371802903,-0.0022249819362348
1.177406321950885,2.6719809144630107,2.898506539489649,2.3955269665949057,-0.0092072498397785
1.653695372353861,2.861383488103559,1.182494527668209,1.4985568452810167,0.0430144195971724
1.0016438666967014,2.208143677051297,2.7183728425461577,2.211397107158647,-0.0182235927680214
1.6001153609657384,2.7374261491219696,1.571352291402226,1.356834608775104,-9.090103451160844e-05
1.2103213283763516,1.678104419062196,1.1851606186561132,1.247271856286604,0.0594536684182304
2.4049208409536185,2.07210027791346,2.182320769084269,2.934432397021004,-0.0038265980164107
2.950842053561669,1.5838181499497657,2.8272097082779504,1.32000598116399,-0.0163832108428141
2.547808087027189,1.8302530161298765,2.109175067541483,1.0813627628021554,-0.0597040635994275
1.0617983044708303,2.269284317836741,1.6196005347666425,2.3398284399574765,-0.0019407681773427
1.6015821225427025,2.6674356654719853,2.3973595655767426,2.2581559803575337,-0.0172064303124491
1.4777634915864055,1.5267350546264014,2.2558272865059585,1.7644013549441158,-0.0220008162854156
2.231913049886641,1.2430184636533372,1.988055318620873,2.833726443388328,-0.0021647625356674
2.853999276465869,2.9380655631855905,1.762464436417157,2.657375252730751,-0.002449183197172
2.59914615076958,1.0670179392882595,2.836405465181478,2.1255999495804945,-0.0029245867904208
2.964435665811612,1.5864720002194337,1.0432157794765264,2.2464988754965622,0.0049018753758807
2.996643290308037,2.3000194215911574,2.4600250661352447,1.8067638818479803,-0.0151999265386052
1.848796571953368,1.2374968035223566,1.1347595069252137,2.454706805356316,0.004135956343411
1.25954089720852,1.7464460014194738,1.658513444634678,1.73124300664723,-0.0055671704801453
1.7145001307979588,2.526986430012762,1.0729215277438666,1.1198379611353275,0.105130702222024
1.1751536954875434,1.9969513422894256,1.875916929573388,2.198728962867752,-0.0109356124784847
2.232660770534821,2.184703129559848,2.27060958818876,1.165455632084618,-0.0727060109462787
1.3972576122704568,2.8631194529896304,2.57103335815881,1.4150629190564834,-0.0784745448810814
1.4383714197513269,2.941336557805691,1.3184363278951454,2.876631581753341,0.0049585515921001
1.4558285776738815,1.7093068331059609,2.743514325882452,1.548068914241295,-0.0269977616474226
1.1559339879455657,2.7878967737114597,1.0292897479716423,1.0790350064203886,0.2024244901819736
2.3879738099439543,2.6875520186736472,1.2015133767127713,1.7037728077103549,0.0182867258380875
1.9646285389356304,1.3448758083188557,2.5753284671786285,2.4654960392072858,-0.004936884023154
1.3890286288220264,2.206249237295945,2.844329295737676,2.5231215678759984,-0.0066113294146013
2.236756371156595,1.831405125574218,2.3544823496946874,2.495230893745989,-0.0062908941027387
1.1020712996714273,1.390801952110677,2.950280562370021,1.5001460325082714,-0.0166594139391599
2.664816327185149,2.0153233613798576,2.226207270778644,1.5018314711619931,-0.0257543516752356
1.8472856556819115,2.557262008599262,2.340069217319721,1.3593215200270152,-0.0657551984633322
1.114583947256958,1.2148554921395185,2.3022003312502,1.2330327511056245,-0.0689973166961396
2.8214910170766565,1.2921978972535717,2.0074737112014454,2.5486032655715087,-0.0025312225862735
2.286855638608717,1.8083596932334884,1.3670858677969302,1.633650704780372,0.0085784948939411
2.7169191002329898,2.460615157600178,1.1957773910942118,1.2550920565397474,0.0372729333159232
2.8277312946758006,2.490021823873053,1.7703352148931404,2.1866263797969983,-0.0039065243323076
2.314556189991386,2.8734653210646783,2.0709229140151795,2.047120517509824,-0.01453781435608
2.677826728789138,1.2243581811617337,1.413336879709435,1.88430144565,0.0025266940415791
2.9806263662919665,1.7286895646422544,1.2236326528602297,1.612720975167251,0.0105609747389343
1.0904027600893078,2.7880151784754554,1.1033898100698578,1.666657234783278,0.0530359439540545
2.786456576440443,1.762367965981411,1.5793476400891573,2.446976197513629,-8.812073537657204e-05
1.1426187315884595,2.336914424401627,2.000258467310201,1.5176812893492837,-0.0528758642839678
2.347930608046544,2.7882178891110785,1.107662308359502,1.2880075692563844,0.0530301255897765
1.6510970424423574,1.3522281959230658,1.0873075929478782,2.36452512704808,0.0060872097148355
1.8776445770637051,1.322232783623322,2.6527416262792896,1.6936795335494408,-0.0143466151844393
1.9631394508357576,1.1337103316739037,1.011110054723518,1.2651501492463355,0.0306312771385202
1.4957131632858147,1.3500789456738416,2.6011539044325813,1.4494291581070555,-0.0312214103120144
1.4130034193346996,1.820035628248921,2.4193363627329934,2.253601911171221,-0.0133264430414177
1.6697936191368612,1.7025461032641411,1.458951117838922,1.7258322164415476,0.0052522000111363
2.852620613666363,1.147651766461702,1.652991092568113,2.1552063874688545,-0.0007850498739399
1.9048118739698117,2.924781797550915,2.2228323789547173,2.5947191000393293,-0.0101208447108587
2.1121975974713685,2.595265789086068,1.9560397931249769,2.3932255675623946,-0.0074522838830826
2.174190172419173,2.640274405623279,1.4607714138300625,1.3291150851082278,0.0134758332956526
1.099848771637955,2.0085553739831497,1.0832480144863434,2.4631366276072058,0.0120744989114229
2.0822529689914377,1.977112588563424,1.7393873912482962,2.222151532273015,-0.003417135043568
2.5548990290444964,2.0166281506756456,1.48720565479912,2.709877154811765,0.0007878572438444
1.5177857629064486,1.4746861111433862,2.5856984525306155,2.2586358959130046,-0.0090235719674151
2.1017872753646856,2.783968742000802,2.584644410333908,2.5522070849201306,-0.0085350718814079
2.6948360280618164,2.1593248629327038,2.0388014039435127,1.470191554005725,-0.0242352905478752
1.96117631271092,1.3773205178193866,1.926029583438839,1.1834449601511776,-0.0329858774371864
2.118298322858289,2.774637681852105,1.3587661878621182,2.59632098656333,0.0036758497209567
2.974187839376663,2.033521494377872,2.1805617906589543,2.494689746258608,-0.0049357037603007
2.043327204377446,1.1771433239185412,1.2041452938214383,1.3579509220910102,0.0183805579339428
1.9499232951557144,1.7796098909141194,1.6336244005532778,2.134266674526394,-0.0014043743457578
2.796617729078738,1.507510245571714,1.314113766452281,1.2030730712197488,0.0181473213650703
1.0419738169709234,1.4195313438176556,1.6001104835369062,2.215459464388978,-0.000876267541197
1.988812979090876,2.836736355021337,2.175420816643726,1.5737052736208226,-0.0408611569062397
1.0476340753960165,1.0255403479638756,2.026059971244267,1.0780929383651918,-0.0736525929134051
2.270105507913282,2.7171505193045062,1.5688169531480112,2.905722286564737,2.3053845686948405e-05
2.615999036743866,2.982376769800718,1.335087765828401,1.5383496451260388,0.0169761731751364
1.0639442388213718,2.5383155568137674,2.7108544320682544,1.990190202356454,-0.0274128749445044
2.886732644680208,1.4897271259366187,2.516979346227104,2.955626376645994,-0.0022634993954286
2.696577928023235,1.4862200322840236,2.6869855685475548,1.167019569169124,-0.0326592182374091
2.582179804532961,1.3653640790805033,2.762331093960957,1.0179396585965883,-0.0411596004589267
1.7042220451253132,2.4055656445437084,1.209136466182428,1.6004176651199788,0.0272050539169247
1.2324692425856008,2.4763976736853834,1.735017812734099,1.0999274687230105,-0.0581375885017891
1.486506776969747,2.526786473922905,1.1443567965510513,1.391105874859208,0.0567675018130049
1.871374236239839,1.4391328568453985,2.2390300841821347,1.5030872141539933,-0.0262926764639734
2.008480366215408,1.4147166853897053,1.243018582449445,2.8589482729557263,0.0021933559451475
1.419721554758469,2.90690523595082,1.3084490920132466,2.1320579745851616,0.0126329631623602
1.1011406861772437,1.4621643198304073,1.0342046611853934,2.9145899686929666,0.0056254216599227
2.9646899263339863,2.7138028154724863,2.116668299816624,1.1923116613806417,-0.0572066047204107
2.0633369392623706,1.1188270469637034,1.7451105708477883,1.097184109279224,-0.0167403731236964
1.5829214332215376,1.441845656700813,2.16455131719028,2.7833303837569505,-0.0046766261589984
