h,omega,kb,T,E_n
2.749213741580695,2.2748746450889668,1.0564205522028556,4.101996230742441,3.8547824045479215
4.302601647416823,1.0806173255056837,1.9727923973250212,3.4509057419298474,6.444629266586027
1.928671662824423,3.695300983716309,4.287640878836429,3.173025126996822,13.045521953922018
3.1582781321220503,3.581374173193122,2.262614856815723,1.557382335484815,2.699965854243924
1.5416990561771595,1.788817568499311,3.718339966007052,4.5713103437976805,16.779170222923387
1.7752118212461712,1.5390879465416356,4.180146308241783,3.631661047165891,14.964490351961643
3.781355329290353,3.10317574843596,1.5300883021025515,2.554498378939995,3.0489087962996204
2.434818883950231,4.548683814863779,1.1042623487909666,3.750496641928096,3.3225238642696344
3.618535510469216,1.858636577477328,2.799230858744933,1.001715177760886,2.3027990228375583
4.242883389005343,1.2198447027111388,4.129837896444583,4.168363527440324,16.80608436316896
1.8663403995441656,3.8779567900013054,2.699843145387404,1.971954292537892,4.768770980890572
3.1324321706846834,3.293558843815985,4.944197673233487,2.3056008878621794,10.59806031508831
2.4895076892947534,2.2346735477841526,1.0159020424776468,3.80415545846537,3.438830764360672
1.866120460136584,4.147545050263278,1.171134440058294,2.2018111158174425,2.011554237733295
4.0937996809049455,2.266430167906033,1.7318729018120216,1.0726798756465148,1.2162020466795491
3.9071437266694815,1.5052956664925885,1.2099486794029453,2.7887787154966523,2.9278631210135484
4.854360279670521,4.686230959929491,3.06755989079428,1.2188566779088204,2.2163318279706425
4.576532760907139,4.851987141499718,3.205445853809628,1.6823993021218584,3.817431049473131
2.0573825465832205,2.213963148868707,1.5837572620901,1.406747272069086,1.8850960404752928
2.58157973733351,1.4551741707757553,2.770774838185282,3.779593106944634,10.176301314571438
4.295955243742442,3.1595807013182364,1.818600313662949,2.570126540442643,3.6768042502600986
1.3420225203756324,4.156232085465848,2.994474143670755,2.3347729955152943,6.556944226941875
1.548156791353274,2.502683676860246,4.425530992876034,1.31056660136173,5.497089019112447
1.2474364190012732,4.188461432214734,2.8964160685501823,1.5896986458015148,4.20115735156028
3.0306272705930515,4.109637975684679,2.388542645074717,2.775113223082973,5.686681755687984
2.038976368910987,3.419213656913792,3.593060591402128,2.4501303907780776,8.260328129901549
4.711733487792818,2.390275156869833,1.260859883235343,4.159459953884337,4.399220540398072
3.451405617653031,1.1479149785163614,1.2786381870987245,3.243841140743051,3.8404049503724127
3.9748964179604456,3.8278562488302312,2.2663782158242856,2.271247566001714,4.031294721046045
3.4321068374062955,2.8973904040848284,2.770016593552502,3.461284826821116,8.818246766920092
4.353534739310214,4.934494512851626,2.8399081429607493,2.263886454816328,4.870517493674977
3.923520724480103,1.2647682833815748,3.3565991606866583,2.711854084029326,8.713425998931822
3.5659200899687464,4.925979771639708,1.1495445926131187,3.451835273752273,2.733005392889781
4.465862245900008,1.0563321660892455,3.686341720358492,1.165262872402827,3.931085927905777
4.149112321258151,2.651088999931924,4.7985054475868285,1.89691010796512,8.255049145731455
4.346003657321665,1.0728496217488832,1.2649193635972282,4.014563240886424,4.716093801918279
2.160931566843308,3.148664409625922,1.6255696336914405,2.3041001419377407,3.230080753480964
3.645228587466745,2.3273520050240526,4.994395532256449,2.590303868446767,12.273629689254577
4.838856424469641,1.3763936672091144,3.040678914006875,1.7837599125450605,4.911093841103979
3.5161696387953785,3.7248472817681857,2.8432171356910807,3.9669918983661607,10.268862326079685
1.6060516213822331,2.7988878055044277,3.872996854225119,2.075391438820256,7.685576904361402
3.276117158868289,2.476233170938475,3.7510317191717095,1.1401467891508612,3.6635933685046074
3.15750745998946,1.7741143798551828,3.3736969694258527,4.562529476211542,14.95111946289893
1.9856692059561407,2.1327086591449604,4.495765114993763,4.030980519856553,17.78743150459078
3.786595245985264,2.5174139153537807,4.2708587261349695,1.9903155292042936,7.764342657562772
1.5356459957306914,4.700759685645184,1.0772001557828452,4.271935201740526,4.051161565998857
4.686584501197432,2.817172874520582,2.425374246406046,1.0762063999672238,1.699018164728691
3.416170469671992,1.959940002214712,4.997995677033332,3.67990095439578,17.864463750292433
1.014401346580892,4.592178404474556,4.826193205972361,4.0542072466622345,19.198031748256376
1.7384074824849307,1.7792463706269674,2.393727484800692,2.402829196460611,5.509091395681904
4.080981767838384,3.734783583607352,4.224505446126218,2.2372105000848346,8.290048732780434
2.500052393478677,1.5783225668192062,4.759297752057977,1.660011287904637,7.590643689025371
4.285117130691859,1.5895634076016218,4.365304125938078,3.576920716686504,15.078579213866492
2.7157936223320966,4.0029819719128525,3.79615330055069,3.526325418773727,12.53999432201383
4.554896494219324,2.5349260271340124,4.9251067209149495,4.063198511878303,19.106919433480066
3.9973080359994833,4.823868783445514,3.14387581492692,3.745563418907263,10.307709551541407
2.0392944780042885,1.32273196303001,1.20691315025356,1.8049983474356777,1.9708665638441585
2.625529795257367,4.106670874959967,3.65866667603575,2.853643955796928,9.606006761111134
1.961384670435144,3.768068672542048,2.0917277695493386,3.202717139842844,6.128286421053698
4.66450428753133,2.3461751251099514,3.4713741762303982,3.2819514536790515,10.54418741252764
4.652894546991908,1.3247875777025868,1.0238549866845412,1.4403134218519185,1.0381397579248757
3.849021484106717,4.625185084616765,1.3215306678161092,3.4854371720554056,3.333770508796173
2.769847446398163,2.249701723111487,2.783099401107566,4.233662806282308,11.293786325035024
2.746487296269704,4.571768917996154,1.928012826079052,4.765386985151096,8.22472186160351
2.4215123917351837,1.138574245653158,3.1613008920193386,1.003986961736091,2.959557943825173
3.700880665739806,4.855064397333591,2.971957005026873,3.849743936687088,10.07092654383356
1.1716854253340734,4.787912728606226,3.725782977576269,1.0292655054324125,3.4057036350358203
3.268067540409881,2.4228315361609205,2.398964201888045,1.916306511060392,3.9958092899057234
2.105802642796815,2.95001523215554,4.841685524327367,3.2051854234276043,15.02940153274396
4.490923271639106,4.221936788051394,4.967664015238142,3.108238892311527,13.980980893844675
4.555952518237465,3.600720031028678,3.987169334913156,4.521240943956795,16.753008774050176
4.210259286380024,4.557075010975452,4.116347825932543,2.0872533100959223,7.155300500404104
2.6651027881142646,2.640719996601328,2.3365117530279957,2.332605482176456,4.909280341348311
4.972300776357265,1.4338419979192103,3.3198567226799303,2.342464935396856,7.223092967338281
4.079431115435736,2.0829292519295484,1.8559289113628217,2.761628388284344,4.478904376823076
3.539095369476464,3.432164602972613,4.8679609290122485,4.80498483173817,22.43718361660714
4.340623029509382,2.0362392097998487,3.2169425924475283,3.124154776295794,9.36327959725614
1.0232699241448349,4.5336183280926114,2.4578676916630253,1.9007939210393896,4.312450652725405
4.619353921381505,1.1938433513865632,3.482494773564281,4.070739422576619,13.742004310112266
4.295078428740965,1.4423183912542783,4.194259880316787,2.960300330449449,11.929820361405357
2.471901637668501,4.765264551125897,3.162807466623595,4.460383128957969,13.190723917802403
4.248223383448593,1.8443254303749197,3.5896613012684364,4.740955815370578,16.402541272387804
2.9580697606718886,2.4900303911121995,3.679482746145527,2.072106833939885,7.053153514642781
2.417468129608205,3.7777689714380513,1.212724755660065,4.16392601560093,4.357760734091738
1.8834863265765005,1.8104949938726893,1.1947277157748295,3.622066674389192,4.0616916148598445
1.342460469471245,3.342463001597208,3.38683932419677,3.851270001588573,12.689816850583693
2.2301337995916914,4.791392345941101,4.326012140808613,4.682103997920054,19.41641570421669
3.377239936621138,2.1771313275519013,3.054215955109634,1.4145594994991826,3.761642900588301
3.1805394024896048,1.8048170949750373,2.7601314260371304,2.2314187589809897,5.713500164724437
1.2009536806651453,4.163620730697286,1.8655863366768464,1.2999864956451757,2.04904765642806
4.822487924452874,2.4765258461571458,4.109251220761097,2.901113773779956,10.99625531758086
2.5022399411238863,4.806819303253245,3.349915817686293,4.94531598891796,15.627678390988985
2.354632095811451,3.584395105685182,3.5373804792717904,1.2306048178002884,3.715975466142418
2.653218391941188,3.9505245499056905,4.630464401926294,3.445954355008252,15.13680059256011
2.0232356738911568,3.883260117701554,3.4550973817768917,4.432265372661651,14.69719582277058
4.796550081097076,2.28032463852618,4.65607679319281,4.132132599783313,18.38225659624396
4.605121809677973,1.0996272252067247,1.2437026041810495,3.610719738321062,4.099735081750567
2.352602088435982,1.0220519481986226,4.15877556058285,4.105267827468047,16.882259759684864
4.327937507550766,1.369115279327489,3.530868546678893,4.678487109364486,16.052077342172172
1.243975462736334,2.233982530070997,1.057359240931497,1.696147898422098,1.581370945263905
2.2503666645882863,4.980536109868041,2.18760975197548,3.314625549628752,6.3957324931471575
1.7072125964911948,4.283546072076024,1.4426220357416764,1.9385158698622773,2.25485199326244
1.2578858369997707,4.719969185999721,1.5566024985475209,4.582959443296838,6.671807391007962
3.4841261760208027,3.2164134372487645,3.0505860495905144,2.343237788443865,6.293518252118618
4.507422382949823,1.0759031793632814,1.0805152019702198,3.908473342917088,3.848998425528068
2.321321231825357,4.159060112129626,4.491871744350744,2.51224401216903,10.533826004053603
2.004112150174214,4.066787475477897,1.2226208356380843,3.624544536055317,3.8144602236056033
3.503747297292603,1.083431748563426,1.649340640808331,1.9545154059495329,2.9310102252327512
1.5335826451865433,3.469012927211678,3.720380263784618,2.5252654869870867,8.977952464878424
2.4564511508845284,2.015967029530688,3.266703033737774,3.1286735702582957,9.831434308455028
4.257851098068885,4.151572650742153,1.081947685626448,2.7783193934294403,1.8156053204419147
2.708429505902173,3.766990465680432,2.9896746664152376,3.4229551491515,9.443085222602727
4.640681170317135,3.84671698800489,4.907875444817753,1.051867436631031,3.8715142536357896
1.042482394207795,2.632788851413186,3.454759995686284,2.0019046517139016,6.699987907650019
3.191614637236664,4.035264307808039,2.799311031287973,1.7459976918023066,3.9341381712735792
4.724739283992521,1.7838917477524916,3.8323003368651687,1.357274155365184,4.559566341494835
2.1980670740539763,2.135977859354814,4.1416404326557945,3.1786393251101623,12.794697373392085
2.6509893885394056,4.50588740636266,2.708215735372619,4.674099907177178,11.731697614822773
2.3941722934896768,2.5881060228278634,3.688864745525858,1.8692482252949716,6.4140619687722165
4.984085911789824,4.252883067390883,2.096796594074897,1.30604031663042,1.3895888400722298
4.888700059191024,4.507813867791299,3.2418447155901355,4.388040053095152,12.543658399861693
3.1011535147216325,3.3768703867002148,2.1086688700033656,4.132958339158348,7.9082359889987295
3.488676370246776,3.254100032445011,4.651592631958801,3.3204803589019125,14.559727814008742
2.4741256436884083,2.366642986731276,4.511920313395605,2.3624682772632246,10.2001015822811
1.1042349632248976,1.3245285407011762,3.720117511961767,1.8422240468931483,6.737559532189991
4.818627969043163,4.292938679888707,3.741623570745365,1.3674994386203494,3.645850202572668
1.666142442421365,4.1635213227346775,4.352293150886492,3.208965121135185,13.421598818279834
3.747625045371124,3.907098371266246,1.915472567087142,1.596580737460819,2.0395770472114267
4.813229797027818,3.5982842677164157,4.413166150670882,4.2107162435246615,17.23841982050251
1.9774509591177067,4.2198737100916,4.445816546533644,4.116629425649014,17.645767993548716
2.316376637449145,3.130066810158298,2.466294618310664,1.3356164606161096,2.7506720583852773
1.8841855907647167,3.528975028392648,1.5235135981795316,2.752535172353766,3.68662599470609
4.793195722711242,4.017297964161363,1.374911263710886,1.836820663935768,1.2957073008647022
4.699201692120315,2.047998483167892,3.615039446093475,2.2261837303408654,7.306170735701757
3.3844044525661663,2.778980647571483,1.5597570186216745,3.3501006251551697,4.512586436219626
4.946553721918155,3.816086359654877,2.8858373126909096,3.627113324121684,9.036875060580654
4.473040122505666,3.215447198863425,2.9422557473373887,3.45908569107636,9.075834605317514
3.854901572372919,3.115442536836747,3.809987257341983,1.2587595315643134,3.903470043907952
3.7546798779264976,2.3833093394188025,2.649860676290193,4.131817449587032,10.25207053476706
3.708441352974115,2.210201323648088,1.417061145429424,3.998046423562061,5.038235684323911
1.6910747855712072,3.640855172444941,3.233785727813966,3.23320458716784,9.973187818458078
1.0196939026186471,2.6724528408367694,4.601277182987943,4.433781275482654,20.18496968997084
4.585168685308318,1.631542161704545,2.364705329184073,4.766079896599901,10.68554339868895
3.6633075992258375,2.410546095240034,2.3209683321166623,3.3350908394283487,7.059178696198368
1.8884749156526384,3.7305761737540255,3.1260992642671117,1.4811440381627117,4.0921773217946775
2.669406530214547,1.312854912112014,4.058963400732052,2.867309932173165,11.361650853300858
4.016489478810926,2.880960128975992,3.755672216177674,1.863509853008732,6.118251011946025
4.23827618600134,2.128621792766646,3.497612213582785,4.732120015392912,15.843576648987415
2.8901177240884905,3.683916724771727,3.709050556200241,3.459732869493783,12.003707908492444
4.282968659041657,1.3313539535763912,2.1295723080117104,4.416209468998151,8.958171629387117
1.8960014824647315,3.305594199746163,1.4164495247654956,3.624426204719725,4.651212700231442
4.140803992432343,2.150512167969202,1.0900066689757586,4.920194723391454,4.685593897829971
4.939801167900827,4.603690153141644,1.364799467908476,2.5323708799642746,1.9567151396928448
2.951888251362466,2.9110192892102997,3.985939437895188,2.075387752065363,7.607393465580057
1.2660026786823435,4.960155161146078,2.586905584537963,3.2114382550582774,7.817992188707266
3.610619975571129,2.4997742346644785,2.695185459252251,4.895569130947052,12.489251646887835
1.540729311967473,2.396914448766468,4.234203323064103,3.827239163162519,15.913205908440824
2.414509443929869,1.8254034494178415,2.572186862866894,4.429530500382995,11.046444837594112
4.200799366526109,4.249027995857503,3.4236186594629867,3.465632751777201,10.501228153028553
2.4304712899890664,4.492891512480105,2.241652496689499,1.92736519929856,3.509611473972865
1.5872427100800337,4.376163240080707,1.376893224639776,4.111323561055661,5.126085184857399
3.231253223648925,3.488342179946433,2.883297730067277,3.4564395575164766,9.095865510855145
2.3501698228137715,1.2410949425822144,4.407732521092738,4.236179487280405,18.44079757990079
1.9097789501909368,4.146335199177182,2.030768318730783,2.8353107444645635,5.150687598056208
3.333574463914497,1.8185691750894224,3.693797696136366,4.762976606191007,17.115455922594556
2.019677088526642,4.564785744182855,3.3281138165943407,4.193197437133321,13.234636384144633
1.1560301694213069,4.448830828908358,3.737650264324936,2.1394053109919065,7.5940643333605085
1.6762649609573854,1.1017218574412793,4.283879434463491,2.6371552231728117,11.1509303733657
1.905342972322503,2.979814485653203,2.7690102576353044,3.2381537402229084,8.522261687300889
1.2054447415536735,4.56188059058813,4.8476221630263625,2.071876155199745,9.612423379334798
4.670681953777171,3.7630311846440936,2.8544653194397824,4.426653291568238,11.28864415641489
4.157740264011198,3.298942439659088,3.5736654971188715,2.379169513449272,7.457515772007922
4.670490797520047,3.9467079381223034,4.068810747487717,1.0834593590062616,3.10304107217731
3.346725986918453,4.526147025979938,1.3966311822185435,4.833933375814211,5.617390655600454
1.1661413174313455,4.528106999942562,3.2025662209752053,3.1147136198148857,9.560774400453017
2.976303217528974,3.385080997966675,1.9712590494780025,1.7129242369680804,2.6380905196607074
3.901279956073507,2.096091707252264,2.9435302777141463,3.161926595420674,8.67164777160126
1.7803194018350497,3.859636182064496,4.455859039892945,1.0224896257170482,4.031116668504083
3.5944736614640607,1.2561618563150083,3.694163519162296,3.3956586382685057,12.188237322298573
1.7428871261477137,3.660369729257986,2.858877451858749,4.666865517949296,12.840761765311653
3.974861799982316,4.886112833083213,4.93852154105479,1.5640004442394142,6.281137277715959
1.0198788846419853,3.70486152483577,2.9101958933051977,3.401922600041042,9.602620779862802
1.4542226441675652,3.7712248545853457,4.844211573429897,4.532744971840875,21.52404811441652
3.1437759500589038,4.020950121275448,3.067733196095676,3.799120078728648,10.677677644373164
1.5735878472203644,4.516997800863448,3.2530251084649056,2.139593753514014,6.409839551213607
3.0523765505985367,3.2077654510850806,1.0139740514525828,1.0201575745334457,0.4438591376125543
2.4311561472331897,1.115120820122447,3.07072788373083,2.559901467438213,7.646997200203544
4.258337585817253,4.900371896845326,3.186431947145356,3.861988113951381,10.7199871573509
4.419715555430743,4.109733060371926,2.3748989911397795,1.5239568815343558,2.364217845582343
4.833121445662147,3.786568260603772,2.111917215833283,4.194502177052467,7.481763470963591
1.1362277843440216,2.410147262046715,3.911991679695535,1.270772183828278,4.756513064374264
1.8905549659251075,2.614810450828498,2.443147929982311,4.814950520287967,11.374634453730838
2.4172476667575906,1.8260905533463665,3.769432153167224,4.3942355056637386,16.21499162417038
2.4809440920475705,2.4844947368023638,2.231934204759008,2.422074619118145,4.930231502609875
3.8971322371931296,2.823135172157628,1.3354236017596537,3.0244000202128287,3.226399755759476
2.435756928888732,4.069693733996125,4.901463391614808,2.693168564204071,12.42734211283508
3.143695510347284,3.020476638264693,1.1959569062422069,1.9765687335232007,1.688235794394845
2.567020050266964,3.195529091206702,3.5375812219771534,4.293185833334029,14.544071719355154
3.8597908047500966,1.8634648209325635,3.0655767494559907,3.1447948104149965,9.07956676163628
2.1824652990566347,1.0569650287600512,1.3772833654872358,3.992267609949181,5.3169579713086295
1.9990211538401657,1.590673932088326,1.4406506178582843,3.4740689951124395,4.756143613369124
4.6039953779338525,2.390321181929989,3.864540350910617,1.9290317795058989,6.613330253275064
4.0809543325584645,4.63097142063126,3.4614693888131334,4.476324937085078,14.039370772639089
1.9682838520065016,3.3002364269132256,3.696509155208026,3.2834821617070835,11.627839825536386
1.6319893915179209,2.3170179654654297,3.7460250594481015,3.782254665661015,13.869640775265305
1.2723976124322225,1.4357780790058237,3.783814587606658,4.987823768099687,18.727995076888583
2.943962612094963,3.871031386244982,1.150614717281858,4.4428109601217525,4.258600674908899
4.463737650004159,2.317559464922004,2.7262091153018058,4.096303189723921,10.364373270188027
2.3186155826995822,4.739851672967385,1.094623799077831,1.5261118881518527,0.9458669141272672
3.156258110036189,4.839215606250773,1.5184974610703166,2.764987444795473,3.0998110331750524
4.568605251171382,4.597056830233585,3.194400311030053,4.811791652913728,13.760018531429331
3.593575444989663,3.2240043247250068,4.04896195957617,3.980478375034604,15.212420995043836
4.16531086188076,3.3145916893778384,1.1199184934099615,1.931403916332084,1.2472390564744853
3.805571415161428,1.630463893608498,3.395397263385004,1.7088775419178526,5.322551530253998
1.4677777115769644,1.6191883376054164,1.943825398579266,4.354026206795799,8.275750904872726
2.656033443786799,3.3735442477611337,1.682723802252807,1.581034853570547,2.010809020988116
1.5287264058749628,1.2702305174804789,3.464525214584146,1.5649780926540289,5.268847687508687
1.6057491323593038,3.621463432036554,1.3466277770700206,1.6220165565467335,1.754079136337093
4.34180395436059,3.5778122605807607,2.204244096797031,2.6100006467461365,4.605176984175205
2.7688561498034856,1.6255760674252206,4.897778702823214,2.993840698724639,14.307908385718951
3.57636778051674,3.832758752405758,2.170035652114195,4.56549837920293,8.856497659704132
1.700443949999772,3.214594431490237,4.888414223732038,2.166234680983267,10.160418492848956
4.347638242988392,1.671376380450511,2.8710222692235106,1.527534034253235,3.832716762985664
3.668869332493159,4.412323851013221,3.6351313476172376,2.2669301157471358,7.019387867294172
2.4878730581661537,3.180377075333233,2.896329563505636,4.006529135251327,10.985968029347276
1.423070411583848,1.843160525060076,1.2516870576638637,2.746428158964353,3.233164525028194
1.9823270242425528,1.5034501179812176,3.749431077892397,1.4154928657675,5.073658125335646
2.269935419696981,3.410809516331362,3.447755897213424,2.395289764843908,7.6575763728109
2.5731585514847444,4.461811777603868,2.6178928615676864,3.122446656681748,7.294615884130319
2.5591212154556584,1.7990418895177394,1.497085702906721,3.0746773438583928,4.246399637063289
3.1582485787223264,3.370921874906449,3.9035345122718086,4.138776311728506,15.32346381752263
1.024428538217868,4.864548165337419,4.346999308800744,1.496754905173126,6.1178824909101
2.996334025837312,1.0006131946597523,1.505028590426646,3.776037274271621,5.447795571599087
4.505636675449454,1.9687383444149609,1.3027797167965316,4.862194843583096,5.65468225224832
2.9985474072249136,1.2406429916748718,2.8535394831792398,1.5590284466833464,4.15927554353055
2.8290545773068363,1.5312297177380725,2.406816721654224,4.21754267732879,9.810030002331484
2.156415912417771,1.7876033710078842,1.870940736106471,2.435186757621598,4.256216013277119
1.4659208197678373,3.842206840035342,3.5118361054082308,3.0983818600444955,10.438952955821057
2.314411253685258,3.294755298763623,1.2030555845218704,3.011933557883043,3.050521912951906
3.0176080828946934,1.440680689887725,3.6985995314954505,3.5842222648302497,12.913656236978364
3.3616436796465954,1.5859560409832958,2.8641413262628608,1.1473062461583692,2.880024865536362
2.559330831756056,3.851029404655551,4.282675280140524,4.002829619656849,16.370459030966693
4.193522851562883,1.692625444056474,2.061982191510701,2.6956897900306127,5.012738276328365
2.067422821791254,2.470481158447732,1.507717190995685,2.566444919860156,3.4772492011968272
2.426211396677927,2.244528590416374,4.021307039034701,3.374286368046939,13.14029946637696
3.567749705725582,4.43140416100346,3.271454259730034,2.775370649631961,7.87940522333067
3.3476569918135386,4.010735601889389,4.807947346375345,1.7583048305878717,7.430349628575963
4.310609078213387,2.4149743624136786,3.284857135496508,4.151150448535608,12.824305273246004
3.325357018704428,4.595352418029531,3.736975480098317,2.028348801236554,6.428769658745317
4.941301471930203,2.507031788462426,1.843142350273847,4.398025762393045,7.160304261704198
4.18743175150717,3.219159061565198,4.844623205843533,2.343796947725862,10.31586795861772
4.989619260708654,1.8975407271146647,2.7146677304893165,3.743441006976595,9.427372096285668
4.0761203210683945,4.440944008165678,4.542277473696927,2.5750746959834885,10.315281232632373
4.521815234067317,2.564911782155716,1.546928342154477,4.716247140878652,6.411629943621101
3.823618379549051,1.3057019385690367,3.534216777410043,4.774766127407972,16.48088526092173
1.3908142871660014,2.3087397031170287,3.9291010736534018,3.6275404893073513,13.998974705786315
1.1873618724556223,3.012521505994447,1.1180174736296404,2.2827574389459824,2.278091279343263
2.2007239935429275,4.412808258494088,2.6626268158941286,3.369102967038097,8.220038385937226
1.1892647903666465,4.940583397754299,2.647898207662811,4.22912562965522,10.73723070085007
2.655768014247471,1.8916447171334707,2.859373793992075,2.3030016179749357,6.193451697928103
4.893739811427526,2.7785672758560187,4.488726617364385,1.3293055427458895,4.950093328479724
1.7569043971318363,2.099042941859643,2.9600329863753774,3.0860199255858234,8.844396044105906
2.392772109650849,4.544854169631727,1.9164215857846745,1.5388406325733404,2.167844347574757
3.520837284781232,3.722193288148499,4.867663377509757,1.2371917352723345,5.039430543392999
1.8997774941452652,2.6949658807183745,2.378269119970564,2.979740249784204,6.68700678869068
2.035207373064276,3.8012724595871688,3.030771283582899,1.2485472486194924,3.2017479097593866
1.818987020305649,4.774236455625114,2.9599515838877912,1.273011594459155,3.119133956200463
3.915078299641661,1.8023344356878983,4.965070441136307,3.457428048397443,16.61097495985471
2.6410399408389367,2.8401208131359503,2.299322399394128,4.581001376221628,9.947571343648397
1.3168140085667717,3.537293682695326,1.0486945931377485,3.88517371395598,3.714926589839932
2.089589057174439,4.055399754564101,3.045299091421217,3.4108183326353423,9.727202414906197
3.481722136712608,3.562421578487219,1.650447371032218,4.166894457203587,5.937366843568098
1.6803093409686896,1.6310114632571406,2.55814004211028,4.147134261960328,10.39235429493412
3.0969558161728696,2.0732653016832723,4.974050533198023,1.339868940922563,6.166676486598933
4.126151637934079,3.004528857513089,1.8981802052201884,2.5573503508281514,3.9344257961067712
4.160118111727213,2.26654718109689,1.9324691369264904,2.4235412084063985,3.973077549083154
1.8712944035561323,1.064875252433272,4.682546391475176,1.8492422387344272,8.501556889195182
1.2709773889766829,3.6912381480481504,2.556869995249026,4.864639462643313,12.068649569850344
3.1450409291999883,2.261141201541706,3.651705658490786,1.98225859425098,6.6874603964715735
4.1628610802129,4.026273918152008,1.4100551285175054,1.4101238735822168,0.9442225802880037
1.6709391400278737,2.832338593459588,3.0821107837440085,3.7459612352121057,11.172948729733394
1.0706678023133076,1.4772240456370729,3.790355451101325,1.0674633200653356,3.921509363509576
1.3401848309151374,2.918077997988484,2.745415526865034,1.7138876321135847,4.4009840848073365
3.7095448853282234,4.127358309371712,1.3066406328789777,1.241531459217295,0.6979895985568461
1.267476271513141,2.8259646204337128,2.9113195046709217,1.2221699775646884,3.280701178594879
1.0452731823317256,2.594569591765773,4.246384046238916,1.0650789731212855,4.310349826501136
3.0566594264907114,4.6265845602417786,4.804848015782518,1.278932530492352,5.088245640859123
4.797411795688507,3.89037888206948,2.2130602423203336,2.0886802357329857,3.2951482349132326
4.006745906910931,3.392170833026277,4.895478006087529,2.805871224140976,12.682874661665538
1.99644685213695,4.73593080670511,1.5151513896118622,4.595369945889903,6.237354832222408
4.482766271413912,1.3158989388559856,4.475949686106119,2.074550656231615,8.824076252442612
4.28925231438593,4.499318372937864,3.946347007807528,2.712308101634646,9.24131390914384
1.1202585491838994,3.127006103526522,1.3705837088218331,3.670931438701892,4.757701874466142
3.019012063243638,3.841007464392928,3.965546604324234,3.268864811190763,12.06194090523308
1.652605863111602,2.1103036719747696,3.395585393932927,2.046834830661054,6.67636955437279
2.4085270895452995,2.767008245296166,2.4905856611344435,4.821530784972877,11.48590440489676
4.217707625802037,2.33242304972391,2.1537741234882404,1.300459637425088,2.090611546414604
3.815143462416992,2.273584403012739,1.7146538537000475,1.2685630952142,1.5574174248369743
1.8619219092106087,4.872296520027037,1.4105119623062388,4.89412592921544,6.206456127389533
1.3255935971735036,4.6043761594967485,2.9746657080839363,4.031133523373724,11.512128098918632
1.491230739898532,4.526044669014006,3.5005572308338744,2.294927030057183,7.508391111356477
3.661037137994223,4.72291295667203,3.862200834009849,1.6225387711062391,4.990999891753938
1.8059363104160373,2.8674225619912024,1.6469963759501731,2.457946175154586,3.650118622918939
2.5325673340471946,4.582622743486839,4.902792801435805,3.657049449900483,17.022050146147865
4.063657401746395,3.1221482648471857,3.73412703790897,3.2127171688049696,11.015377131671228
3.8892349360689407,2.2860037719260617,4.273460981950592,1.9354844209202229,7.583872542914057
3.024826333701646,1.943963763038166,2.6879345543126503,3.4066089442620755,8.696783494305826
2.745521382910774,4.995870625282418,4.8518759816592265,2.514257843755304,11.13989836390146
1.285895826281175,4.23794614069266,2.470102097315946,4.686835788058373,11.148715270839894
1.212178333048887,2.2029034837623813,2.61943333089097,1.9433723445052795,4.880994067186216
3.234898351702973,1.7501209467347474,1.7067189478542906,3.575761809454088,5.663377747188255
2.927396081066448,4.009438940123632,1.233516119100992,3.7547091533122265,3.760093486231855
2.2431863293289864,2.378089851223156,4.696062766449872,2.9101287600390253,13.246036536358774
1.1738687596997472,3.1002517181476885,1.0785488312926694,4.142693616764558,4.184747265535335
2.1326711517723664,1.434805236894395,4.855581417727439,4.548763860062332,21.844283635912547
3.874838533045751,4.545133077526239,1.3797624384018905,1.9492232207593985,1.5271186501908136
3.845623875820992,4.556737912009072,3.126892133010029,3.87801042040448,10.785051210137484
3.671394519181399,4.089617631446339,4.976163018755054,4.091486635450497,19.18844804062025
2.331113871247164,1.5500780683378663,4.806795516277413,1.91943803722416,8.941787240420043
2.318679651734996,4.172641950831575,1.3533427988441131,4.169290398054656,4.907540237844311
2.474060732020781,1.5129319173670908,1.3147007470421437,3.818680085102,4.728445757710217
4.219910551149467,3.7112558238032674,2.529917330344124,2.744292163602487,5.770967596325264
4.360658922474288,4.070602178093365,2.4948966252497566,2.4245855195665933,4.746100889878856
3.629640477211068,2.597765960599645,3.75509774621608,1.0576306954028096,3.2683152354953737
4.044519307269299,3.821732629068649,2.814439223541213,2.647818829150399,6.289643694536261
4.228075974441858,1.6032536840650105,1.3185552908397198,2.2119195864197825,2.4102894607919345
1.982586217456304,4.022509421619603,3.346803739451504,4.29084905955575,13.735348915442488
2.4102261727541823,2.144957676801323,2.0082736269460546,4.568910347012489,8.770367685275124
2.525506879311379,2.9804760219978195,1.0792479446473977,3.9796512916048896,3.723843775436581
1.7917426252140958,3.5929393620239267,1.909187823740587,2.8345557060596374,4.915564886558254
2.32475469412246,2.917799752714348,2.237706050140242,3.7173359559102943,7.790190344617173
3.667218287335015,4.212655286946571,3.267911759648989,1.6273499792554058,4.183060969705473
4.877024531906425,3.346700517790812,3.705785134200372,1.022384573921106,2.6371540864924934
4.5259457637128815,3.008577697114011,4.489054893310403,4.38216382640009,18.608086194295
3.994999710708077,1.1009802794805204,3.018430845664383,1.7876721261947417,5.053515773675243
2.726165279249507,4.988581779488218,3.8794411875941335,3.864257010626721,13.934961630712705
3.805029745882001,3.4845538040911297,1.055587796883244,4.632152973603322,3.9101967166684335
2.6023174328273417,4.730701127125943,2.1426729942029787,4.849201089069408,9.441362392488829
4.546087894111963,1.0209956135619458,1.728576850685605,1.1855585353594038,1.7021101334436803
3.3038475156744287,2.185980106789975,1.2596023863912675,2.9947122936757813,3.2265695469268105
1.9195341469811908,3.9469875897220543,4.942245187099953,3.046883819797446,14.463583480673073
2.798020571617229,2.8844580430698388,4.599095540163303,2.8654527808062165,12.54667109441182
3.6293946889828224,3.258459713434158,1.09958907261756,1.6643968310065076,1.0475880360109862
4.049712980200309,2.1520575731449423,3.8313770828708793,2.7150892438667804,9.724403942056895
4.010375066532122,4.033337822470494,1.0994519029352037,1.8211593609998529,0.9836089856014856
3.825711453682848,1.4835361528512865,3.0580396192786683,2.977666577709195,8.661639984928911
3.955524396215985,1.9449770374448607,1.142556951066723,3.372686724734195,3.273632768786608
4.911698313091058,2.9160802105471624,3.211888838018836,2.762703067827893,7.782461650445179
1.950700171178836,3.86434068150604,3.8276740904646154,1.1678292654155285,3.8970026030752782
3.595898370347555,2.682026565385629,4.962738037246009,4.190498052252773,20.03831550560662
3.101556899125773,3.1850727893812603,3.91841520435231,1.5646643742108624,5.378446113955924
3.122132799790376,2.0098548370136027,2.8741668583900544,3.922283937164639,10.781319151151974
2.0280551415827066,4.81419711015333,3.4558965163223414,2.9361421658944247,9.38987476077842
4.410314561229093,1.0031775727124286,1.4348992383401988,3.4146473347998705,4.556028156401784
2.447457953895212,4.143434342520182,3.4147304271561127,1.7593417939836318,5.236781849516679
4.8514349968278925,3.877260044088387,2.493190411444689,4.737589288645348,10.378002394214803
4.609012071560841,3.6793584506478823,1.7016384313261828,4.154904552509098,5.806306111242004
4.951584844301637,2.251225802622612,3.812140495808084,1.5732329462681165,5.153994956875116
2.6091709709230377,1.265507204329067,2.394834082028595,3.3565933645942088,7.778588155041499
4.199497154818083,1.7975141990043473,2.742594994027701,4.158172133777457,10.814024314288602
3.961273368905045,4.947800861832965,3.6306609826883136,2.942532731686924,9.199445941348792
3.1491508622104103,1.162301927855768,2.7442911136930515,2.1901357505275296,5.723800027139741
2.9570003803599194,1.630794532882418,2.461299358979373,4.826943198623603,11.50094030217017
3.766603405211404,1.4698178635470538,3.426812384380101,1.0892079306098954,3.309270120039065
1.735488649731593,1.8809116992955104,2.2536639430699994,2.7357920104979017,5.909438669285409
4.621432211392357,4.996940769720835,4.835323606807897,1.5813346801284642,5.955238210308322
3.5420006147567737,2.192123217345636,2.3634506579619696,3.217593992731292,7.003472192745286
3.0129252969426106,1.2380419716248312,3.0136917140809336,3.93801453035673,11.573602248431376
2.2685658538155997,1.9817688808075995,3.2502328308602952,1.4032093660143858,4.212345771185135
2.9151451265933086,3.172821178223268,4.010979996672652,3.0091475468327347,11.348557788501267
3.946322239022133,4.23107889722494,3.705622917226589,3.837661462318197,12.93356384778734
3.589393680230037,2.692110726728091,3.530148249557363,2.1139553319913125,6.720008149188194
4.038637293684015,4.328079184498101,2.1746563157606595,2.330110304872694,3.802854105096657
2.400138678163356,4.953438886815772,1.064135147338777,4.496276674205389,3.900750770469006
3.923127089550015,4.060760119822422,1.4189342440920334,1.9497432778063957,1.689802501667442
4.569568150284836,2.739832881194987,2.471503462629065,1.456964715848552,2.696015095874733
1.2435314290218842,1.000391701632124,4.644787341027259,3.788923669567211,17.49993447024263
1.8286905738290853,3.015190044341779,2.9771129486605186,2.044292917775115,5.6578536610787085
1.1510744024266342,3.486643636493488,1.7195360346227289,4.330844620950674,7.132233288489201
1.777720458704242,2.535255501946064,4.525554566429038,2.6651537456715824,11.706199739124306
3.722039727177858,3.219190159677029,2.817150933618266,4.923230655210087,12.937833506750556
3.039506645444195,2.9518664731602,1.0503052884046613,2.629895524526115,2.109452820121524
3.919881350911106,4.359000696523196,1.980766497785548,4.687944134095808,7.992275063429207
1.6188889996637887,1.7038459310510894,2.065130051896796,3.785243459349182,7.599572925357373
4.507488900388994,3.018532042563613,3.435765390152708,4.954156102085651,15.961538443952026
4.127682093408708,4.3837732598966594,4.796711947141157,2.8463750529094467,12.263884649466457
2.8079037703699625,4.220503713850187,2.097267390855251,1.7497852898247164,2.8071418173485125
2.045969197999108,3.0285837492112853,3.611104123003152,3.6655602603885615,12.749749112123585
1.8595554287079852,3.327145927840612,1.0274815780676212,1.689567418128997,1.289949737993894
3.1221222948678062,3.893442644476429,4.562800505150036,1.632339885854107,6.5225439298568695
1.990516511793396,1.0831840906538126,3.6130690079229097,1.652431305187561,5.800415189878088
1.148549001036514,2.6957013721168703,2.059759019234056,3.109431309335074,6.16145486977504
2.302918238949923,2.2453160648366097,3.1311991074469043,1.1697157592800789,3.266531643813078
2.408318887792632,4.560045690512752,2.9534168235021427,2.647099002378042,6.976599779304133
4.961551824033322,2.456337672942257,3.771982756585088,2.7150082088088348,9.301730239990963
3.461111071727696,3.089233494023339,1.3684071316274355,3.996074276089069,4.661459690947447
1.2701336352817345,2.020580815231276,3.561647870541972,2.957886995153547,10.332043359970235
2.805005487655489,3.607729956249956,3.2571202580984324,2.475537075507141,7.284613480501909
4.611539070829104,1.0351878006522797,4.47558336286083,2.980071385248497,12.96127679084847
3.9606746349472832,4.9841427776702485,4.793638794780334,1.959975527628564,7.911898760313249
2.6336273764563467,3.2528362392121664,1.3454114521539275,4.858125468301322,5.8781405686427775
2.1090234159806163,2.072309039723045,2.508147922000741,2.3915162371141667,5.657199883138596
1.9051528964647124,2.0684205976516545,1.6563300937759355,1.6309245766599227,2.399885335207605
3.23908087998798,3.9150831819320855,1.3693658468668812,4.117019007775369,4.688645393135256
1.330835705310804,4.924067483350086,4.01188436782488,4.050288776441255,15.733387292521556
2.5569404520224834,1.224786931207277,2.9197318578249645,3.840320180905543,10.965338107912528
4.064572427577895,1.8325681406193923,1.3715118606961938,1.1037603039911597,0.9976630132057288
2.721075501377531,3.163239885356561,3.7184213709445504,1.7783890619590053,5.951476051514281
4.94054011262071,4.806459872047409,4.097999419535867,3.6569310629130833,13.175757567465396
2.912757239408503,3.242043406345444,1.027525513422038,1.0278966974330324,0.4772013760409154
2.4361235750515005,1.0978114591197197,4.658841245196907,1.5412431835901756,6.969687487229587
2.02628506822608,1.5282225310403077,3.379586091475798,3.567124601500252,11.810662894254364
1.4767911192051066,1.581390952009257,3.615138026017974,3.034242435852209,10.784410770684111
2.229958690075889,3.903729501610945,4.036466769898398,2.5722175696503355,9.705338373505558
2.491945292681032,1.7422385392117166,1.9424826169994296,3.989010010846748,7.408226173038087
1.5026321073946995,2.558337283084672,1.098205914370526,1.290439418822654,1.133197197169345
4.43548391243348,2.471459538869047,2.1258147067890456,4.209657699800456,8.104941554534733
3.00490473665024,3.420709147765094,3.1963525190547006,4.619278863336458,13.961976371099295
4.947830950202046,3.4454649691020527,2.499661373203399,1.8458007532876657,3.389472830091168
3.3605827655415776,4.101979882663547,1.1772743187885912,3.95430820008399,3.644173593863335
3.4417969558599117,3.021657200809864,2.965134672916029,1.384479379565728,3.333032148768695
2.3407230505120418,3.6384886957201767,1.451826835309792,3.640219152722746,4.636169823964617
3.1710610209117123,3.1310661681493444,1.478624712520082,4.986196127566263,6.610806723909526
2.037809533864735,1.1505630948720142,4.495896001586691,2.2534881978708365,9.946014292152771
4.510802428149626,4.642608544574983,3.2857021518593625,1.6657838781422831,3.9748698592038783
3.406645723961501,2.999436966893486,3.295498567426116,3.9653723135447536,12.27161534019983
4.1205905568213375,4.718063269333079,4.140293351573745,3.438075885997218,12.743564394142462
1.931926621890548,3.428043519173721,2.686629269056368,3.472430110881981,8.812034380563343
1.1262429098084534,3.110501348369948,1.9068128902958577,4.805849568037187,8.887908385933569
1.274157385584159,1.2554522049787824,3.7331324352744857,4.190300205640948,15.515995301118265
4.402013833931919,4.214542155974867,2.445549984223813,4.284313894802783,9.070396628956503
1.3237329863027203,1.3237635257010614,1.387940600783517,4.99497197598889,6.79421494984368
4.7869207223317325,4.920745708104708,1.3880996437388533,3.78310869525738,3.598025542484045
1.2351742254306162,1.5182607764758953,1.9213444248587852,1.787732343994139,3.287777576159206
3.859149112112658,1.9485422007748945,4.614110194930227,4.9805059432102485,22.387397095738315
2.025621404442637,2.2086940884319963,2.923573336813501,1.5375014340907671,4.148366179534628
1.7999962732810189,2.6123972253835963,1.9453850170497216,2.8012621511748,5.0838980439360855
4.11126736868566,2.899949967798614,2.616521213983904,2.7039058692215305,6.168427035755151
3.570404225511957,1.599160091767109,1.7462020228205786,2.0678143261470416,3.1754998762138005
4.911899467567121,2.6359226487909737,1.537251921497067,1.4051121308184058,1.2910788733263967
4.057201445514687,4.474195402069531,4.036296170640236,1.4942130692766646,4.701431985724291
3.144432757950751,4.913313584306337,1.580213753609184,2.0470929918943024,2.1596801162322943
4.11437237407702,2.045775802188753,2.065481546183133,3.221703643074971,6.007017779520894
4.686673551920817,4.236593607099654,2.246387686714696,2.7245010765467312,4.675604609811157
4.157344524830654,3.820988852202971,3.077283700457998,4.2168075679699655,11.753233750414754
1.430392802719627,2.446536114351127,2.9021714670051195,2.761648571199664,7.739520839284827
2.3934389053133907,1.3493545464289691,1.7702372935804882,4.403960826744498,7.541876379404505
2.31285461836792,4.231567591697367,2.176800147952896,3.624516058697454,7.136632217336962
2.9443845229658474,4.174259593708023,2.835725180776419,4.803046702900657,12.665466873944172
1.268047272590472,3.61095593456662,2.9131259793984885,3.8333419773742734,10.806596616917938
1.7265193702419577,2.7811903454728144,1.7928324497740291,4.254824799720295,7.252453782691275
2.5293197076206564,4.2212658646246375,4.0557677985037,4.453453744433162,17.22585153685783
1.004191259488353,2.2134597927374715,1.781151274157359,2.896706796416253,4.984614349950963
2.7625321072561477,3.173670495784978,3.175138480038611,3.6487164578646025,10.901497142921071
2.15578402661907,1.772043011085867,3.984467471671637,4.149439818933933,16.231173894351684
3.394982774729189,4.266925549799078,3.5842516095992893,2.8284960653852558,9.02892650196542
3.029147747486862,4.836813831501614,3.3629717516581854,2.8018364753603238,8.30461441582854
4.2558814021962,2.6553606298470664,2.144194209935477,4.157023559131465,8.044392247264419
4.497174797696985,2.6913653878577355,3.282721199714938,3.595800725340266,10.867027656187885
4.08666218525889,4.209481684942891,1.6174120208056446,2.06707545245259,2.159150352157706
4.70804828539256,3.855209329843585,2.560946566440802,2.777612444488436,5.76643833113201
2.4489396724436463,1.3441148068050617,3.661437526722133,4.501827722337236,16.22260681652204
2.78908920652096,3.778022465655309,4.314853923658779,2.2600037895175187,8.937081970111846
2.193668527407523,2.8743369002383155,1.846476778563348,2.966331457070204,4.990812290214146
3.5491730939110107,1.059053633215553,4.767083089387684,3.2358204982626524,15.128245498713262
1.6384891206209455,1.0659384640401393,2.24715078755524,3.0343108237728758,6.680513920760972
1.806374138815158,1.5618653710015202,1.2796997170601387,3.5690804625298846,4.34651641759491
3.278578944532596,2.969834663285714,2.848498649257351,1.909558472699541,4.701283517361828
2.469812048398586,1.561772445963124,3.199042881099364,1.3214061704881623,3.927709061377333
3.4449711120811317,1.5900131468546563,3.582296042166172,4.310849842356814,15.010951747647818
1.0063452499195995,1.978683082636247,4.395268438948952,2.4263844010140234,10.506937858833572
2.5621915625999403,1.2818670510998262,2.1376295099712066,1.352384876685079,2.63740670405129
4.898707909399664,3.1971260345836456,4.696953107497853,1.4883701304034096,5.818388109235511
1.646847689461287,3.3596838849944524,1.8524831385172824,2.921629127213022,4.98390964567604
2.2726298203431163,2.3588169028315065,2.1693493468948195,1.0713037830435694,1.9234827020826808
1.9925753169209897,1.6439103719800965,4.299404780574088,3.886213691379496,16.44909605524055
2.0154739282513807,3.217290961853653,4.092735050561968,1.0078229452938992,3.630238137871126
2.412677827508741,1.9640810901282828,3.8530067748128376,4.2903556758835295,16.15654339574371
4.440083975763104,4.909211426530534,2.792027613562846,3.2054157976094446,7.326817507540848
1.3451792241083664,2.000862701403836,3.64139665849685,1.2654643035507989,4.397191192557138
2.316076381537726,3.7486826155030486,2.332162383171775,4.029422663925594,8.723284011385466
3.423221318782259,2.015061628170207,2.3182456874894664,2.2457045780839047,4.676447841962148
4.443116987445348,2.585032417164172,2.4604277833720865,3.795091132224999,8.453355296010088
4.671509830925099,4.840629577549756,3.0982387717651685,1.600601821316764,3.3753305639394915
2.199993882449271,2.355897889448608,1.5220835321330073,4.229300958613512,6.033708623441282
1.120422434394159,2.823477301990573,2.1236122424638406,3.9191208531442023,8.073488755797333
4.084875691314689,4.806027919638976,2.1078271055849025,4.108287824342717,7.191039445062079
1.7751782098216389,3.162581320253412,1.4767079829475138,4.034238932195015,5.521797015422821
2.9329966593308985,3.489024180801222,4.674035312621884,1.3340408062546811,5.456424790858666
2.112855824892037,2.556846760640951,4.227228280616544,3.52230248180618,14.463816535722854
4.120412354936833,4.415548588222393,4.746618302078751,4.002681455921568,17.588140619082388
4.10759288576673,1.906928003123142,3.8984349195024,1.8697248160025184,6.683438591741591
3.822216230048087,1.1240826001425024,1.5581187396616838,2.397044944456845,3.403404271861555
2.4815014962354254,1.2971806040648866,2.926139045322776,3.494525077814773,9.971448812923974
2.337010185102612,2.107484914054375,1.690101071107179,4.073706914625781,6.500475912821376
3.9499225955148622,3.3019084689264124,4.106814215745596,4.620973990332193,17.958526293244958
4.963184975363663,1.1243317331054097,2.415528569069911,2.1714204509587764,4.813590443072094
4.6738128588208285,4.81739713002608,3.0823608790716808,1.15151788511952,2.054147224065244
2.9658738763611576,4.736722165595909,4.402019524799991,3.9043942211618554,16.09350601018578
2.3099099917207875,1.7407787971996949,2.10425372715376,2.239824035629373,4.400412898204004
3.182020421239601,1.587319368705927,2.370062867399139,3.9381388718479458,8.937469083423116
4.262422091590032,1.5278584304470355,2.782077648726825,2.665177927775299,6.9085632396662495
4.985304338029662,3.967757486193761,1.66727776127219,4.462624375881969,5.977027001165194
4.0228729097201885,1.5270564275605762,2.9666206234307437,4.403219999742615,12.579924342894556
1.6528123812935651,3.164836073440885,4.862543004534216,4.83113387404566,23.07779459397296
1.72806365550979,1.3182139025802542,1.7476489822141237,1.5632268904739717,2.554705957499652
3.40576214888741,2.621694775882352,2.931918418533709,4.294404716222616,11.89367050612428
4.519173099309144,1.2319582165964138,1.892500101005651,2.4961653415619094,4.29479316584353
1.481477175678902,2.4477288216776785,2.4304926306775565,2.876205723168504,6.705998855767519
3.0571927478290104,3.965431740920466,4.549502118283997,2.218904087616904,9.160896831018352
4.089722104261254,4.304428833899616,2.259565514666322,3.0983027230330107,5.693133398967469
3.179396264383743,4.837654684131161,4.455618078754947,3.385257054751241,13.892538041632044
4.767876645065175,4.784181752173955,2.3933314070811065,3.532819485569885,6.769514705303089
4.171376859362631,3.36473310673478,1.601774040932094,3.8062977724784055,5.047966517297468
4.785918532936169,4.871849655699043,1.5432940627836151,4.015270020056137,4.525383096320489
1.4340317123782325,3.1438063721272744,2.0231216458211803,1.1356705313617872,1.9574817882144293
1.9843238100005007,1.6572188143650903,1.2093695121946038,1.9718876574824529,2.13261790504928
1.5971941424793292,4.1665021022124336,4.43460903246716,1.52298599913136,6.2381175495698935
3.586837683199742,4.49475138121586,2.9392238523185648,1.6435152663680177,3.660761473613725
2.616725750795294,2.884482469836646,4.874230652423773,2.1126794279627226,9.708719499591782
3.503329422079632,4.880437658074921,4.349110143409861,4.668183329984966,18.972230370657776
1.0317450260288816,3.273256720481211,4.531185615336362,4.408668029361687,19.70895194444102
1.5402703149218238,1.5988850150260163,1.5867592677578966,2.7899285827606,4.233859914298917
4.479281539459365,1.1001287194280724,2.054665337013511,1.670186053087705,3.054456405264314
3.755921661869419,3.784341648584369,3.71211165399598,4.456839994891944,15.438966626222498
2.434942876002046,3.5088081699195226,2.223712461874706,2.6552700942783694,5.250740013070419
4.432262263927715,1.5424050598607977,2.910053223280232,3.843424398824131,10.64936960437676
3.0889606300433874,1.6198928270544442,3.1243833624122352,1.91281489358984,5.587019236928993
3.236894419098572,4.533668924531977,1.9810104353309583,3.2528944042856875,5.346607605292411
1.6999801992623231,1.564919522037775,2.171923507921115,1.2507990977883066,2.510434418439226
3.639466577602629,4.292935912963849,3.417817761244125,2.750507358078768,8.212163678342488
2.2276896338502628,3.874273313913695,3.562385510828604,1.3968823939284605,4.320983140697723
1.9145705542205125,4.334899043016461,2.022290101677032,1.6582549909527406,2.7362676825850585
3.2278045065100054,3.2526405449747084,4.738092912390655,2.219572250106172,9.703179760946377
3.311371214621979,1.1645933792929597,1.929736593871722,4.469918258130887,8.32252125333248
3.9465494282102975,3.1921537150299537,3.975047027891858,2.7451475126818745,9.940257903061864
1.7240200327173731,4.679850956638331,2.7375025422245534,2.2855446647868227,5.636586982562484
3.789672858795528,2.196914197729289,2.5593407724164505,1.7544286686651915,3.860190067500115
4.374930878258061,3.6140454439916954,3.567411449844309,4.362588948006923,14.338826897253648
1.1091239372662365,3.193154641933712,2.0297559934091502,1.7774863678378598,3.33336724153244
2.827909162593675,4.540259744569169,3.445247531917177,3.9795356926240553,12.714126192224592
2.109070758080369,2.1010726740008256,1.2512214434532107,3.1843286300689995,3.6420656230092674
3.823158149472487,2.066697472482212,4.739692902645283,4.039008452454844,18.521776692693376
4.664416593904113,1.141789023089577,1.9382142394668291,2.8001270822461324,5.014461408555008
1.6345409815093075,1.6171255682481358,4.332865394179144,3.2531544690229777,13.88618292073103
3.32190109725537,1.3725352467047736,2.255285359823536,4.369545888838974,9.496197736254182
2.2199259363069257,2.718407676487549,3.055661632559292,3.456625475830756,10.08933148746262
3.280132099795506,4.817722494354666,2.6354363086134143,3.396509705841104,7.752553253270878
2.419307594922075,1.2494547598440433,2.655871587604183,1.5766271338646227,3.9513764264223856
4.086859305859095,1.4325089461410645,1.2454710895267571,4.894456931851401,5.641885139123819
2.297677847650525,4.237597581538385,2.032540605514296,1.7825932410878162,2.9034400616739857
4.06796554742362,4.826310245849698,1.7759693432628048,2.592243556730248,3.216776443254973
4.581119400500331,3.656862553269383,1.2557746344670426,2.2969714112127275,1.7538657752910791
1.158489700411565,3.680824312335962,1.818569022671821,1.092742386886135,1.667170604722794
2.620662907781533,4.609303982582626,1.6755745447378594,4.534279624509585,6.67676931523933
2.4477511578295514,1.993658138063284,1.1950294327709217,2.99340451219534,3.202911490224441
4.315596105102797,3.822120462758044,2.9629950632043376,2.542003190457916,6.295430635481541
3.9918820554627104,4.539773493725102,3.5632519744485904,2.969847802900885,9.205622183775104
2.35859932864752,3.67412603659276,3.8416529049049126,3.2438476579364,11.78485271546276
3.9586378530341775,3.934306612789368,3.8032087406749,3.8914699864215136,13.595273343697478
3.3877850455444998,3.699249433034831,3.595827445875232,4.180121109161182,14.0557582025105
4.548008565531591,3.4381593101368866,1.6627155005052765,2.738773872736582,3.4222453363646
4.2324439326058805,2.370837741312069,1.5002353273971183,2.182373213986703,2.540218965218066
4.937002698551353,1.0406642070193,1.2040633762551731,3.2231484297911184,3.4863717098837266
4.760418585494456,4.803714298867589,4.167565816418016,4.557998818334626,17.23408100603722
3.185434255190396,2.654267199526597,1.251167263885641,3.308657613177697,3.503244792465268
4.17344428551319,4.24730640070111,2.33828053522343,1.3665781880906462,1.9897741331266916
1.4707867159236612,3.3285086895027,3.838830012886002,3.422047725008365,12.750936670734294
4.754133966061881,1.1367311470361852,3.90381033951289,4.818020391627679,18.38186498133032
1.2522895824950453,2.0164111478792783,1.489858552927441,2.0001955358134125,2.783580118809259
4.389158302055661,4.88278683091894,1.6964895462614762,3.332811502210815,4.119070883649447
4.012720051926831,4.004144068779553,3.4186571785809474,1.8152572234448563,5.014696588895446
4.801595158973367,1.027029997603917,3.3383192410480502,4.877068450550024,15.891937290376982
2.7251044682476517,2.604355027131755,2.627254870551372,4.221207916427657,10.53500207147191
4.209054175347991,3.9142051199707786,3.0978499764840706,4.260218584149703,11.929855907340436
1.8271719426979245,4.944810930740541,2.265869721891401,1.294610666443675,2.2729424022473848
4.269583115863931,1.4971410971996266,4.629306045808214,2.9369827335936574,13.093862372455623
4.667842386488362,4.608195566106526,4.170113207785819,2.432879506703645,8.529731659618102
3.2134395428077447,1.4453209207097992,4.327856346844728,1.3188523391915408,5.346184892483524
2.8749896090314278,1.4969652717196675,3.678133970637986,1.6167940848624849,5.610876138556471
4.635321274531424,4.885989853659509,1.9166346782004795,3.414696567112687,4.907051226208295
1.7012391266357536,3.862531913870958,3.600029589886444,3.659114048072389,12.65692649449795
1.7681786393119985,1.5959878351353929,3.179549429522741,4.860299652586789,15.230083798119358
4.352758127173533,3.969883086553995,2.89090603707876,2.731652402428648,6.601510469259408
2.686586252855772,3.2836140338501822,3.5816065018212444,1.184018622810599,3.5773458656149137
1.654144275959891,4.363999910491099,4.8261123523605125,1.6349594395421576,7.329988544881836
1.4889001340720092,2.031719730043408,4.7304507757237975,4.695903982340456,21.9738881201287
4.946706758295731,2.92636656735463,1.685354006763233,2.647702490730134,3.409050871962602
3.250589118397712,1.0160830557184624,3.573439917879329,1.3436699251107904,4.543484679042895
1.1600636547602623,2.6931998736311025,4.14397403386358,3.0996485912137874,12.597844767496502
2.9937434206814277,2.324735281269567,3.437202431755325,3.4002895365194377,11.14239804157748
3.9928241484946208,2.154269884950596,1.9844831533344944,1.6309263376240084,2.6001618302803413
4.555674502968082,1.5483356720563548,2.70837923206679,2.924082002338533,7.37146344614402
2.9647772221535544,2.799882024633007,3.6562201387375577,3.969315705547257,13.86213840633602
1.868923042656653,3.4175656628315383,2.679121777180353,2.3650109658745806,5.841462892617722
1.5580414404370582,1.934365429087316,2.1666735623266407,1.2642124977160345,2.5062996438820107
4.074868547976692,1.5907855012881096,1.8020500218627884,4.926034985498905,8.371110624178701
1.062386861693586,2.3856705186560823,3.3157326557364533,2.0068056779167125,6.454379289473429
3.289661733398597,2.307356006246003,2.4976778052387387,3.4071385280146007,7.920194053517027
3.3630894916367757,2.3225530004452257,3.5524231470444234,4.814571549464667,16.48934863896333
1.141246568766082,3.712109552751146,1.0781818033241377,1.252214791960704,1.0409347523979708
3.728328183970679,1.8921530755365603,4.3101135467795135,3.7977042943772266,15.813569422943797
4.944161429341571,3.391797550950748,4.861880643355402,3.4280055562374354,15.367673788141833
2.578596848708666,3.807129321324954,3.77939235139059,1.3655220514658564,4.4189858967476185
2.226205646602516,2.430474538567701,3.322902833539565,4.811230283652409,15.56054328524884
3.162780749633769,3.7288012642416177,4.924008660412094,1.9739923787578448,8.81165386523161
1.0598689583850307,1.0054602505912018,2.3177777352457216,4.181432771762236,9.607076900993016
1.8683289271870624,2.0191217679316145,3.311762222165965,2.124657913906495,6.740433708419846
4.862368967192257,2.5849578904790467,4.684908017416253,1.408357068733856,5.6482767852418805
3.957674793161616,4.467832162170079,1.7770540109988016,4.506549631550297,6.683517648523288
3.98479233921362,3.1960708492560626,2.7264520927803804,1.4630127610177324,3.0608275328406487
1.710674187962104,4.282914494549459,3.807631212984973,4.378166041964981,16.094200273927676
3.291129194651003,2.9001499493286844,2.4109603301091824,2.115226170288947,4.377831037361339
2.166634628061426,3.195216671265229,4.67914201552803,3.63908801666544,16.482846137296075
3.3873041689858727,4.843894240253996,2.6943912535935146,1.0674494494301925,1.7653598875210743
3.795284879033396,2.548159159394453,2.6850491475137863,2.258698768480468,5.327642332364391
2.0435796644217508,1.321722677977684,1.1265948881822003,2.1642572702231453,2.229611588281057
2.962003543516873,4.560380578826768,2.286385578318612,3.1572661484236217,6.19708204278921
2.2134889371652187,4.373245425442466,4.363339971891569,1.3451912577110936,5.132866956219568
2.655042804421341,1.8599965270911287,4.431487104851838,2.904826095407448,12.483715154420944
3.3554173909535763,2.2951021095019453,3.886713381811623,1.3039379612734172,4.4798820613015895
3.9521908497871703,2.9840440527918743,3.185360247859308,3.317196569661478,9.655738979926808
3.1464624384589466,2.443519570002729,1.8597032205441395,1.547034841255662,2.308438920800114
2.064631137283711,2.3612780676749203,2.293439665874167,1.4530582151996256,2.959588756894503
3.533211800228708,2.2212706079537416,2.033163801364888,3.531173019423673,6.573012209087693
3.584209487288328,3.2667984375398587,3.0862035008471835,1.2192951384009123,2.907821984480897
2.972417253140073,4.0601597534519485,2.9886130256634127,3.14457557060894,8.47023088327057
1.244231535810124,3.459594326059863,3.159933275990088,3.43606179440457,10.518783885792288
2.3934060709809217,2.2163105286437297,2.346175371427823,3.467765896928234,7.721164795516288
4.240712690723671,1.4014906022307816,1.5435638963534304,3.026920492771676,4.215238479708955
2.287113046038174,1.929112069439221,3.2345231245248343,4.024536244398433,12.669508466830957
2.769569153798688,3.503398779088642,4.649955516274204,3.1254801950923525,13.774882686141844
3.679660733865163,1.0666259285739383,3.54040249735946,2.9282992604360394,10.058166844913462
1.158579445782785,2.0326687617335857,1.75853332180347,4.932189860632404,8.487364326065986
4.102874673280836,3.719044190860255,1.7710361556433725,1.5027237053264346,1.6292785148059132
2.502279449439625,3.025201208656485,4.125781556576747,1.5825970207190587,5.945570875348747
2.9140196162668976,3.906704931038045,2.5160898301628567,1.6533162863229398,3.319521494368669
1.821750201403665,2.328790109225388,2.1659122977340277,1.0449573319470802,1.9424421604128264
1.065923625470398,3.132672915916516,1.390000607592822,3.331549631315353,4.370213124332189
1.8135466263246915,1.1234654508787858,2.0873545705539045,3.2494262552685558,6.621860933888624
3.1430742322714056,4.056140097354479,2.0026446166032805,1.2213616624955614,1.5701212643899525
2.145742618769713,2.870336364528202,2.581490750405921,4.5833245980748885,11.348458896938098
3.6514372218349616,3.814103865473177,4.798174901414567,3.692860416535079,16.633818237392127
1.8595068845476392,2.003361211662418,4.35307567992716,1.446436483256925,6.00465210847111
2.33184351004737,3.964345914374929,2.187140372212779,4.1951372370779545,8.459372560953776
2.0138639824568907,4.300748018338649,1.0260363336701563,2.297796649727036,1.735176561416325
3.636211619372214,3.290531231572906,2.6748440163277416,2.732716027615296,6.398735040931036
3.278803073492736,2.1613904678942486,4.642644445682517,4.753420650588308,21.50929803422909
2.192649985111124,1.9217351568034975,3.878849422464831,4.832483038608531,18.411158454841438
4.849599448982206,3.927570703031559,3.4181329488161265,4.59974062155595,14.255478778408351
1.8346716613731529,4.5870051035750254,1.129830949475703,3.2476725162175213,3.040277294829674
1.8893978230547703,3.5606409441524844,4.64603954409953,1.6888128059253045,7.323108276034954
3.62965953032036,4.578966130902051,3.939722705728408,1.4902841899611468,4.64769706616578
4.037689012806384,3.712491638126693,1.3672604899887988,2.7130732124714063,2.6436100847668302
4.903879970730604,1.3309460907106692,1.539648376980287,2.3293762646088374,3.092071712153071
1.9271737336298185,4.611606272501838,1.2927377546743757,4.423818627192417,5.040727477744347
2.9954783341757305,4.970197348262556,2.229115003121669,4.665191229530849,9.2594422021492
2.6689165342450107,3.3422942207375685,4.1628507471644935,3.22860576446653,12.74284352685607
4.414175064327404,3.2825988247557936,2.322133776482465,3.3770597792186403,6.745343963446194
4.107035214110793,2.9981424971561377,1.1840670997921183,3.277879604280286,2.983467235395856
4.186889730296027,4.327465113909513,1.9349059077598143,3.3589439617072605,5.163680353014053
1.2141137925000036,2.4603868572020438,2.672024461206483,3.565049991448975,9.29016503087105
2.738013380694279,2.9288702797126365,4.957557185325481,1.6809278694006378,7.711424886981375
1.6742741049363636,1.9321895311145023,4.338969537771048,1.636808267247197,6.847737110657297
3.676813281847181,1.7216392825662337,4.315458065776069,1.0377094731255334,3.993326680459616
4.453354717935635,2.412272039069412,4.874004658396284,4.260418125492475,19.92215066762398
1.0813179407067768,1.2755202749910604,4.602458766390809,4.123397591502957,18.868222314834103
2.089457584596847,4.238229484168087,1.7486038645712632,4.360331737426074,6.941485470096134
2.097452862507913,1.1678831957000164,2.90798472453196,3.525436571684036,10.05821977335886
4.579013458546433,1.9458051301579848,4.802194006350144,4.4390391661269,20.615962851015883
1.5505326504071504,3.2718355393574354,1.2919800539058417,4.16610986791553,4.988916495952798
4.894497947119078,3.2715017692941206,2.142842673831989,1.1982026222490632,1.5007444313863778
3.8379458387626046,1.0684267487467425,2.773995431023427,1.105994009573259,2.753269882850415
1.1384543463961505,2.6179327249255167,3.621107147809916,2.722463942101205,9.623063088560333
2.238203897225856,4.55978856117523,3.881053520750063,3.231174822878684,11.745743063187428
2.2653627003537005,2.06027904941201,1.2316545754619832,3.737935080999645,4.242417937850778
3.893952269867055,4.779664644254865,1.0549049095053036,1.2138827638947145,0.3252623394073953
2.07531207477805,4.231393183452315,3.72733375145432,1.1113835982447324,3.48291113035402
3.7262988342666503,2.610238762961351,2.788240618738653,2.250343593259889,5.532281538716259
1.2324038591677913,1.6706411114850508,1.4801031505607387,1.074610269168855,1.4323135049645608
4.788908493115022,2.0875342065633045,3.587686802751375,2.483556806664972,8.138350732047275
2.6358968693434885,1.1041374279635838,2.5693131237136946,3.9224119802354935,9.848077003647749
3.391347386894841,3.670024778344274,3.80557550864758,4.676999847676584,16.82659678675678
1.6995021342093062,2.868353342786744,1.0849331590872635,2.2480469226627577,2.071590420621347
3.059675177974087,2.905363883549379,2.437707633312736,4.080547156948185,9.256542911662743
1.7457752443506425,1.8342419864005843,1.7263904499313805,2.359354926321624,3.823659436232874
2.174183705385454,3.638774263978413,4.282351305212499,1.4484589651686086,5.5945288930305495
2.327103264761345,2.4523133924070537,1.6455553007182502,4.616670351480828,7.151901580042703
4.710821426302505,2.122749461979946,4.815646286656229,1.4403503763114878,6.170856777784557
2.197156224167982,1.6825071651952803,3.078864357477145,3.115101773132892,9.299806799615864
3.7526268992425966,4.656598121942844,4.546062089741389,4.929588706015453,21.048396531865126
3.714122536989424,1.5652233526296886,4.5704245239153325,1.8858199194553331,8.164654745313463
4.9774065296108745,1.5076780765005815,2.934316067277336,4.190432079256592,11.70854287249081
1.856994480232048,4.738475079857489,3.1457005984340465,1.9516801217118367,5.465771899428773
2.23147607457703,1.844309201933053,4.046821142000182,2.4713705442473444,9.677265553610246
2.7692549883511663,3.64385175897429,2.2873699352979107,3.3728392884684486,6.93977390317127
1.9861086889761328,3.9408799177737928,1.850452901716244,3.4912809560964293,5.857600974072907
2.963174371162998,1.1196662335955274,2.116264183638736,2.130410322029701,4.249644110865466
4.749756465012263,3.2278875814376464,1.7470088778689714,2.0363574462865714,2.4758694751130035
1.8719190853860868,3.576787204862139,1.093103771845744,2.463994970228803,2.195636637700507
1.3063446414862416,4.538320409110541,4.278764332841591,2.2824798459689637,9.30200529136128
3.745589905050313,3.7675877831078655,3.3957000737602026,3.2098269793637546,9.815164946165387
4.835956474061472,1.395508033129857,1.0748889986714625,4.866167829763308,4.711919228114885
3.526551491683698,3.898255590688115,2.984904370726676,3.0687915240934758,8.109576035005983
4.620550681467607,2.0588642199367317,2.387866101077159,1.0584271741905562,1.845490932620513
4.793018451362572,3.910952962117597,3.462495819150807,4.79368534897652,15.151077517591265
1.924430103489966,2.7327675195992813,3.8028334855838177,1.6300984770402938,5.789908450094448
1.5555961591580107,3.4272727874640565,3.043371632960693,2.5603043481715675,7.3753928296410844
4.200348029821312,4.514144801947799,2.1632270305051797,1.2489213167423854,1.468055512562346
4.5728326440176215,3.772444153583351,2.2656923932419084,4.987197143697612,9.982221182202007
3.786385142092893,1.0997789670606375,3.840463398221696,1.3968736393943115,5.040087948877267
2.9124190594033617,2.3853673181930923,2.629782629063453,3.96429935765865,9.882176170776647
1.214586226026916,3.310643730427442,2.6523699173192483,1.296467758332775,3.128645713864848
3.687105991203615,3.014104375367796,2.025797124250531,4.552641622478728,8.366608406040335
1.3017707050808969,3.2102023720287,2.7337215362144414,1.4835029196148417,3.7320194526609898
3.2567009542925858,1.3769225802153264,4.984015694024453,4.973818449365988,24.43445813285917
1.2495259520942463,3.5279629220672186,1.1195416644340712,2.670190515054298,2.652299005335658
1.8346753533504665,2.104204444448509,2.078736641549503,2.70709355438083,5.32571257450434
1.771754152343115,2.044548873780338,2.594602944768257,3.8679482315057863,9.750285268271805
2.1203585440519164,1.8344887182856384,1.6735255627670904,4.620865553449017,7.427727837480894
2.636059178769357,4.656636459231796,1.4241906213999904,1.5827179530472035,1.4166345077495972
1.5706119195080728,1.8632612415562415,1.988643131591974,3.2150173434134417,6.163469105223343
3.964459231102564,3.207304074478084,1.8080151314485509,3.2475770815817526,4.917830889986084
4.772386760306708,4.814748260196979,2.132759428625388,2.7302719341058475,4.184642855458178
1.562361843122939,1.7987933763081476,1.742122871566893,3.537697377223427,5.9421665576738505
4.082970460887393,1.570700688055679,4.103937086069607,4.641692980627365,18.543432957002523
1.4790275052425206,2.325618714877129,1.468183822463217,1.2198256071826865,1.5311323214827108
1.194298059065733,2.065216939912048,2.7326361899714606,3.5382808564923693,9.473885808968134
2.791843115041395,3.646617402719173,3.6134166384809783,1.3674978672165614,4.175376228655609
1.436238724719865,1.5488347382063594,2.0579753222895567,3.871440428662127,7.791620040612484
3.2444641242833487,3.82329355076413,3.394427024456803,4.593216800870987,14.625044124411744
4.148449673904104,1.4924024183239315,4.511798442975064,1.824158889276236,7.747389152687049
1.688971128601919,4.247595126053657,2.8046806259948185,1.7090548307365905,4.24510228836451
1.9946279866655887,1.7997128533154276,2.262695779484396,3.932419693761776,8.61526245384195
3.396603523507101,4.739810448763555,1.0388006630152242,1.4515432919189908,0.5732184882410712
4.6205537364366895,1.1456625887421743,3.6756864727218095,4.475940519371246,16.0344982347404
3.865240928453292,3.94234360812152,1.373823100110219,2.409173821806629,2.2439488678120743
1.732355747965359,1.2144359048802835,4.817887674223339,1.1797618601652389,5.518185891382744
4.521443862421887,3.910652338605156,2.761095354173161,3.316112369743915,7.820994418411048
3.5614682564190145,3.816944009576519,2.5180852968250136,3.003734018511288,6.533390442188776
1.524274487369755,4.347067326926909,1.1178766320099198,4.009257768011869,3.975224892526521
4.274809110565544,2.652585130181854,2.903378832383144,1.859875216149307,4.547739027219548
3.1925339714376526,2.690516285941288,2.946984839461019,4.518679872322359,12.644638501217086
1.802897678417716,3.1644133308529225,2.03395948444103,3.7023870385899302,7.085628061138968
2.9644106112580144,3.4998282643042846,2.2026082704939407,3.994254129859683,7.997977436301242
1.1364206854401178,4.281990088787413,4.0200984694533854,1.1968710323095817,4.434687938216101
2.317397819519409,4.169396729111584,1.701587774045569,2.484854236262536,3.505812648950948
4.807013331082398,1.9272898562419103,3.6627931252823256,4.830294237190511,16.965361635432064
1.390480659301312,2.2529437747956687,4.732357400921504,3.4279130106996885,15.974096125107511
2.4505613943332047,4.602369429916124,3.354350887210817,1.3197851988198788,3.590002924006989
3.604255998939591,3.1279621959760595,4.377509010861348,2.271374030609095,9.072774562257774
4.656186781924114,2.186748114700257,3.858333524285306,3.438184426746956,12.471904037482854
2.13047991698543,3.3566317090078157,3.054923097028281,2.9572208661274524,8.476951008948253
3.243907638670703,3.558032861170012,2.1105733888910656,2.115538836547382,3.609324223701855
2.388794519625811,4.729258474964972,4.225909490116136,2.171376222289323,8.306375293321624
4.71911593676343,1.4039712440764798,3.305226997736961,1.4731494787444563,4.360868218633863
2.14462430838957,2.095015952870084,3.8383570759151455,2.9103509069371496,10.817236963509414
4.247016825479697,4.568735248337662,3.930777301050033,1.2074597513035543,3.3684479432062915
1.3119409669494928,4.286688883822443,2.892168274479174,2.3672218492556745,6.408618230016315
4.9686407330832445,4.993479276866619,1.2015433582202997,3.127014647463687,2.122495899989131
4.4120449328372215,4.31278602723087,2.978795597501392,4.732953506122175,12.638453216134018
1.8967196261186188,3.5017547092768697,3.37114519791137,4.050704228850797,13.133789173415
2.687923199839985,3.051816251071798,1.7939762556782235,4.45038715287582,7.348893942697926
2.9376991126144048,1.9956059794296603,4.733357253029753,3.3245812930072685,15.274518752616377
4.566079586862096,3.9209879933959617,1.1098786319005831,1.6374637929333349,0.7505524525160909
4.259798741753906,1.8127315347696928,4.617259234773792,4.750527186368721,21.325666442510396
1.2339927344875703,1.4895662421235447,4.706526101524929,4.4520327071523775,20.80767604687688
4.784948380546013,2.121448282077436,3.8238748756454313,4.017038809552755,14.567018800102275
4.061570913110559,3.809693424700247,3.157938559031941,2.7468950765690376,7.501379960651978
2.122577507724454,1.2649546771576323,3.892720953210549,2.874148482710821,10.975955422981588
2.7929963360106016,1.3495831021420552,1.0758485760227243,3.9252734268930327,3.9301416126240114
2.942011989188136,4.030249141417898,1.0435665557855112,3.222719806791621,2.507350347262197
3.1985017623746983,3.8088166888919135,2.975384275495674,2.575668012567403,6.73498438212119
1.7526025732121426,4.298107465846949,3.4122900831417664,4.0799691970956,13.331193833573298
3.687474840884336,2.802210757741524,4.491656994967194,2.628324349711604,11.002335964958256
1.702397440129217,1.5738376715082487,4.564375146325675,3.938744880697067,17.76554040671876
2.0340978604661557,3.904218330641426,3.4310498931283884,4.036341907208403,13.226532631817854
3.7421852036698873,3.8493025048589535,3.7254023538662775,2.128415433027546,6.838068041020104
1.4567779679888182,1.0226592697039725,1.6157776018596182,2.34890864763668,3.67799479104055
1.5032049826129792,2.979313167921025,4.650684229433037,2.757961327108524,12.47331873569916
1.6328052384710667,1.3905192965624904,2.8168988781295323,2.7337903791179534,7.521547563743985
3.785019340029312,2.6352757321393026,4.936670157792262,2.0538258421057374,9.366014571958006
3.151763684525428,3.642351511550563,1.8740561258965656,4.9855192349975095,8.459361951502421
3.337517011967676,3.0410059990250264,2.853004942585577,1.1600885917757076,2.5675120178804294
3.620547663849288,3.71852210407104,2.277996747044207,4.143379846537932,8.407748610735778
1.5286301215141602,1.9319916834780015,4.104827304536661,3.5639970177789406,14.395834517089527
3.080369784312132,3.882988069444,4.144685633590967,2.952083275841563,11.308299729300714
1.7201348541040105,1.9899726228414747,2.705011580332542,2.7316026162593343,7.119968305429159
3.0296501911136047,1.2197076398384086,1.2490709989881288,3.425359500769784,3.9911903907590296
4.436904885541844,4.046053033629383,2.475942637739774,4.082690935006674,8.747145079906918
2.9091595371542693,1.837633077186076,1.5178036331034577,4.725170348115519,6.754871749505188
2.894268192136109,3.183433827213105,2.977909398968861,3.1026552840825774,8.52560905477333
1.3089527033415278,4.90999725143358,2.93996951836375,2.6550351384265984,7.305448499540083
3.9488198316577776,4.643928085626744,4.378755811360195,2.9499948361467854,11.512919005051389
1.7235776045612805,2.576286640668004,1.7661040463866846,4.581976597957517,7.744031844866765
4.863571977361406,3.2326274586628934,2.539559958034865,1.541943014736876,2.7970784162224307
1.6375190715583732,4.299569371893245,3.517095124781911,3.878142378299285,13.08719089215671
2.3113956792851624,2.396206084994131,2.729310139551066,3.548502503871118,9.250902587798585
1.5274746644164696,4.141189116796593,4.904077791362671,1.1540858480374974,5.171269917534817
1.3344218641593102,3.6105767779398543,2.400176976590342,2.9431755221215736,6.68767039139396
1.6103836312995736,2.269395395785412,4.244903624682757,1.8368831746484904,7.510183775470945
3.0735777857978785,3.318842095326758,2.985123017144261,4.740003679037084,13.353266370333866
3.0683626770165224,3.442500045837577,3.1151738273692025,3.4900431441137023,10.053180871626989
2.8111237147689216,4.652171197972657,2.989074234354014,2.4091891288248086,6.210607826680131
3.065491302167,1.0681179923622133,2.350897129925064,1.8045760499238224,3.987144729928653
4.609927691078063,3.526034714832627,1.4250368026283304,4.549346436525562,5.27527462476788
1.933184073451848,3.3696937490496754,2.5400909344775697,1.339352739236407,2.909979941722
4.349677270625966,1.4495035117992296,2.28140259259888,4.098633660626345,8.857879607661573
1.885527134098985,2.379809081905554,1.7397107534069058,3.7097659542013943,6.103424226285699
2.3570354884315985,1.5164527057411918,3.782211451224316,4.7687170893482485,17.753355196094073
3.3809767324406974,4.215033051357102,3.0262427555203573,1.887088857868984,4.651606535171961
3.704238077482001,4.191119727603332,1.429572096707282,2.52532627470122,2.514541874074644
3.937516738852763,3.6878692436474063,4.468389587779983,4.048812600820883,16.960719510847124
4.344014735542034,4.996475520061642,1.4942994484424577,4.66047735711188,5.379147503184574
4.03651414764529,2.1092111174765096,2.705494426530619,2.1469626374537087,5.15740162328276
3.2697738838884165,4.414560552461666,1.3537065053186068,2.598514852943799,2.493107984342949
4.12823654848647,3.699653965952672,4.196735040883112,2.072962853505444,7.540810707837776
4.283307327674459,2.193734601895203,3.931905591499599,2.640656890706218,9.653012747874
2.488351328655001,4.373751965064961,4.015323767252532,1.9790913743869265,7.112055087229195
1.6650351203678817,1.1046350240771137,3.228716661975141,4.60399219818988,14.71910334137725
4.761938136244894,4.151505359743373,4.768291299427488,1.2976727252193545,4.7472510957645655
3.228208955902624,2.3508896818700578,2.0558863337608555,3.0682457306398416,5.723299651656201
2.514148533007834,4.019675358793218,3.409290931756108,2.951388242924846,9.279342852029616
4.498078654313432,4.070688574731269,3.862423434987776,2.7431978803861496,9.20501527869454
1.2045623334915017,1.3177534192335305,4.928419624165832,3.6948796739919976,18.08389495275117
1.9895699845460104,3.544780857458021,4.2240434749777815,4.5785868535905765,18.78435107793862
3.5555599754071245,4.279353633727067,1.0991569005337205,1.8196186176585052,1.0278046754516563
3.0837991142407217,2.514895260683295,4.499571805540402,4.364125697929454,19.026004375289805
2.4035960836807364,1.31215685271926,1.1232900001003614,1.7265442403163491,1.699245212135698
1.547097368162634,3.95122304270845,3.7729044282970143,4.289232399098893,15.701286547975112
1.045435295188481,3.4466146720057704,3.394537510801137,3.186636463769195,10.532955868328994
3.904588956967993,1.5535674354499278,1.9615920736509171,1.463981662079706,2.4160111084554456
4.476450799251293,4.785311105775592,3.4103010836711563,4.182833862812359,12.627914762634646
4.827164480930576,3.234068406070916,1.1643272160235538,4.7057854527943,4.330332945444987
4.767467796956282,1.2250889380553651,4.507540283139111,1.084983429944184,4.440543067259023
4.422040543105523,4.666175917941348,2.32471018597455,4.626011278230165,9.195573022516916
1.772403929675479,3.908153276863392,2.7369588350172784,3.4352736769307337,8.861752897355496
3.4749398883465403,1.5884948024617334,1.0831591498639916,4.688880057095391,4.652199227635759
2.114923398983288,3.440023347856384,2.7969352013204656,2.6036687314949982,6.718672195277436
3.142243089637687,2.269058627138652,3.3175257183052183,1.1297642820628453,3.209226742868337
3.3900063526600053,4.041858084923488,3.631948148746045,4.04315165625869,13.621130234697398
4.003219902623448,4.758946409869347,1.960967473187742,2.772118441629384,4.060204126976661
4.03975909930206,3.0183233872818613,1.1972225421436755,2.8191478531928773,2.497311202580238
4.5938240342495575,1.5560125694684483,2.3118693922291325,2.744444773776713,5.792963905001207
4.666932515955283,2.0510606694478093,2.9112306814005016,1.6720715482763402,4.145725509399305
2.225299154456403,1.942204987175148,2.755410106775892,2.122600808522405,5.511443090390423
4.8224844546978165,1.5423075586047332,1.1900353272807398,4.36534200390048,4.625492451825129
4.729814583468341,1.3490655652890426,3.393313203229812,4.563367345740904,14.982714091734884
1.9747637499383317,3.2676492178320538,2.1638333881655867,2.506844009731718,4.927086291303455
1.462551586501026,4.163585934753252,2.3657457566993063,2.1975418605377657,4.729288907707558
3.609199992031362,1.7248248133859765,2.399643163674864,3.0848671235251275,6.9182389783341325
4.60135257923586,1.5153707964714425,4.318669018252432,1.9932200617498403,8.06510256050369
2.9093296337884045,1.7245433325194996,1.123076540876896,2.515473750676513,2.4445922203234303
1.0085381857987588,3.554523606147902,1.100746716839771,2.2072169491018667,2.1554668439010487
3.123074352183898,4.48182111758815,2.05785599391292,4.706966587677468,8.615066084125411
4.195055690080991,4.144813644612465,1.9819543831783248,4.453359298638089,7.514869810798022
1.0885334502251158,2.9066378372027013,4.836318872715621,3.272253661115761,15.575216432202147
1.240830407290948,2.997701107491679,1.7947323595495934,2.16455968709986,3.5963207735403877
2.4072199308285898,4.50326414356764,1.575289697691216,1.9655302669937595,2.31333404090727
1.2370917454118922,4.286799908739381,2.903216649908801,2.582143856152081,7.0824279010659295
3.254503860052653,4.793016730221127,3.815806856746341,4.2934440624913375,15.172972168930963
1.754203398249428,1.8450694793102609,4.406062367811455,2.600042623647391,11.20031753737233
3.7911686620675615,1.0477187940966712,4.765917129574479,2.175242558231676,10.05415007437194
4.088957339596579,4.080097074184312,2.420034781355421,4.647586025142316,9.971889876901562
4.999468664899395,4.110950865315006,1.3312314264613283,3.4389851599433583,3.135689740905256
3.923240883339076,3.330081694359172,3.863357773662015,4.478311114068953,16.282480983233864
3.195925369696196,2.0766700223504952,3.971390275778327,1.2825220942745097,4.583491296779475
3.540312752168125,4.440625373455106,1.4537029736169995,2.685636557714942,2.7857894843018323
3.0872401000444327,1.809665827787628,2.223613210870039,2.863972550932486,5.93412052515766
3.083802794582578,2.003878167366535,1.5189466362864192,1.0123720209781095,1.098050392253621
2.8399383989299185,2.5332685032543725,3.226374044063547,1.2808620722011037,3.586437678738193
3.5073158371268747,1.8384545706368696,2.8952761193753096,1.6836389756534396,4.379471922466599
3.653053809938992,2.1849282840725337,1.8483989509377992,2.4019055778287526,3.834767756172252
3.9397926902673768,3.4990669895965287,4.7868038221338365,4.471621210351439,20.3264884402408
2.885550761893631,1.0112726971195394,3.7210780096603977,4.408455224357317,16.173088167953143
4.521197426810598,1.3389859819472636,2.1200645953402915,2.1621488851487816,4.119011737390622
2.325176593918421,2.627101034382733,1.7278262784820262,1.6474237577390554,2.387982139437687
3.764679164487056,1.3999331454265458,4.384790645030452,1.5484622801860095,6.378918996642626
3.95376878559593,4.967237969914164,1.2246352594414756,1.7177033384785227,0.914221058560738
1.3862378834053717,2.0336427721306687,4.342444278565566,2.326962049316857,9.88202532576344
4.249471014440458,4.358315771491339,2.729720923392205,2.953551407142081,6.678159761319084
2.386948563812412,1.0503368701032798,4.279674098117507,4.872636778664024,20.6544249714814
2.1093959411409,1.7926800889776264,4.8214332823173685,1.7025454483429878,7.911466075450339
2.949283564967136,1.763905094410655,3.5087826349696987,4.489130730728084,15.341028185513586
3.755477511980075,2.778858300483074,4.968035258966825,1.8118220957952664,8.196255927188927
1.6953147964003206,4.994706585538843,4.334507950416203,3.0455549349548217,12.538614875416332
3.525288887804638,1.7420674032175598,4.72928794806654,2.6438547668332464,12.021208587098592
2.3921827309969257,1.7343785181861056,1.5910497323337784,4.692045162511397,7.139980903797565
1.424476890029699,1.3951521144674055,2.567093235871532,2.091121274958867,5.211507025635442
4.588813718587018,4.845055391938262,3.929864170511526,2.648274410125156,8.738173145990665
4.267532283564373,1.5709526208201958,4.827174821710335,1.943176595748472,8.856670590070436
3.774231387041458,2.381559681008082,2.1191079470051477,1.868266959357593,3.286756399377789
3.315164644825689,1.1356531167698742,1.0409619794662492,4.996838490111943,4.907670369782679
3.4329071136564475,3.1056649736734068,3.768216991350573,4.035504649417865,14.374020175433856
3.8785466498364567,1.6839020186122098,3.245279047125884,4.925044668299035,15.469049413449287
2.11921848972319,1.9862008383329988,4.369288971026532,4.834252252572901,20.789058626209005
4.794551943099371,3.5149778994381293,1.2685913067272696,1.987452012851632,1.4135815739589193
2.0634326437109984,3.2496637442108494,4.709589992129581,1.3629332330167243,5.900032449954326
3.4035761366123927,3.813822819133926,4.975804692050308,3.822892902583484,18.007696564250725
2.6148274396947566,4.590618311527472,3.1332919043573493,3.983434250237527,11.550399201962351
2.232146387583531,4.730387377801385,2.437682998588292,4.569952771402242,10.3209618318744
4.255671502348777,3.218605321573805,4.2162333706784185,3.4191868995211303,13.353552347805952
3.682146267319653,2.432735076952711,3.725972573237825,2.592966459271932,8.966016820195744
3.7914939742464058,4.724315398389129,4.863056945652538,3.6787827331649288,16.502562072081723
1.7468751727047531,2.8462149400541588,3.373470132715672,1.903817435667353,6.034936290939484
2.8912756222510314,3.9389519329522495,4.40514336040921,3.684616320764933,15.341851323620162
3.308933378075438,3.337934380404484,1.908803727123744,2.27175718876175,3.516626935724461
4.154306441146046,2.4828248106188218,2.982910494329874,3.486762862495667,9.601489138178495
1.15164007754082,4.6281640077978405,4.749708147554455,2.859751944035912,13.163255394696137
2.352214229723566,4.926126033924662,2.298097957568497,3.4351495363355267,7.008090440947987
3.5644145307040187,1.9220897099210243,2.116509675019868,4.020267058814393,7.975379920381543
1.3199724752954016,3.047664126979172,1.5167823337923578,1.0648887467712012,1.316171674690572
3.416518446191095,3.266791531536237,2.547758467909651,3.104522993352016,7.054622642772964
1.7860145087870998,2.755181752739197,3.581292431246895,2.55006225263156,8.746530356479088
2.32439065649726,2.830989352393375,3.2261958288285264,2.914317573642655,8.88823288893047
2.589098606641349,2.174050290440932,4.961741316401758,3.3880205635534706,16.366531779573922
1.3944367846236023,2.2990950990752226,4.942384755506071,3.3175130336379124,16.14262818954752
2.3429993015355883,1.3665685546603714,2.847440596064988,4.542517411013176,12.681424861544867
1.9018487717925363,4.043897061380083,3.797635775672548,4.62135445099582,16.945313822608938
4.981866627910366,2.860240551478386,4.2395940868413335,2.781236628960788,10.693714238320329
1.781660246824437,3.1702717239445053,2.9052195424040117,2.948131331984775,8.123348912734766
2.480015974703403,4.252631180891453,3.872398114660218,1.3790598336651665,4.544891588488219
4.018425980144459,2.0009323453662877,3.891422476650781,1.5875307846520683,5.559977179713569
3.956790318269436,3.955388751077656,1.5558121314755429,1.2506615477498562,0.9590916572939135
1.504374383461454,4.950391787414803,4.187451797215905,1.4335709466797004,5.429865925297152
3.4262765748134747,4.016622197984013,3.4483614238968365,2.567149040749277,7.802422723001506
2.090197154744313,1.582752463236221,3.2761738855614504,2.3058648518336717,7.294208773566971
3.99505688983978,2.102314877117506,4.141001385597596,4.621620399174228,18.47755558235564
2.444900298413605,4.57996758027514,2.623265166214046,2.2951307508284144,5.173558532450828
1.270118359781919,4.385979510009279,1.5619514916173145,4.152191417089028,6.052315502531752
3.5198066460693265,1.22186657581552,1.6427526602418392,4.968174659760869,7.824023856855978
2.0267542001154704,3.7065299932447,2.547357111650208,2.965822399040621,6.972965755098796
2.1532661278153733,2.6032284802988905,1.1743233801482922,3.64340433093856,3.8479584945868495
4.679922180857048,4.967649019266504,2.549651525411453,3.2395032013278846,6.547237738927183
3.543585758889398,4.400146945953415,1.6616827251572013,4.8236222608348935,6.838458295888519
1.568727815094784,2.1390057792826616,1.2748063954306308,1.5991142714829412,1.7831829737123397
3.98293751835694,4.829788434253496,3.7834241691676898,3.435207074532757,11.52607974235712
4.721375803882567,4.040242790227243,2.548066794096472,3.615958795482837,7.778937318246215
1.8953839981930405,1.206069737236644,3.686476497049649,3.906546307805914,14.220245741517074
4.138290085896566,3.9076814782611646,1.903752896392972,1.9127603565658435,2.50490811535471
1.6460742410487912,4.690485993090364,3.842194794639312,1.5978792054370097,5.545436786955387
4.560801121589368,2.596297437983921,3.9674091526881528,2.566552308055245,9.269320599825772
2.167003638320464,2.660571072979242,2.917289420562853,3.2126611544382824,8.920946482291937
1.8449099318238464,4.409661784467124,4.046729388459273,2.5285249342648277,9.598509304952628
1.0133301861150854,4.450683673475525,1.770729218109277,3.531107349157743,5.900604838860769
2.9024873778934634,2.1839165288785303,1.6678434092549126,2.9043579533692694,4.357085934392081
3.718999276809456,1.186131804033975,3.843187749353581,3.069155146294805,11.447787559016026
4.386997081029763,1.319460523816656,4.1497410083568695,1.4659301877668636,5.634220996032774
2.2808993342887103,4.130387190417508,3.569655617931955,2.929279945188288,9.724732335869987
2.793328372730943,1.399598599979818,1.2727358722543878,3.7106923971051473,4.418449672846716
3.3371570260474943,2.9389653008735457,1.1301434240975454,2.387208481867604,1.992254615202142
4.884279950216751,2.0323551191498894,4.608863851683392,2.856452226808462,12.390861902223213
3.254742938826743,1.6499778321732397,3.2444003064560136,3.2531509307781183,10.13293983270982
1.2388808348947329,2.623907172041453,4.877187826080426,1.6843458986092767,7.958903261956981
4.801681450368303,4.636664617187574,2.119644498486468,2.772646982294492,4.282293283978052
3.0663377822060465,4.943906166213267,2.305468790178263,4.256903568196149,8.65716861627974
3.585390021471756,1.8047275443277704,3.4894078018694565,1.349010411240786,4.211089709864056
4.60055795781884,2.606435585151002,2.631184271278547,4.858761250051575,11.853810192637512
1.9905362914473936,4.341630985469951,2.290458232287412,1.6485223285469042,3.129810144014543
2.393716439775637,3.559815031019697,2.3805522469629383,4.217785409368188,9.377824327135588
3.722394051534157,2.687705231766632,4.419019440780387,4.628048182492675,19.665616299809518
1.6477047769126885,3.637902837398681,3.928905456223551,3.803653260080333,14.472266361550972
2.191911728094471,1.0377959725135053,2.461937402468472,3.3683305868583893,8.112916746886848
1.5942362244183346,2.292509660607788,4.0616323351459735,4.41267739313008,17.633406459001122
4.372540214711361,2.9729240408313835,4.4297830698800045,1.5089106614057877,5.702980026839253
3.012153469636891,2.047339149526611,3.7446906722325126,1.9812880752081243,6.939381581134942
2.241435383494164,3.1509554336145973,2.740386712856299,4.774551209222757,12.53013416556572
3.1650062768730383,3.406372362181434,3.887148367586623,1.5690335590155184,5.281301494531019
3.458065333080458,1.3149866998588688,3.690211939727083,3.868038806808917,13.915077350527913
1.9563723859833384,1.072680833905166,2.985033715177244,1.909933511796504,5.535848038474045
3.63246379655141,3.792024510140856,3.735914748353591,3.66634802993736,12.630259655571283
4.966814157781641,2.369692319626646,1.082523661679676,1.441180318385292,0.8065764765126707
2.0139910344037357,2.5067653825443803,1.5301897096202053,3.2622121016243417,4.60082181914427
3.196486125197524,1.8748772217598744,1.7393094915008305,4.291286394550829,6.997120571941065
3.1615377409408265,2.6059682939943585,1.2228482346874152,3.844594302209934,4.0761646116573536
2.773691113615309,1.0116503024953296,2.614934232008045,2.025818937264705,5.077225530460206
4.4309346095726845,3.390195666928625,1.3368172739821356,3.149045365148641,3.1268512785629152
4.561888859680231,3.810678519939396,2.8480063606676844,3.8809885942154456,9.727366339625956
4.029761383653656,1.153870893801825,3.91688869825044,1.0082160085009422,3.5905986561616348
4.510676153068649,4.226148701125789,3.8465273930569306,2.119521884223277,6.729700087945189
2.5237808129689068,1.5292685413324327,3.4785204663068594,1.6179991956645257,5.326696604807646
1.4018106266094446,2.889702563798677,1.6654810506995568,4.501888521161392,7.180075434433557
3.7886670387200647,4.883690716708177,2.317349433231984,4.406061515017203,8.808665909301853
3.7929783876300633,3.956390604576034,1.9243558930043136,3.6054498841764175,5.812367189232079
2.8025269291885384,2.8114256708493457,1.9904773403692348,3.101461712200936,5.567603104327553
4.1930260328231785,4.953506453461907,3.0127630492751383,3.712306528195425,9.612763051850973
4.74673696150716,1.512242878748808,2.701718001060053,4.54022644848655,11.704052674948048
3.32594738129227,1.3614244737578032,4.046504797932466,1.0822524136528076,4.02888878635039
1.4374758833746035,2.788788832914076,3.5932670654343384,2.09957177626454,7.229806547822078
2.46820008967418,2.1303799109098787,2.915160804239541,3.824049795206274,10.734520389691143
2.705823878833763,4.1861596754523775,3.3581307737062103,3.922903247090056,12.292798991932768
1.8290386739188724,4.59984500174305,1.4125117292174196,1.7228713761275882,1.8251566254816045
2.5029233426339754,1.7148069411882476,1.533746818776407,3.1821690172263635,4.547057321903959
2.9591196621060334,2.705323495586672,1.3459046473278231,3.458497987222511,4.046786389434882
3.656607924148032,2.679892389404526,3.593048248537672,1.964516402243808,6.307490630107726
2.9856673886906164,3.603403475444292,2.51080747464198,1.4340666640984003,2.81212705341658
2.447372875482829,2.980754924264901,3.896197297394517,4.59344487010962,17.32272461617708
2.195451912913091,3.3051569048287304,2.6608928911840275,4.272321756607077,10.80052673122629
1.6143527108042877,1.89791888938427,3.559885031203942,4.743571751955757,16.643925270839606
3.93748705607036,4.756782441126431,2.804246277549739,3.354031279633816,7.993660623980938
